fire_id,fire_name,segment_id,date,split,slope,elevation,distance_to_fire,burn_prob,prob_gradient,spread_direction,line_angle,attack_angle,attack_dot_product,dist_pred_boundary,line_type,barrier_width_m,fuel_model_group,label,outcome_str
CA-MNF-013028,August Complex,CA-MNF-013028_seg_00001,2020-08-28,train,20.4,1049.6,453.1,0.486,0.423,242.4,49.5,77.1,0.224,-421.6,Dozer Line,6.5,Brush,1,Held
CA-MNF-013028,August Complex,CA-MNF-013028_seg_00002,2020-08-28,train,32.5,1181.3,416.0,0.777,0.177,230.2,4.8,44.5,0.713,-982.8,Road as Line,9.0,Brush,1,Held
CA-MNF-013028,August Complex,CA-MNF-013028_seg_00003,2020-08-28,train,8.9,1286.1,352.8,0.567,0.219,262.5,61.2,68.8,0.362,-668.7,Dozer Line,6.5,Brush,1,Held
CA-MNF-013028,August Complex,CA-MNF-013028_seg_00004,2020-08-28,train,8.4,1298.9,4489.5,0.022,0.035,226.7,96.5,40.2,0.764,4449.5,Road as Line,9.0,Brush,1,Held
CA-MNF-013028,August Complex,CA-MNF-013028_seg_00005,2020-08-28,train,19.4,1069.8,560.0,0.723,0.18,257.8,41.0,53.3,0.598,-741.7,Dozer Line,6.5,Brush,1,Held
CA-MNF-013028,August Complex,CA-MNF-013028_seg_00006,2020-08-28,train,26.5,935.5,3461.0,0.029,0.027,228.6,48.1,89.4,0.01,3409.3,Road as Line,9.0,Brush,1,Held
CA-MNF-013028,August Complex,CA-MNF-013028_seg_00007,2020-08-28,train,21.2,1599.2,1534.8,0.225,0.179,264.1,100.3,73.8,0.279,1130.3,Dozer Line,6.5,Brush,1,Held
CA-MNF-013028,August Complex,CA-MNF-013028_seg_00008,2020-08-28,train,42.9,1303.3,603.4,0.861,0.205,233.8,157.7,14.0,0.97,-946.3,Dozer Line,6.5,Brush,0,Burned Over
CA-MNF-013028,August Complex,CA-MNF-013028_seg_00009,2020-08-28,train,19.4,846.8,2887.3,0.17,0.254,233.6,105.2,38.4,0.783,2580.8,Dozer Line,6.5,Brush,1,Held
CA-MNF-013028,August Complex,CA-MNF-013028_seg_00010,2020-08-28,train,30.0,1479.7,808.1,0.805,0.282,263.1,142.6,30.5,0.862,-641.0,Dozer Line,6.5,Brush,0,Burned Over
CA-MNF-013028,August Complex,CA-MNF-013028_seg_00011,2020-08-28,train,23.0,1657.6,1074.0,0.777,0.158,242.0,122.7,29.3,0.872,-324.8,Dozer Line,6.5,Brush,0,Burned Over
CA-MNF-013028,August Complex,CA-MNF-013028_seg_00012,2020-08-28,train,17.1,1294.5,386.2,0.498,0.275,279.5,90.1,80.6,0.163,-510.4,Road as Line,9.0,Brush,1,Held
CA-MNF-013028,August Complex,CA-MNF-013028_seg_00013,2020-08-28,train,10.8,1134.2,1056.9,0.544,0.203,262.7,140.2,32.6,0.843,77.2,Completed Hand Line,2.0,Brush,0,Burned Over
CA-MNF-013028,August Complex,CA-MNF-013028_seg_00014,2020-08-28,train,24.9,1057.3,3673.8,0.116,0.089,264.8,158.0,16.8,0.957,3464.2,Road as Line,9.0,Brush,1,Held
CA-MNF-013028,August Complex,CA-MNF-013028_seg_00015,2020-08-28,train,23.8,663.1,2620.9,0.123,0.145,232.8,47.7,84.9,0.088,2398.8,Road as Line,9.0,Brush,1,Held
CA-MNF-013028,August Complex,CA-MNF-013028_seg_00016,2020-08-28,train,21.6,1606.8,1024.7,0.476,0.284,255.3,78.9,86.5,0.061,167.5,Road as Line,9.0,Brush,1,Held
CA-MNF-013028,August Complex,CA-MNF-013028_seg_00017,2020-08-28,train,27.5,1545.9,2980.0,0.117,0.107,249.9,41.2,61.3,0.48,2769.0,Road as Line,9.0,Brush,1,Held
CA-MNF-013028,August Complex,CA-MNF-013028_seg_00018,2020-08-28,train,17.4,1518.5,1992.4,0.165,0.124,249.6,85.1,74.5,0.267,1694.6,Dozer Line,6.5,Brush,1,Held
CA-MNF-013028,August Complex,CA-MNF-013028_seg_00019,2020-08-28,train,8.7,1031.4,274.3,0.766,0.298,230.1,177.1,37.1,0.798,-1103.8,Dozer Line,6.5,Brush,1,Held
CA-MNF-013028,August Complex,CA-MNF-013028_seg_00020,2020-08-28,train,25.4,850.6,3230.9,0.097,0.119,207.8,45.0,72.8,0.296,3055.6,Dozer Line,6.5,Brush,1,Held
CA-MNF-013028,August Complex,CA-MNF-013028_seg_00021,2020-08-28,train,18.0,1884.3,368.3,0.814,0.181,231.2,152.8,11.6,0.98,-1097.8,Dozer Line,6.5,Brush,0,Burned Over
CA-MNF-013028,August Complex,CA-MNF-013028_seg_00022,2020-08-28,train,37.7,1041.6,809.9,0.742,0.26,308.3,81.9,43.6,0.724,-525.8,Road as Line,9.0,Brush,1,Held
CA-MNF-013028,August Complex,CA-MNF-013028_seg_00023,2020-08-28,train,19.7,1551.6,1803.9,0.263,0.253,269.8,97.6,82.2,0.136,1329.7,Completed Hand Line,2.0,Brush,1,Held
CA-MNF-013028,August Complex,CA-MNF-013028_seg_00024,2020-08-28,train,24.8,1296.6,1499.5,0.546,0.419,245.9,107.1,48.8,0.658,517.3,Dozer Line,6.5,Brush,1,Held
CA-MNF-013028,August Complex,CA-MNF-013028_seg_00025,2020-08-28,train,27.8,695.1,3424.6,0.122,0.111,254.0,94.1,69.9,0.344,3205.6,Dozer Line,6.5,Brush,1,Held
CA-MNF-013028,August Complex,CA-MNF-013028_seg_00026,2020-08-28,train,35.7,864.0,885.6,0.803,0.138,311.6,13.1,28.5,0.878,-560.7,Dozer Line,6.5,Brush,0,Burned Over
CA-MNF-013028,August Complex,CA-MNF-013028_seg_00027,2020-08-28,train,9.4,1627.3,356.0,0.426,0.345,260.7,66.5,75.9,0.244,-411.3,Completed Hand Line,2.0,Brush,1,Held
CA-MNF-013028,August Complex,CA-MNF-013028_seg_00028,2020-08-28,train,15.1,1220.8,3504.9,0.071,0.06,251.6,119.4,42.2,0.741,3376.4,Road as Line,9.0,Brush,1,Held
CA-MNF-013028,August Complex,CA-MNF-013028_seg_00029,2020-08-28,train,16.1,1052.3,517.8,0.783,0.28,201.7,114.2,2.5,0.999,-891.3,Dozer Line,6.5,Brush,1,Held
CA-MNF-013028,August Complex,CA-MNF-013028_seg_00030,2020-08-28,train,22.3,1700.9,514.5,0.669,0.272,243.6,114.7,38.9,0.778,-689.8,Dozer Line,6.5,Brush,1,Held
CA-MNF-013028,August Complex,CA-MNF-013028_seg_00031,2020-08-28,train,15.6,1461.9,1198.2,0.63,0.258,251.2,150.2,11.0,0.982,64.7,Completed Hand Line,2.0,Brush,0,Burned Over
CA-MNF-013028,August Complex,CA-MNF-013028_seg_00032,2020-08-28,train,18.3,1293.5,280.2,0.536,0.3,252.8,44.9,62.1,0.468,-684.0,Road as Line,9.0,Brush,1,Held
CA-MNF-013028,August Complex,CA-MNF-013028_seg_00033,2020-08-28,train,3.5,1731.1,2708.6,0.108,0.109,277.3,145.9,41.3,0.751,2513.6,Completed Hand Line,2.0,Brush,1,Held
CA-MNF-013028,August Complex,CA-MNF-013028_seg_00034,2020-08-28,train,15.4,1202.7,287.3,0.648,0.233,272.5,141.7,40.7,0.758,-879.8,Road as Line,9.0,Brush,1,Held
CA-MNF-013028,August Complex,CA-MNF-013028_seg_00035,2020-08-28,train,15.8,1170.7,407.5,0.839,0.239,226.1,4.3,48.1,0.667,-1102.1,Dozer Line,6.5,Brush,1,Held
CA-MNF-013028,August Complex,CA-MNF-013028_seg_00036,2020-08-28,train,20.7,1530.8,297.1,0.835,0.242,257.3,169.1,1.7,1.0,-1206.5,Dozer Line,6.5,Brush,1,Held
CA-MNF-013028,August Complex,CA-MNF-013028_seg_00037,2020-08-28,train,14.3,1059.2,1009.5,0.686,0.227,225.3,109.1,26.2,0.897,-225.6,Road as Line,9.0,Brush,1,Held
CA-MNF-013028,August Complex,CA-MNF-013028_seg_00038,2020-08-28,train,18.6,558.2,1482.7,0.557,0.361,240.0,133.6,16.4,0.959,480.0,Dozer Line,6.5,Brush,1,Held
CA-MNF-013028,August Complex,CA-MNF-013028_seg_00039,2020-08-28,train,14.5,1044.1,779.9,0.482,0.232,231.3,55.7,85.6,0.076,-88.4,Dozer Line,6.5,Brush,1,Held
CA-MNF-013028,August Complex,CA-MNF-013028_seg_00040,2020-08-28,train,14.9,1496.5,1102.7,0.456,0.305,261.4,54.2,62.7,0.458,282.6,Road as Line,9.0,Brush,1,Held
CA-MNF-013028,August Complex,CA-MNF-013028_seg_00041,2020-08-28,train,24.2,873.2,2927.4,0.081,0.066,248.5,85.2,73.3,0.287,2782.1,Dozer Line,6.5,Brush,1,Held
CA-MNF-013028,August Complex,CA-MNF-013028_seg_00042,2020-08-28,train,8.4,1343.3,455.3,0.701,0.219,246.4,121.1,35.3,0.816,-806.4,Dozer Line,6.5,Brush,1,Held
CA-MNF-013028,August Complex,CA-MNF-013028_seg_00043,2020-08-28,train,28.5,676.2,1580.3,0.393,0.347,230.1,35.0,74.9,0.26,872.7,Dozer Line,6.5,Brush,1,Held
CA-MNF-013028,August Complex,CA-MNF-013028_seg_00044,2020-08-28,train,27.9,1388.7,3953.1,0.043,0.043,238.6,31.7,63.0,0.453,3875.5,Road as Line,9.0,Brush,1,Held
CA-MNF-013028,August Complex,CA-MNF-013028_seg_00045,2020-08-28,train,1.0,585.2,3745.8,0.012,0.019,266.4,107.2,69.2,0.355,3723.5,Dozer Line,6.5,Brush,1,Held
CA-MNF-013028,August Complex,CA-MNF-013028_seg_00046,2020-08-28,train,13.1,1561.2,510.0,0.709,0.323,245.5,85.4,70.1,0.341,-765.9,Dozer Line,6.5,Brush,1,Held
CA-MNF-013028,August Complex,CA-MNF-013028_seg_00047,2020-08-28,train,25.5,1353.8,612.3,0.585,0.25,234.4,48.9,84.5,0.096,-441.2,Road as Line,9.0,Brush,1,Held
CA-MNF-013028,August Complex,CA-MNF-013028_seg_00048,2020-08-28,train,28.2,734.0,428.1,0.872,0.154,207.0,74.8,42.1,0.742,-1141.9,Road as Line,9.0,Brush,0,Burned Over
CA-MNF-013028,August Complex,CA-MNF-013028_seg_00049,2020-08-28,train,22.7,1072.2,1830.4,0.19,0.188,275.0,63.3,58.3,0.525,1487.9,Road as Line,9.0,Brush,1,Held
CA-MNF-013028,August Complex,CA-MNF-013028_seg_00050,2020-08-28,train,28.2,1145.3,185.3,0.881,0.126,229.5,78.5,61.0,0.485,-1401.1,Dozer Line,6.5,Brush,1,Held
CA-MNF-013028,August Complex,CA-MNF-013028_seg_00051,2020-08-28,train,20.5,1041.1,1147.2,0.5,0.234,273.3,70.9,67.6,0.38,247.9,Dozer Line,6.5,Brush,1,Held
CA-MNF-013028,August Complex,CA-MNF-013028_seg_00052,2020-08-28,train,29.8,1174.3,722.0,0.67,0.233,245.5,137.0,18.5,0.949,-483.8,Dozer Line,6.5,Brush,1,Held
CA-MNF-013028,August Complex,CA-MNF-013028_seg_00053,2020-08-28,train,22.0,1424.8,1973.7,0.29,0.36,225.6,117.0,18.6,0.948,1452.5,Dozer Line,6.5,Brush,1,Held
CA-MNF-013028,August Complex,CA-MNF-013028_seg_00054,2020-08-28,train,31.5,1465.4,445.0,0.723,0.194,234.3,101.5,42.8,0.733,-856.3,Road as Line,9.0,Brush,1,Held
CA-MNF-013028,August Complex,CA-MNF-013028_seg_00055,2020-08-28,train,1.0,1481.8,181.2,0.741,0.337,233.6,19.5,55.9,0.561,-1153.0,Dozer Line,6.5,Brush,1,Held
CA-MNF-013028,August Complex,CA-MNF-013028_seg_00056,2020-08-28,train,10.2,920.8,1926.6,0.218,0.157,261.0,18.3,27.4,0.888,1533.5,Completed Hand Line,2.0,Brush,1,Held
CA-MNF-013028,August Complex,CA-MNF-013028_seg_00057,2020-08-28,train,25.8,796.7,650.9,0.435,0.223,266.8,91.1,85.7,0.075,-131.4,Completed Hand Line,2.0,Brush,1,Held
CA-MNF-013028,August Complex,CA-MNF-013028_seg_00058,2020-08-28,train,12.7,1000.8,4189.2,0.065,0.082,240.4,132.1,18.3,0.949,4071.4,Dozer Line,6.5,Brush,1,Held
CA-MNF-013028,August Complex,CA-MNF-013028_seg_00059,2020-08-28,train,39.5,1021.1,258.8,0.902,0.112,256.0,149.5,16.5,0.959,-1364.3,Road as Line,9.0,Brush,0,Burned Over
CA-MNF-013028,August Complex,CA-MNF-013028_seg_00060,2020-08-28,train,17.4,1231.4,2068.4,0.27,0.296,222.8,38.2,85.3,0.081,1581.9,Dozer Line,6.5,Brush,1,Held
CA-MNF-013028,August Complex,CA-MNF-013028_seg_00061,2020-08-28,train,29.4,1579.6,1853.4,0.284,0.262,234.5,87.9,56.5,0.551,1342.3,Road as Line,9.0,Brush,1,Held
CA-MNF-013028,August Complex,CA-MNF-013028_seg_00062,2020-08-28,train,14.8,993.0,919.3,0.611,0.367,224.3,104.7,29.7,0.869,-180.3,Dozer Line,6.5,Brush,1,Held
CA-MNF-013028,August Complex,CA-MNF-013028_seg_00063,2020-08-28,train,26.6,1098.4,302.8,0.647,0.225,212.0,34.7,87.3,0.047,-861.2,Dozer Line,6.5,Brush,1,Held
CA-MNF-013028,August Complex,CA-MNF-013028_seg_00064,2020-08-28,train,20.4,1522.2,277.1,0.758,0.179,249.9,50.9,71.0,0.326,-1087.9,Dozer Line,6.5,Brush,1,Held
CA-MNF-013028,August Complex,CA-MNF-013028_seg_00065,2020-08-28,train,20.2,1538.6,312.0,0.718,0.339,260.7,125.5,45.2,0.705,-980.8,Road as Line,9.0,Brush,1,Held
CA-MNF-013028,August Complex,CA-MNF-013028_seg_00066,2020-08-28,train,24.7,1145.6,929.5,0.669,0.194,253.9,169.4,5.5,0.995,-274.1,Road as Line,9.0,Brush,1,Held
CA-MNF-013028,August Complex,CA-MNF-013028_seg_00067,2020-08-28,train,19.1,825.0,301.3,0.726,0.317,247.5,178.9,21.4,0.931,-1005.3,Dozer Line,6.5,Brush,0,Burned Over
CA-MNF-013028,August Complex,CA-MNF-013028_seg_00068,2020-08-28,train,28.3,450.2,587.3,0.716,0.313,225.1,178.2,43.1,0.73,-701.7,Completed Hand Line,2.0,Brush,1,Held
CA-MNF-013028,August Complex,CA-MNF-013028_seg_00069,2020-08-28,train,17.6,990.8,243.6,0.803,0.22,266.9,31.3,34.4,0.825,-1202.3,Dozer Line,6.5,Brush,0,Burned Over
CA-MNF-013028,August Complex,CA-MNF-013028_seg_00070,2020-08-28,train,12.5,987.9,3241.0,0.048,0.067,251.6,123.7,37.9,0.789,3154.5,Completed Hand Line,2.0,Brush,1,Held
CA-MNF-013028,August Complex,CA-MNF-013028_seg_00071,2020-08-28,train,6.3,641.0,238.9,0.805,0.243,253.6,148.8,14.9,0.967,-1210.6,Road as Line,9.0,Brush,1,Held
CA-MNF-013028,August Complex,CA-MNF-013028_seg_00072,2020-08-28,train,9.1,896.0,982.9,0.573,0.205,236.8,169.7,22.9,0.921,-48.9,Dozer Line,6.5,Brush,1,Held
CA-MNF-013028,August Complex,CA-MNF-013028_seg_00073,2020-08-28,train,34.5,1851.5,1177.4,0.427,0.36,320.0,150.5,79.6,0.181,409.3,Dozer Line,6.5,Brush,1,Held
CA-MNF-013028,August Complex,CA-MNF-013028_seg_00074,2020-08-28,train,24.4,600.5,390.3,0.77,0.229,220.6,164.9,34.3,0.826,-996.0,Dozer Line,6.5,Brush,1,Held
CA-MNF-013028,August Complex,CA-MNF-013028_seg_00075,2020-08-28,train,6.4,767.5,1569.7,0.362,0.372,233.5,59.4,84.2,0.102,919.0,Road as Line,9.0,Brush,1,Held
CA-MNF-013028,August Complex,CA-MNF-013028_seg_00076,2020-08-28,train,43.4,687.8,1017.3,0.713,0.275,274.2,72.8,68.5,0.366,-265.8,Dozer Line,6.5,Brush,1,Held
CA-MNF-013028,August Complex,CA-MNF-013028_seg_00077,2020-08-28,train,9.4,1119.9,423.1,0.662,0.277,201.3,136.8,25.5,0.903,-768.6,Road as Line,9.0,Brush,0,Burned Over
CA-MNF-013028,August Complex,CA-MNF-013028_seg_00078,2020-08-28,train,17.8,899.4,1110.4,0.472,0.447,236.6,28.5,61.9,0.471,260.9,Completed Hand Line,2.0,Brush,1,Held
CA-MNF-013028,August Complex,CA-MNF-013028_seg_00079,2020-08-28,train,12.8,1302.9,1003.3,0.766,0.32,239.4,129.0,20.4,0.937,-374.8,Dozer Line,6.5,Brush,1,Held
CA-MNF-013028,August Complex,CA-MNF-013028_seg_00080,2020-08-28,train,16.9,1467.8,2544.4,0.379,0.286,239.2,158.3,9.1,0.987,1862.0,Completed Hand Line,2.0,Brush,0,Burned Over
CA-MNF-013028,August Complex,CA-MNF-013028_seg_00081,2020-08-28,train,29.4,1039.6,5000.0,0.021,0.027,233.7,105.6,38.0,0.788,4963.0,Dozer Line,6.5,Brush,1,Held
CA-MNF-013028,August Complex,CA-MNF-013028_seg_00082,2020-08-28,train,24.2,803.6,1584.8,0.334,0.35,231.9,34.0,72.1,0.308,984.3,Dozer Line,6.5,Brush,1,Held
CA-MNF-013028,August Complex,CA-MNF-013028_seg_00083,2020-08-28,train,13.8,1230.1,2212.8,0.177,0.122,268.2,119.5,58.8,0.519,1894.6,Dozer Line,6.5,Brush,1,Held
CA-MNF-013028,August Complex,CA-MNF-013028_seg_00084,2020-08-28,train,15.1,1365.3,882.6,0.45,0.36,241.5,94.7,56.8,0.548,73.3,Dozer Line,6.5,Brush,0,Burned Over
CA-MNF-013028,August Complex,CA-MNF-013028_seg_00085,2020-08-28,train,33.7,816.0,2440.8,0.162,0.16,268.8,117.0,61.8,0.473,2149.8,Dozer Line,6.5,Brush,1,Held
CA-MNF-013028,August Complex,CA-MNF-013028_seg_00086,2020-08-28,train,20.3,1165.8,1346.9,0.41,0.374,305.7,12.3,23.4,0.918,608.6,Dozer Line,6.5,Brush,1,Held
CA-MNF-013028,August Complex,CA-MNF-013028_seg_00087,2020-08-28,train,15.0,1363.9,2954.9,0.098,0.097,279.2,124.9,64.3,0.434,2778.8,Dozer Line,6.5,Brush,1,Held
CA-MNF-013028,August Complex,CA-MNF-013028_seg_00088,2020-08-28,train,15.6,531.8,248.7,0.708,0.215,264.1,30.6,36.5,0.804,-1025.9,Completed Hand Line,2.0,Brush,1,Held
CA-MNF-013028,August Complex,CA-MNF-013028_seg_00089,2020-08-28,train,28.9,1093.3,2109.5,0.371,0.224,269.5,1.7,2.2,0.999,1440.8,Dozer Line,6.5,Brush,1,Held
CA-MNF-013028,August Complex,CA-MNF-013028_seg_00090,2020-08-28,train,14.8,863.7,2389.6,0.202,0.207,251.2,45.0,63.8,0.441,2026.0,Dozer Line,6.5,Brush,1,Held
CA-MNF-013028,August Complex,CA-MNF-013028_seg_00091,2020-08-28,train,21.7,1392.5,1438.3,0.677,0.325,241.0,176.0,25.0,0.906,220.3,Road as Line,9.0,Brush,1,Held
CA-MNF-013028,August Complex,CA-MNF-013028_seg_00092,2020-08-28,train,22.4,342.2,2074.5,0.142,0.175,230.4,51.5,88.9,0.019,1819.8,Road as Line,9.0,Brush,1,Held
CA-MNF-013028,August Complex,CA-MNF-013028_seg_00093,2020-08-28,train,7.5,739.1,2954.7,0.076,0.087,234.6,113.1,31.5,0.853,2817.4,Road as Line,9.0,Brush,1,Held
CA-MNF-013028,August Complex,CA-MNF-013028_seg_00094,2020-08-28,train,36.3,937.6,320.1,0.766,0.239,193.3,31.6,71.7,0.315,-1058.5,Completed Hand Line,2.0,Brush,0,Burned Over
CA-MNF-013028,August Complex,CA-MNF-013028_seg_00095,2020-08-28,train,12.8,1281.5,1797.2,0.43,0.432,239.8,145.2,4.6,0.997,1022.6,Dozer Line,6.5,Brush,0,Burned Over
CA-MNF-013028,August Complex,CA-MNF-013028_seg_00096,2020-08-28,train,1.0,942.2,2109.2,0.254,0.154,221.5,174.1,42.6,0.736,1652.8,Dozer Line,6.5,Brush,1,Held
CA-MNF-013028,August Complex,CA-MNF-013028_seg_00097,2020-08-28,train,11.5,882.5,3531.9,0.079,0.06,256.3,148.0,18.3,0.949,3389.8,Completed Hand Line,2.0,Brush,1,Held
CA-MNF-013028,August Complex,CA-MNF-013028_seg_00098,2020-08-28,train,25.2,1122.6,3031.4,0.261,0.181,238.4,148.3,0.1,1.0,2561.9,Completed Hand Line,2.0,Brush,1,Held
CA-MNF-013028,August Complex,CA-MNF-013028_seg_00099,2020-08-28,train,32.8,1699.1,875.4,0.546,0.433,229.2,24.4,65.2,0.419,-107.6,Dozer Line,6.5,Brush,1,Held
CA-MNF-013028,August Complex,CA-MNF-013028_seg_00100,2020-08-28,train,24.1,962.5,779.3,0.592,0.283,249.9,88.1,71.8,0.312,-286.0,Dozer Line,6.5,Brush,0,Burned Over
CA-MNF-013028,August Complex,CA-MNF-013028_seg_00101,2020-08-28,train,30.0,1532.1,4721.5,0.036,0.034,232.3,98.0,44.3,0.716,4657.1,Dozer Line,6.5,Brush,1,Held
CA-MNF-013028,August Complex,CA-MNF-013028_seg_00102,2020-08-28,train,11.0,838.7,175.9,0.667,0.206,248.4,107.5,50.9,0.63,-1024.4,Road as Line,9.0,Brush,1,Held
CA-MNF-013028,August Complex,CA-MNF-013028_seg_00103,2020-08-28,train,28.1,1164.9,628.0,0.896,0.075,270.8,156.5,24.2,0.912,-984.2,Completed Hand Line,2.0,Brush,0,Burned Over
CA-MNF-013028,August Complex,CA-MNF-013028_seg_00104,2020-08-28,train,27.6,1099.1,181.3,0.792,0.171,280.2,119.0,71.2,0.322,-1244.6,Dozer Line,6.5,Brush,1,Held
CA-MNF-013028,August Complex,CA-MNF-013028_seg_00105,2020-08-28,train,11.0,1077.8,926.1,0.486,0.227,249.2,134.2,25.0,0.906,51.0,Dozer Line,6.5,Brush,1,Held
CA-MNF-013028,August Complex,CA-MNF-013028_seg_00106,2020-08-28,train,4.3,1245.7,885.1,0.384,0.303,251.9,93.9,68.0,0.374,193.9,Dozer Line,6.5,Brush,1,Held
CA-MNF-013028,August Complex,CA-MNF-013028_seg_00107,2020-08-28,train,20.1,1215.3,1274.7,0.621,0.337,259.7,14.5,24.8,0.907,157.5,Dozer Line,6.5,Brush,0,Burned Over
CA-MNF-013028,August Complex,CA-MNF-013028_seg_00108,2020-08-28,train,20.1,722.2,275.3,0.672,0.32,233.3,109.0,34.3,0.826,-934.4,Road as Line,9.0,Brush,1,Held
CA-MNF-013028,August Complex,CA-MNF-013028_seg_00109,2020-08-28,train,23.9,859.5,875.1,0.519,0.306,237.3,61.0,86.3,0.065,-59.0,Road as Line,9.0,Brush,1,Held
CA-MNF-013028,August Complex,CA-MNF-013028_seg_00110,2020-08-28,train,20.4,1215.5,267.4,0.868,0.184,271.9,149.7,32.2,0.846,-1295.4,Road as Line,9.0,Brush,0,Burned Over
CA-MNF-013028,August Complex,CA-MNF-013028_seg_00111,2020-08-28,train,26.0,1014.2,1463.6,0.184,0.228,245.1,63.6,88.6,0.025,1132.6,Completed Hand Line,2.0,Brush,1,Held
CA-MNF-013028,August Complex,CA-MNF-013028_seg_00112,2020-08-28,train,19.1,886.4,454.7,0.764,0.21,275.0,118.2,66.8,0.393,-920.7,Road as Line,9.0,Brush,1,Held
CA-MNF-013028,August Complex,CA-MNF-013028_seg_00113,2020-08-28,train,1.8,1633.8,1291.0,0.413,0.419,242.1,147.3,4.8,0.996,547.6,Road as Line,9.0,Brush,1,Held
CA-MNF-013028,August Complex,CA-MNF-013028_seg_00114,2020-08-28,train,14.6,1011.9,157.3,0.613,0.285,262.7,61.2,68.5,0.367,-945.2,Dozer Line,6.5,Brush,1,Held
CA-MNF-013028,August Complex,CA-MNF-013028_seg_00115,2020-08-28,train,15.7,1094.0,650.2,0.723,0.316,223.1,75.6,57.5,0.537,-651.2,Road as Line,9.0,Brush,1,Held
CA-MNF-013028,August Complex,CA-MNF-013028_seg_00116,2020-08-28,train,32.4,1366.8,531.1,0.8,0.199,232.9,121.3,21.6,0.93,-908.1,Dozer Line,6.5,Brush,0,Burned Over
CA-MNF-013028,August Complex,CA-MNF-013028_seg_00117,2020-08-28,train,25.1,841.6,950.1,0.69,0.256,242.0,122.1,29.8,0.867,-291.9,Road as Line,9.0,Brush,1,Held
CA-MNF-013028,August Complex,CA-MNF-013028_seg_00118,2020-08-28,train,26.7,1145.9,627.2,0.785,0.165,278.1,46.0,37.9,0.789,-786.3,Dozer Line,6.5,Brush,0,Burned Over
CA-MNF-013028,August Complex,CA-MNF-013028_seg_00119,2020-08-28,train,7.9,1417.1,2524.6,0.154,0.225,248.8,13.0,34.2,0.827,2246.9,Completed Hand Line,2.0,Brush,1,Held
CA-MNF-013028,August Complex,CA-MNF-013028_seg_00120,2020-08-28,train,12.9,1008.4,175.3,0.819,0.21,228.7,20.7,62.0,0.469,-1299.5,Road as Line,9.0,Brush,1,Held
CA-MNF-013028,August Complex,CA-MNF-013028_seg_00121,2020-08-28,train,16.4,1246.2,1040.7,0.645,0.261,231.3,106.0,35.3,0.816,-120.4,Dozer Line,6.5,Brush,1,Held
CA-MNF-013028,August Complex,CA-MNF-013028_seg_00122,2020-08-28,train,29.1,1415.3,665.8,0.69,0.346,239.8,163.1,13.3,0.973,-575.8,Dozer Line,6.5,Brush,1,Held
CA-MNF-013028,August Complex,CA-MNF-013028_seg_00123,2020-08-28,train,12.9,626.8,384.0,0.624,0.365,248.3,118.0,40.3,0.762,-739.3,Road as Line,9.0,Brush,0,Burned Over
CA-MNF-013028,August Complex,CA-MNF-013028_seg_00124,2020-08-28,train,17.0,643.1,2546.3,0.175,0.125,237.0,112.4,34.6,0.823,2232.1,Dozer Line,6.5,Brush,1,Held
CA-MNF-013028,August Complex,CA-MNF-013028_seg_00125,2020-08-28,train,25.7,1490.8,871.6,0.748,0.165,280.4,55.9,45.5,0.701,-474.6,Completed Hand Line,2.0,Brush,0,Burned Over
CA-MNF-013028,August Complex,CA-MNF-013028_seg_00126,2020-08-28,train,21.6,710.3,2033.2,0.185,0.242,262.3,99.8,72.6,0.3,1700.6,Road as Line,9.0,Brush,1,Held
CA-MNF-013028,August Complex,CA-MNF-013028_seg_00127,2020-08-28,train,24.6,1173.0,2902.7,0.199,0.208,227.5,18.6,61.2,0.482,2544.6,Dozer Line,6.5,Brush,1,Held
CA-MNF-013028,August Complex,CA-MNF-013028_seg_00128,2020-08-28,train,26.1,704.8,709.9,0.774,0.199,240.8,28.6,57.8,0.533,-683.6,Road as Line,9.0,Brush,1,Held
CA-MNF-013028,August Complex,CA-MNF-013028_seg_00129,2020-08-28,train,23.6,1242.8,551.1,0.682,0.37,240.2,122.1,28.1,0.882,-677.3,Completed Hand Line,2.0,Brush,0,Burned Over
CA-MNF-013028,August Complex,CA-MNF-013028_seg_00130,2020-08-28,train,28.5,1304.8,1588.7,0.62,0.41,224.1,174.2,40.1,0.765,473.3,Dozer Line,6.5,Brush,1,Held
CA-MNF-013028,August Complex,CA-MNF-013028_seg_00131,2020-08-28,train,9.6,1301.5,1760.8,0.273,0.287,235.3,149.2,3.9,0.998,1269.5,Dozer Line,6.5,Brush,1,Held
CA-MNF-013028,August Complex,CA-MNF-013028_seg_00132,2020-08-28,train,27.7,1203.1,949.3,0.794,0.144,246.6,170.6,14.0,0.97,-479.3,Road as Line,9.0,Brush,1,Held
CA-MNF-013028,August Complex,CA-MNF-013028_seg_00133,2020-08-28,train,5.9,1470.0,642.7,0.571,0.288,246.1,6.8,30.7,0.86,-385.5,Dozer Line,6.5,Brush,0,Burned Over
CA-MNF-013028,August Complex,CA-MNF-013028_seg_00134,2020-08-28,train,17.0,1176.3,784.9,0.473,0.31,238.4,78.8,69.6,0.348,-65.7,Dozer Line,6.5,Brush,1,Held
CA-MNF-013028,August Complex,CA-MNF-013028_seg_00135,2020-08-28,train,20.4,805.7,909.6,0.629,0.408,254.8,145.6,19.2,0.944,-221.9,Completed Hand Line,2.0,Brush,0,Burned Over
CA-MNF-013028,August Complex,CA-MNF-013028_seg_00136,2020-08-28,train,29.4,784.2,2187.2,0.378,0.247,248.5,173.9,15.5,0.964,1506.5,Road as Line,9.0,Brush,1,Held
CA-MNF-013028,August Complex,CA-MNF-013028_seg_00137,2020-08-28,train,32.5,1641.1,552.7,0.82,0.252,246.3,153.2,3.1,0.999,-923.0,Dozer Line,6.5,Brush,0,Burned Over
CA-MNF-013028,August Complex,CA-MNF-013028_seg_00138,2020-08-28,train,31.7,1167.0,182.4,0.846,0.135,267.3,62.9,65.6,0.413,-1339.5,Completed Hand Line,2.0,Brush,0,Burned Over
CA-MNF-013028,August Complex,CA-MNF-013028_seg_00139,2020-08-28,train,14.8,1706.9,2030.7,0.309,0.348,255.7,117.0,48.7,0.66,1474.2,Road as Line,9.0,Brush,1,Held
CA-MNF-013028,August Complex,CA-MNF-013028_seg_00140,2020-08-28,train,22.3,1065.9,504.7,0.716,0.31,257.8,14.3,26.4,0.896,-784.6,Dozer Line,6.5,Brush,1,Held
CA-MNF-013028,August Complex,CA-MNF-013028_seg_00141,2020-08-28,train,24.7,1065.4,2045.3,0.268,0.334,235.7,75.6,70.1,0.341,1563.7,Road as Line,9.0,Brush,1,Held
CA-MNF-013028,August Complex,CA-MNF-013028_seg_00142,2020-08-28,train,27.0,1109.9,1294.8,0.543,0.363,246.2,77.3,79.0,0.191,318.3,Dozer Line,6.5,Brush,1,Held
CA-MNF-013028,August Complex,CA-MNF-013028_seg_00143,2020-08-28,train,20.3,689.1,1119.3,0.661,0.322,227.6,177.9,40.3,0.763,-70.7,Completed Hand Line,2.0,Brush,1,Held
CA-MNF-013028,August Complex,CA-MNF-013028_seg_00144,2020-08-28,train,14.0,1177.1,1337.5,0.348,0.257,249.4,131.9,27.5,0.887,711.0,Dozer Line,6.5,Brush,1,Held
CA-MNF-013028,August Complex,CA-MNF-013028_seg_00145,2020-08-28,train,35.9,1375.9,1576.5,0.458,0.214,220.3,83.6,46.6,0.686,752.1,Road as Line,9.0,Brush,1,Held
CA-MNF-013028,August Complex,CA-MNF-013028_seg_00146,2020-08-28,train,23.6,1324.7,3400.3,0.039,0.05,185.1,7.5,87.6,0.042,3329.9,Dozer Line,6.5,Brush,1,Held
CA-MNF-013028,August Complex,CA-MNF-013028_seg_00147,2020-08-28,train,34.3,720.3,634.0,0.886,0.171,258.6,155.8,12.7,0.975,-960.8,Road as Line,9.0,Brush,0,Burned Over
CA-MNF-013028,August Complex,CA-MNF-013028_seg_00148,2020-08-28,train,20.3,1504.3,3247.3,0.106,0.145,209.3,89.6,29.8,0.868,3056.4,Dozer Line,6.5,Brush,1,Held
CA-MNF-013028,August Complex,CA-MNF-013028_seg_00149,2020-08-28,train,19.8,804.4,1447.8,0.587,0.297,235.6,14.4,48.9,0.658,390.9,Road as Line,9.0,Brush,1,Held
CA-MNF-013028,August Complex,CA-MNF-013028_seg_00150,2020-08-28,train,15.9,1323.5,535.2,0.725,0.174,293.2,179.7,23.6,0.917,-770.5,Road as Line,9.0,Brush,0,Burned Over
CA-MNF-013028,August Complex,CA-MNF-013028_seg_00151,2020-08-28,train,1.9,728.9,1272.5,0.315,0.187,246.0,25.7,49.7,0.647,706.0,Road as Line,9.0,Brush,1,Held
CA-MNF-013028,August Complex,CA-MNF-013028_seg_00152,2020-08-28,train,17.0,664.8,3717.0,0.108,0.133,221.5,122.2,9.2,0.987,3522.0,Dozer Line,6.5,Brush,1,Held
CA-MNF-013028,August Complex,CA-MNF-013028_seg_00153,2020-08-28,train,26.4,1100.4,979.5,0.804,0.167,225.5,132.4,3.1,0.999,-468.6,Dozer Line,6.5,Brush,0,Burned Over
CA-MNF-013028,August Complex,CA-MNF-013028_seg_00154,2020-08-28,train,41.6,927.1,307.0,0.761,0.309,258.2,88.4,79.8,0.177,-1062.1,Dozer Line,6.5,Brush,1,Held
CA-MNF-013028,August Complex,CA-MNF-013028_seg_00155,2020-08-28,train,15.5,1273.5,230.6,0.704,0.344,204.3,62.5,51.8,0.618,-1035.7,Road as Line,9.0,Brush,1,Held
CA-MNF-013028,August Complex,CA-MNF-013028_seg_00156,2020-08-28,train,11.7,1213.1,419.2,0.832,0.115,267.7,21.8,24.1,0.913,-1078.5,Road as Line,9.0,Brush,0,Burned Over
CA-MNF-013028,August Complex,CA-MNF-013028_seg_00157,2020-08-28,train,18.1,643.6,594.0,0.767,0.237,276.9,15.5,8.7,0.989,-787.4,Road as Line,9.0,Brush,1,Held
CA-MNF-013028,August Complex,CA-MNF-013028_seg_00158,2020-08-28,train,19.8,1594.4,1517.7,0.6,0.379,222.0,81.0,51.1,0.629,438.4,Road as Line,9.0,Brush,1,Held
CA-MNF-013028,August Complex,CA-MNF-013028_seg_00159,2020-08-28,train,30.1,398.6,309.1,0.89,0.11,251.9,10.0,28.1,0.882,-1292.7,Road as Line,9.0,Brush,0,Burned Over
CA-MNF-013028,August Complex,CA-MNF-013028_seg_00160,2020-08-28,train,11.3,1634.7,1359.6,0.262,0.213,235.2,45.1,79.9,0.175,887.3,Dozer Line,6.5,Brush,1,Held
CA-MNF-013028,August Complex,CA-MNF-013028_seg_00161,2020-08-28,train,20.1,1289.1,1680.3,0.38,0.321,214.6,118.6,6.1,0.994,996.3,Road as Line,9.0,Brush,1,Held
CA-MNF-013028,August Complex,CA-MNF-013028_seg_00162,2020-08-28,train,12.8,810.7,1897.8,0.423,0.317,220.3,117.2,13.1,0.974,1135.9,Road as Line,9.0,Brush,1,Held
CA-MNF-013028,August Complex,CA-MNF-013028_seg_00163,2020-08-28,train,23.7,471.1,573.6,0.781,0.212,251.3,123.3,38.0,0.788,-831.4,Dozer Line,6.5,Brush,1,Held
CA-MNF-013028,August Complex,CA-MNF-013028_seg_00164,2020-08-28,train,35.2,886.5,2516.0,0.345,0.265,255.5,132.2,33.3,0.836,1894.4,Road as Line,9.0,Brush,1,Held
CA-MNF-013028,August Complex,CA-MNF-013028_seg_00165,2020-08-28,train,28.8,1071.1,561.3,0.8,0.168,224.4,17.4,63.1,0.453,-879.1,Completed Hand Line,2.0,Brush,1,Held
CA-MNF-013028,August Complex,CA-MNF-013028_seg_00166,2020-08-28,train,18.3,832.3,977.6,0.671,0.245,221.6,137.4,5.8,0.995,-229.6,Dozer Line,6.5,Brush,0,Burned Over
CA-MNF-013028,August Complex,CA-MNF-013028_seg_00167,2020-08-28,train,20.7,1338.3,212.2,0.797,0.235,203.6,63.5,50.1,0.641,-1222.8,Dozer Line,6.5,Brush,0,Burned Over
CA-MNF-013028,August Complex,CA-MNF-013028_seg_00168,2020-08-28,train,29.8,442.9,1882.0,0.603,0.328,231.5,131.0,10.6,0.983,797.2,Dozer Line,6.5,Brush,1,Held
CA-MNF-013028,August Complex,CA-MNF-013028_seg_00169,2020-08-28,train,21.6,505.1,5000.0,0.006,0.011,240.7,50.3,79.6,0.18,4989.1,Dozer Line,6.5,Brush,1,Held
CA-MNF-013028,August Complex,CA-MNF-013028_seg_00170,2020-08-28,train,16.4,1644.3,1003.9,0.48,0.234,238.9,35.8,66.9,0.392,140.0,Dozer Line,6.5,Brush,1,Held
CA-MNF-013028,August Complex,CA-MNF-013028_seg_00171,2020-08-28,train,15.3,769.1,1289.4,0.699,0.324,276.9,59.0,52.1,0.614,30.8,Dozer Line,6.5,Brush,1,Held
CA-MNF-013028,August Complex,CA-MNF-013028_seg_00172,2020-08-28,train,19.1,561.6,2179.7,0.229,0.314,224.7,54.0,80.8,0.16,1768.4,Road as Line,9.0,Brush,1,Held
CA-MNF-013028,August Complex,CA-MNF-013028_seg_00173,2020-08-28,train,20.1,1069.1,4246.1,0.009,0.012,252.1,85.4,76.7,0.23,4229.7,Road as Line,9.0,Brush,1,Held
CA-MNF-013028,August Complex,CA-MNF-013028_seg_00174,2020-08-28,train,12.9,764.7,341.9,0.771,0.309,242.9,151.4,1.5,1.0,-1046.1,Dozer Line,6.5,Brush,1,Held
CA-MNF-013028,August Complex,CA-MNF-013028_seg_00175,2020-08-28,train,33.2,1411.2,1939.8,0.3,0.323,280.7,73.9,63.2,0.451,1399.7,Dozer Line,6.5,Brush,1,Held
CA-MNF-013028,August Complex,CA-MNF-013028_seg_00176,2020-08-28,train,33.8,865.7,601.8,0.832,0.159,265.5,94.6,80.9,0.158,-896.3,Dozer Line,6.5,Brush,0,Burned Over
CA-MNF-013028,August Complex,CA-MNF-013028_seg_00177,2020-08-28,train,11.2,765.7,406.2,0.787,0.172,245.6,109.8,45.7,0.698,-1010.5,Completed Hand Line,2.0,Brush,1,Held
CA-MNF-013028,August Complex,CA-MNF-013028_seg_00178,2020-08-28,train,35.6,1245.0,664.7,0.753,0.2,277.6,57.1,49.5,0.65,-691.1,Dozer Line,6.5,Brush,0,Burned Over
CA-MNF-013028,August Complex,CA-MNF-013028_seg_00179,2020-08-28,train,19.9,1741.5,2109.3,0.427,0.37,240.9,171.8,21.0,0.934,1340.9,Dozer Line,6.5,Brush,1,Held
CA-MNF-013028,August Complex,CA-MNF-013028_seg_00180,2020-08-28,train,22.8,866.9,3394.1,0.065,0.086,241.4,96.9,54.4,0.581,3277.4,Road as Line,9.0,Brush,1,Held
CA-MNF-013028,August Complex,CA-MNF-013028_seg_00181,2020-08-28,train,19.5,610.6,789.9,0.65,0.357,243.1,9.4,36.3,0.806,-380.2,Dozer Line,6.5,Brush,0,Burned Over
CA-MNF-013028,August Complex,CA-MNF-013028_seg_00182,2020-08-28,train,33.6,417.6,928.8,0.915,0.087,261.1,158.1,13.0,0.974,-718.5,Road as Line,9.0,Brush,0,Burned Over
CA-MNF-013028,August Complex,CA-MNF-013028_seg_00183,2020-08-28,train,17.0,712.9,3461.3,0.068,0.106,255.6,130.2,35.4,0.815,3339.7,Dozer Line,6.5,Brush,0,Burned Over
CA-MNF-013028,August Complex,CA-MNF-013028_seg_00184,2020-08-28,train,28.3,773.4,4078.4,0.046,0.036,281.6,168.6,23.0,0.921,3994.8,Road as Line,9.0,Brush,1,Held
CA-MNF-013028,August Complex,CA-MNF-013028_seg_00185,2020-08-28,train,48.4,873.3,967.3,0.635,0.294,281.2,97.8,86.6,0.059,-175.3,Dozer Line,6.5,Brush,1,Held
CA-MNF-013028,August Complex,CA-MNF-013028_seg_00186,2020-08-28,train,23.8,839.0,1751.0,0.287,0.318,251.6,33.5,52.0,0.616,1235.1,Dozer Line,6.5,Brush,1,Held
CA-MNF-013028,August Complex,CA-MNF-013028_seg_00187,2020-08-28,train,12.4,1295.9,1477.7,0.473,0.28,249.4,15.6,36.2,0.807,625.7,Dozer Line,6.5,Brush,1,Held
CA-MNF-013028,August Complex,CA-MNF-013028_seg_00188,2020-08-28,train,1.0,1120.5,1690.0,0.235,0.268,274.1,54.4,50.3,0.639,1266.8,Dozer Line,6.5,Brush,1,Held
CA-MNF-013028,August Complex,CA-MNF-013028_seg_00189,2020-08-28,train,28.0,757.3,1609.1,0.635,0.398,241.3,161.1,9.9,0.985,465.5,Dozer Line,6.5,Brush,1,Held
CA-MNF-013028,August Complex,CA-MNF-013028_seg_00190,2020-08-28,train,25.9,1234.8,1266.9,0.725,0.253,223.2,134.6,1.4,1.0,-37.8,Dozer Line,6.5,Brush,0,Burned Over
CA-MNF-013028,August Complex,CA-MNF-013028_seg_00191,2020-08-28,train,37.1,1109.3,252.5,0.917,0.067,215.5,157.2,31.6,0.851,-1398.8,Road as Line,9.0,Brush,1,Held
CA-MNF-013028,August Complex,CA-MNF-013028_seg_00192,2020-08-28,train,21.6,643.9,627.2,0.658,0.226,235.1,27.0,61.8,0.472,-556.3,Road as Line,9.0,Brush,1,Held
CA-MNF-013028,August Complex,CA-MNF-013028_seg_00193,2020-08-28,train,12.8,1238.7,882.3,0.437,0.395,265.8,92.4,83.4,0.114,95.5,Road as Line,9.0,Brush,1,Held
CA-MNF-013028,August Complex,CA-MNF-013028_seg_00194,2020-08-28,train,10.2,1087.9,656.9,0.768,0.309,304.0,8.2,25.9,0.9,-726.0,Dozer Line,6.5,Brush,1,Held
CA-MNF-013028,August Complex,CA-MNF-013028_seg_00195,2020-08-28,train,30.3,596.4,4748.4,0.026,0.046,232.3,137.8,4.4,0.997,4701.4,Dozer Line,6.5,Brush,1,Held
CA-MNF-013028,August Complex,CA-MNF-013028_seg_00196,2020-08-28,train,31.6,723.5,1080.0,0.679,0.213,234.5,119.1,25.3,0.904,-142.0,Dozer Line,6.5,Brush,0,Burned Over
CA-MNF-013028,August Complex,CA-MNF-013028_seg_00197,2020-08-28,train,22.7,1105.0,575.2,0.665,0.297,233.4,4.1,40.7,0.758,-621.3,Road as Line,9.0,Brush,1,Held
CA-MNF-013028,August Complex,CA-MNF-013028_seg_00198,2020-08-28,train,42.9,967.8,293.7,0.88,0.165,252.6,130.5,32.1,0.847,-1290.3,Completed Hand Line,2.0,Brush,1,Held
CA-MNF-013028,August Complex,CA-MNF-013028_seg_00199,2020-08-28,train,23.4,1173.7,1608.0,0.363,0.278,276.3,107.6,78.7,0.195,954.2,Dozer Line,6.5,Brush,1,Held
CA-MNF-013028,August Complex,CA-MNF-013028_seg_00200,2020-08-28,train,25.7,1488.6,2180.0,0.153,0.181,243.0,52.1,79.1,0.189,1904.1,Road as Line,9.0,Brush,1,Held
CA-MNF-013028,August Complex,CA-MNF-013028_seg_00201,2020-08-28,train,32.4,1419.6,578.9,0.89,0.164,290.2,39.8,19.6,0.942,-1023.8,Completed Hand Line,2.0,Brush,0,Burned Over
CA-MNF-013028,August Complex,CA-MNF-013028_seg_00202,2020-08-28,train,22.7,163.0,1485.3,0.491,0.304,248.9,169.5,10.6,0.983,602.3,Dozer Line,6.5,Brush,1,Held
CA-MNF-013028,August Complex,CA-MNF-013028_seg_00203,2020-08-28,train,24.9,428.4,1625.5,0.221,0.235,260.2,54.1,63.9,0.44,1227.8,Completed Hand Line,2.0,Brush,1,Held
CA-MNF-013028,August Complex,CA-MNF-013028_seg_00204,2020-08-28,train,28.1,1110.6,3214.7,0.118,0.159,250.0,116.4,43.6,0.724,3002.3,Dozer Line,6.5,Brush,1,Held
CA-MNF-013028,August Complex,CA-MNF-013028_seg_00205,2020-08-28,train,11.0,531.9,1871.1,0.146,0.16,240.9,33.9,63.0,0.454,1608.3,Completed Hand Line,2.0,Brush,1,Held
CA-MNF-013028,August Complex,CA-MNF-013028_seg_00206,2020-08-28,train,24.0,1919.6,299.7,0.858,0.127,267.8,173.2,4.7,0.997,-1244.2,Road as Line,9.0,Brush,0,Burned Over
CA-MNF-013028,August Complex,CA-MNF-013028_seg_00207,2020-08-28,train,17.0,527.1,1065.4,0.48,0.328,235.1,68.5,76.6,0.232,201.2,Dozer Line,6.5,Brush,1,Held
CA-MNF-013028,August Complex,CA-MNF-013028_seg_00208,2020-08-28,train,25.3,442.5,705.8,0.81,0.157,223.0,164.6,31.6,0.851,-752.5,Dozer Line,6.5,Brush,0,Burned Over
CA-MNF-013028,August Complex,CA-MNF-013028_seg_00209,2020-08-28,train,17.5,780.2,630.3,0.662,0.291,217.4,27.4,80.0,0.174,-561.2,Road as Line,9.0,Brush,1,Held
CA-MNF-013028,August Complex,CA-MNF-013028_seg_00210,2020-08-28,train,1.0,1496.6,959.4,0.541,0.241,262.5,115.5,57.0,0.545,-13.6,Road as Line,9.0,Brush,1,Held
CA-MNF-013028,August Complex,CA-MNF-013028_seg_00211,2020-08-28,train,18.6,615.9,191.3,0.713,0.3,272.5,10.6,8.1,0.99,-1092.9,Road as Line,9.0,Brush,0,Burned Over
CA-MNF-013028,August Complex,CA-MNF-013028_seg_00212,2020-08-28,train,36.0,1163.8,995.6,0.814,0.222,225.6,1.6,46.0,0.694,-469.4,Road as Line,9.0,Brush,1,Held
CA-MNF-013028,August Complex,CA-MNF-013028_seg_00213,2020-08-28,train,22.5,1542.9,1054.5,0.845,0.107,236.5,2.1,35.7,0.812,-466.7,Road as Line,9.0,Brush,0,Burned Over
CA-MNF-013028,August Complex,CA-MNF-013028_seg_00214,2020-08-28,train,19.7,1240.5,343.5,0.862,0.192,253.7,17.3,33.6,0.833,-1208.2,Dozer Line,6.5,Brush,0,Burned Over
CA-MNF-013028,August Complex,CA-MNF-013028_seg_00215,2020-08-28,train,28.5,724.9,457.2,0.693,0.309,229.4,178.2,38.9,0.779,-790.0,Completed Hand Line,2.0,Brush,0,Burned Over
CA-MNF-013028,August Complex,CA-MNF-013028_seg_00216,2020-08-28,train,29.9,777.8,161.4,0.925,0.086,256.2,10.1,23.9,0.914,-1503.5,Road as Line,9.0,Brush,0,Burned Over
CA-MNF-013028,August Complex,CA-MNF-013028_seg_00217,2020-08-28,train,28.2,1454.3,435.0,0.766,0.228,273.3,7.7,4.4,0.997,-944.1,Dozer Line,6.5,Brush,0,Burned Over
CA-MNF-013028,August Complex,CA-MNF-013028_seg_00218,2020-08-28,train,15.1,1463.4,3320.1,0.156,0.183,224.9,5.9,51.0,0.629,3038.7,Road as Line,9.0,Brush,1,Held
CA-MNF-013028,August Complex,CA-MNF-013028_seg_00219,2020-08-28,train,24.5,1284.5,2309.6,0.266,0.221,212.3,43.3,79.0,0.19,1831.6,Road as Line,9.0,Brush,1,Held
CA-MNF-013028,August Complex,CA-MNF-013028_seg_00220,2020-08-28,train,11.5,1033.3,216.2,0.764,0.206,209.7,175.4,55.6,0.564,-1158.5,Road as Line,9.0,Brush,1,Held
CA-MNF-013028,August Complex,CA-MNF-013028_seg_00221,2020-08-28,train,19.8,1112.7,5000.0,0.006,0.01,226.3,49.2,87.1,0.051,4989.3,Dozer Line,6.5,Brush,1,Held
CA-MNF-013028,August Complex,CA-MNF-013028_seg_00222,2020-08-28,train,28.4,1517.2,1648.4,0.596,0.364,255.1,143.6,21.4,0.931,575.3,Road as Line,9.0,Brush,1,Held
CA-MNF-013028,August Complex,CA-MNF-013028_seg_00223,2020-08-28,train,22.6,1128.0,685.4,0.614,0.234,243.7,55.5,81.8,0.142,-419.3,Dozer Line,6.5,Brush,1,Held
CA-MNF-013028,August Complex,CA-MNF-013028_seg_00224,2020-08-28,train,23.4,1422.7,1243.7,0.636,0.253,236.1,16.8,50.6,0.634,99.8,Dozer Line,6.5,Brush,1,Held
CA-MNF-013028,August Complex,CA-MNF-013028_seg_00225,2020-08-28,train,8.0,1901.3,373.0,0.708,0.228,237.0,103.0,44.0,0.719,-901.3,Dozer Line,6.5,Brush,1,Held
CA-MNF-013028,August Complex,CA-MNF-013028_seg_00226,2020-08-28,train,26.9,745.7,497.9,0.879,0.148,245.6,13.8,38.2,0.785,-1084.1,Dozer Line,6.5,Brush,1,Held
CA-MNF-013028,August Complex,CA-MNF-013028_seg_00227,2020-08-28,train,19.4,1398.4,2106.0,0.39,0.384,236.3,111.6,34.7,0.822,1403.5,Completed Hand Line,2.0,Brush,1,Held
CA-MNF-013028,August Complex,CA-MNF-013028_seg_00228,2020-08-28,train,41.7,735.3,602.6,0.869,0.124,296.4,36.2,9.8,0.985,-962.3,Road as Line,9.0,Brush,0,Burned Over
CA-MNF-013028,August Complex,CA-MNF-013028_seg_00229,2020-08-28,train,30.7,1116.2,748.9,0.85,0.178,264.4,147.0,27.5,0.887,-780.7,Dozer Line,6.5,Brush,0,Burned Over
CA-MNF-013028,August Complex,CA-MNF-013028_seg_00230,2020-08-28,train,19.1,1472.6,842.5,0.814,0.245,237.1,127.5,19.6,0.942,-622.9,Road as Line,9.0,Brush,1,Held
CA-MNF-013028,August Complex,CA-MNF-013028_seg_00231,2020-08-28,train,17.0,925.7,1657.3,0.373,0.419,246.9,118.6,38.3,0.784,985.7,Dozer Line,6.5,Brush,1,Held
CA-MNF-013028,August Complex,CA-MNF-013028_seg_00232,2020-08-28,train,15.4,1571.2,2026.9,0.469,0.333,218.0,97.9,30.1,0.865,1182.1,Road as Line,9.0,Brush,1,Held
CA-MNF-013028,August Complex,CA-MNF-013028_seg_00233,2020-08-28,train,15.0,920.2,204.4,0.675,0.263,274.9,116.5,68.5,0.367,-1010.8,Road as Line,9.0,Brush,1,Held
CA-MNF-013028,August Complex,CA-MNF-013028_seg_00234,2020-08-28,train,22.5,1370.2,1027.8,0.581,0.303,222.1,91.9,40.2,0.764,-18.6,Dozer Line,6.5,Brush,1,Held
CA-MNF-013028,August Complex,CA-MNF-013028_seg_00235,2020-08-28,train,22.0,778.1,282.5,0.801,0.146,200.9,4.4,73.6,0.283,-1159.8,Completed Hand Line,2.0,Brush,1,Held
CA-MNF-013028,August Complex,CA-MNF-013028_seg_00236,2020-08-28,train,23.7,871.0,925.9,0.73,0.22,216.4,86.9,39.5,0.772,-389.0,Dozer Line,6.5,Brush,1,Held
CA-MNF-013028,August Complex,CA-MNF-013028_seg_00237,2020-08-28,train,11.4,1395.2,365.5,0.688,0.209,259.9,121.9,48.0,0.669,-873.4,Dozer Line,6.5,Brush,0,Burned Over
CA-MNF-013028,August Complex,CA-MNF-013028_seg_00238,2020-08-28,train,31.1,1140.6,1377.6,0.546,0.351,240.6,33.2,62.6,0.46,395.3,Dozer Line,6.5,Brush,1,Held
CA-MNF-013028,August Complex,CA-MNF-013028_seg_00239,2020-08-28,train,16.1,1033.3,2134.9,0.313,0.359,253.6,135.4,28.1,0.882,1571.9,Dozer Line,6.5,Brush,1,Held
CA-MNF-013028,August Complex,CA-MNF-013028_seg_00240,2020-08-28,train,39.9,1045.9,1373.0,0.642,0.319,222.5,95.0,37.5,0.794,216.9,Dozer Line,6.5,Brush,0,Burned Over
CA-MNF-013028,August Complex,CA-MNF-013028_seg_00241,2020-08-28,train,9.0,1313.5,1293.8,0.341,0.206,254.2,53.5,69.3,0.353,679.7,Dozer Line,6.5,Brush,1,Held
CA-MNF-013028,August Complex,CA-MNF-013028_seg_00242,2020-08-28,train,21.4,736.5,730.8,0.808,0.232,256.2,24.8,38.7,0.781,-723.6,Road as Line,9.0,Brush,0,Burned Over
CA-MNF-013028,August Complex,CA-MNF-013028_seg_00243,2020-08-28,train,22.3,908.0,869.6,0.623,0.19,262.8,56.6,63.8,0.441,-252.3,Dozer Line,6.5,Brush,0,Burned Over
CA-MNF-013028,August Complex,CA-MNF-013028_seg_00244,2020-08-28,train,21.6,691.1,794.7,0.594,0.213,257.4,123.2,44.2,0.717,-275.0,Dozer Line,6.5,Brush,1,Held
CA-MNF-013028,August Complex,CA-MNF-013028_seg_00245,2020-08-28,train,33.0,1032.4,883.5,0.559,0.333,243.4,30.3,56.9,0.546,-122.4,Dozer Line,6.5,Brush,1,Held
CA-MNF-013028,August Complex,CA-MNF-013028_seg_00246,2020-08-28,train,14.3,1248.7,201.0,0.738,0.346,240.1,148.1,2.1,0.999,-1127.6,Dozer Line,6.5,Brush,0,Burned Over
CA-MNF-013028,August Complex,CA-MNF-013028_seg_00247,2020-08-28,train,54.8,705.6,664.3,0.76,0.327,253.8,81.0,82.8,0.125,-703.8,Road as Line,9.0,Brush,1,Held
CA-MNF-013028,August Complex,CA-MNF-013028_seg_00248,2020-08-28,train,17.6,823.1,1352.1,0.57,0.247,250.5,127.9,32.6,0.843,325.9,Dozer Line,6.5,Brush,1,Held
CA-MNF-013028,August Complex,CA-MNF-013028_seg_00249,2020-08-28,train,33.0,1015.5,1611.1,0.438,0.408,241.1,58.3,87.1,0.05,822.0,Completed Hand Line,2.0,Brush,1,Held
CA-MNF-013028,August Complex,CA-MNF-013028_seg_00250,2020-08-28,train,18.3,1697.6,5000.0,0.014,0.024,252.0,165.4,3.4,0.998,4974.0,Dozer Line,6.5,Brush,1,Held
CA-MNF-013028,August Complex,CA-MNF-013028_seg_00251,2020-08-28,train,8.5,1137.9,1183.7,0.462,0.311,242.6,88.1,64.5,0.431,351.8,Road as Line,9.0,Brush,1,Held
CA-MNF-013028,August Complex,CA-MNF-013028_seg_00252,2020-08-28,train,21.3,818.7,702.7,0.75,0.151,261.9,168.5,3.4,0.998,-646.7,Road as Line,9.0,Brush,0,Burned Over
CA-MNF-013028,August Complex,CA-MNF-013028_seg_00253,2020-08-28,train,25.4,600.5,228.5,0.722,0.247,231.3,64.5,76.8,0.228,-1071.8,Dozer Line,6.5,Brush,1,Held
CA-MNF-013028,August Complex,CA-MNF-013028_seg_00254,2020-08-28,train,32.1,859.2,947.1,0.834,0.117,228.2,101.9,36.3,0.806,-555.0,Dozer Line,6.5,Brush,0,Burned Over
CA-MNF-013028,August Complex,CA-MNF-013028_seg_00255,2020-08-28,train,34.5,1591.0,150.8,0.761,0.271,258.0,79.4,88.6,0.025,-1219.4,Dozer Line,6.5,Brush,1,Held
CA-MNF-013028,August Complex,CA-MNF-013028_seg_00256,2020-08-28,train,19.0,1355.4,495.8,0.879,0.103,215.0,117.8,7.2,0.992,-1086.1,Dozer Line,6.5,Brush,0,Burned Over
CA-MNF-013028,August Complex,CA-MNF-013028_seg_00257,2020-08-28,train,35.1,1150.8,151.3,0.916,0.079,234.4,126.7,17.8,0.952,-1498.3,Road as Line,9.0,Brush,1,Held
CA-MNF-013028,August Complex,CA-MNF-013028_seg_00258,2020-08-28,train,1.0,1526.7,320.1,0.491,0.383,262.7,76.0,83.3,0.117,-564.4,Dozer Line,6.5,Brush,1,Held
CA-MNF-013028,August Complex,CA-MNF-013028_seg_00259,2020-08-28,train,33.8,1492.8,321.5,0.88,0.141,256.1,135.6,30.5,0.861,-1261.9,Dozer Line,6.5,Brush,0,Burned Over
CA-MNF-013028,August Complex,CA-MNF-013028_seg_00260,2020-08-28,train,9.5,1015.2,786.6,0.302,0.187,229.6,27.2,67.6,0.38,242.8,Dozer Line,6.5,Brush,1,Held
CA-MNF-013028,August Complex,CA-MNF-013028_seg_00261,2020-08-28,train,37.4,428.8,330.8,0.804,0.213,243.6,56.6,83.0,0.121,-1116.1,Road as Line,9.0,Brush,1,Held
CA-MNF-013028,August Complex,CA-MNF-013028_seg_00262,2020-08-28,train,5.7,851.8,580.8,0.657,0.349,221.3,118.5,12.8,0.975,-601.7,Dozer Line,6.5,Brush,1,Held
CA-MNF-013028,August Complex,CA-MNF-013028_seg_00263,2020-08-28,train,19.0,1492.6,980.8,0.452,0.44,224.6,20.3,65.7,0.412,167.6,Completed Hand Line,2.0,Brush,1,Held
CA-MNF-013028,August Complex,CA-MNF-013028_seg_00264,2020-08-28,train,13.0,1391.0,1528.4,0.097,0.137,249.0,65.8,86.8,0.056,1354.6,Dozer Line,6.5,Brush,1,Held
CA-MNF-013028,August Complex,CA-MNF-013028_seg_00265,2020-08-28,train,22.8,1219.8,997.7,0.639,0.28,228.7,142.1,3.4,0.998,-152.5,Road as Line,9.0,Brush,1,Held
CA-MNF-013028,August Complex,CA-MNF-013028_seg_00266,2020-08-28,train,17.2,889.6,1009.2,0.64,0.308,255.5,55.8,70.3,0.338,-143.3,Dozer Line,6.5,Brush,1,Held
CA-MNF-013028,August Complex,CA-MNF-013028_seg_00267,2020-08-28,train,19.0,1045.7,1721.0,0.398,0.212,248.9,125.8,33.2,0.837,1005.2,Dozer Line,6.5,Brush,1,Held
CA-MNF-013028,August Complex,CA-MNF-013028_seg_00268,2020-08-28,train,35.8,890.4,302.6,0.837,0.132,236.9,133.3,13.6,0.972,-1203.6,Completed Hand Line,2.0,Brush,0,Burned Over
CA-MNF-013028,August Complex,CA-MNF-013028_seg_00269,2020-08-28,train,16.7,1061.4,1973.1,0.463,0.391,240.1,22.8,52.8,0.605,1139.1,Dozer Line,6.5,Brush,1,Held
CA-MNF-013028,August Complex,CA-MNF-013028_seg_00270,2020-08-28,train,27.5,1608.6,246.2,0.872,0.145,226.8,103.8,33.0,0.838,-1323.1,Road as Line,9.0,Brush,1,Held
CA-MNF-013028,August Complex,CA-MNF-013028_seg_00271,2020-08-28,train,29.1,1464.9,461.2,0.85,0.211,239.0,130.1,18.9,0.946,-1069.7,Dozer Line,6.5,Brush,0,Burned Over
CA-MNF-013028,August Complex,CA-MNF-013028_seg_00272,2020-08-28,train,38.9,1575.6,1115.9,0.717,0.248,273.2,154.3,28.8,0.876,-174.1,Dozer Line,6.5,Brush,0,Burned Over
CA-MNF-013028,August Complex,CA-MNF-013028_seg_00273,2020-08-28,train,25.6,1081.2,986.7,0.466,0.399,255.3,67.1,81.8,0.142,147.5,Completed Hand Line,2.0,Brush,1,Held
CA-MNF-013028,August Complex,CA-MNF-013028_seg_00274,2020-08-28,train,23.6,821.8,625.7,0.798,0.161,242.6,152.1,0.5,1.0,-811.4,Road as Line,9.0,Brush,0,Burned Over
CA-MNF-013028,August Complex,CA-MNF-013028_seg_00275,2020-08-28,train,24.7,643.5,1927.3,0.421,0.38,259.4,88.8,80.6,0.163,1170.2,Dozer Line,6.5,Brush,1,Held
CA-MNF-013028,August Complex,CA-MNF-013028_seg_00276,2020-08-28,train,30.3,1134.4,2666.6,0.31,0.312,246.0,151.1,4.9,0.996,2108.9,Road as Line,9.0,Brush,1,Held
CA-MNF-013028,August Complex,CA-MNF-013028_seg_00277,2020-08-28,train,20.8,846.4,224.1,0.672,0.197,276.5,88.6,82.0,0.139,-985.0,Completed Hand Line,2.0,Brush,1,Held
CA-MNF-013028,August Complex,CA-MNF-013028_seg_00278,2020-08-28,train,13.7,997.3,256.5,0.823,0.236,253.8,175.4,11.6,0.98,-1225.2,Dozer Line,6.5,Brush,0,Burned Over
CA-MNF-013028,August Complex,CA-MNF-013028_seg_00279,2020-08-28,train,20.5,1350.8,604.0,0.516,0.383,254.8,47.0,62.2,0.466,-325.4,Dozer Line,6.5,Brush,1,Held
CA-MNF-013028,August Complex,CA-MNF-013028_seg_00280,2020-08-28,train,37.0,1278.3,352.7,0.883,0.125,256.5,105.2,61.2,0.481,-1236.1,Dozer Line,6.5,Brush,0,Burned Over
CA-MNF-013028,August Complex,CA-MNF-013028_seg_00281,2020-08-28,train,28.6,1001.6,355.8,0.647,0.342,230.4,21.6,61.2,0.481,-808.7,Dozer Line,6.5,Brush,1,Held
CA-MNF-013028,August Complex,CA-MNF-013028_seg_00282,2020-08-28,train,25.7,1322.1,1014.5,0.415,0.435,238.1,64.0,84.1,0.103,268.4,Dozer Line,6.5,Brush,1,Held
CA-MNF-013028,August Complex,CA-MNF-013028_seg_00283,2020-08-28,train,15.2,1096.8,2104.9,0.177,0.238,247.0,83.2,73.8,0.279,1786.3,Completed Hand Line,2.0,Brush,1,Held
CA-MNF-013028,August Complex,CA-MNF-013028_seg_00284,2020-08-28,train,31.1,757.0,1197.7,0.817,0.123,243.0,116.0,36.9,0.799,-273.5,Dozer Line,6.5,Brush,0,Burned Over
CA-MNF-013028,August Complex,CA-MNF-013028_seg_00285,2020-08-28,train,36.1,1624.1,633.4,0.867,0.112,266.4,149.3,27.2,0.89,-926.5,Road as Line,9.0,Brush,0,Burned Over
CA-MNF-013028,August Complex,CA-MNF-013028_seg_00286,2020-08-28,train,24.5,1621.6,440.1,0.821,0.247,251.2,31.1,49.9,0.645,-1038.3,Dozer Line,6.5,Brush,1,Held
CA-MNF-013028,August Complex,CA-MNF-013028_seg_00287,2020-08-28,train,30.9,999.1,225.5,0.868,0.114,243.0,99.1,53.9,0.59,-1337.6,Completed Hand Line,2.0,Brush,0,Burned Over
CA-MNF-013028,August Complex,CA-MNF-013028_seg_00288,2020-08-28,train,6.8,1300.6,1977.4,0.315,0.277,229.1,178.1,39.0,0.777,1411.0,Completed Hand Line,2.0,Brush,1,Held
CA-MNF-013028,August Complex,CA-MNF-013028_seg_00289,2020-08-28,train,29.1,1230.9,2863.3,0.134,0.208,246.2,39.4,63.2,0.451,2622.1,Dozer Line,6.5,Brush,0,Burned Over
CA-MNF-013028,August Complex,CA-MNF-013028_seg_00290,2020-08-28,train,21.3,1258.6,522.0,0.525,0.213,263.1,118.2,54.8,0.576,-423.6,Completed Hand Line,2.0,Brush,0,Burned Over
CA-MNF-013028,August Complex,CA-MNF-013028_seg_00291,2020-08-28,train,13.9,1196.1,2388.9,0.337,0.359,257.0,151.1,15.9,0.962,1781.9,Road as Line,9.0,Brush,1,Held
CA-MNF-013028,August Complex,CA-MNF-013028_seg_00292,2020-08-28,train,1.2,840.2,1143.7,0.516,0.42,267.5,101.4,76.1,0.241,214.2,Dozer Line,6.5,Brush,1,Held
CA-MNF-013028,August Complex,CA-MNF-013028_seg_00293,2020-08-28,train,25.5,1314.8,1047.0,0.711,0.206,289.7,39.4,19.7,0.942,-232.0,Dozer Line,6.5,Brush,0,Burned Over
CA-MNF-013028,August Complex,CA-MNF-013028_seg_00294,2020-08-28,train,15.4,1272.8,1210.0,0.505,0.412,274.9,3.9,1.0,1.0,300.7,Completed Hand Line,2.0,Brush,0,Burned Over
CA-MNF-013028,August Complex,CA-MNF-013028_seg_00295,2020-08-28,train,18.8,1428.1,581.0,0.77,0.31,252.7,18.2,35.5,0.814,-804.7,Road as Line,9.0,Brush,0,Burned Over
CA-MNF-013028,August Complex,CA-MNF-013028_seg_00296,2020-08-28,train,43.1,1522.4,3321.5,0.177,0.202,248.3,124.8,33.4,0.835,3003.4,Dozer Line,6.5,Brush,1,Held
CA-MNF-013028,August Complex,CA-MNF-013028_seg_00297,2020-08-28,train,32.4,1493.9,3714.0,0.135,0.206,195.1,170.8,65.7,0.411,3470.9,Dozer Line,6.5,Brush,1,Held
CA-MNF-013028,August Complex,CA-MNF-013028_seg_00298,2020-08-28,train,20.7,1342.2,3461.6,0.077,0.074,266.0,101.8,74.2,0.273,3323.4,Completed Hand Line,2.0,Brush,1,Held
CA-MNF-013028,August Complex,CA-MNF-013028_seg_00299,2020-08-28,train,29.5,1566.7,2762.8,0.28,0.211,230.2,115.0,25.1,0.905,2259.5,Dozer Line,6.5,Brush,1,Held
CA-MNF-013028,August Complex,CA-MNF-013028_seg_00300,2020-08-28,train,22.1,1445.6,4322.5,0.024,0.028,262.4,131.9,40.6,0.76,4279.1,Dozer Line,6.5,Brush,1,Held
CA-MNF-013028,August Complex,CA-MNF-013028_seg_00301,2020-08-28,train,12.2,1433.6,363.0,0.708,0.226,279.6,123.7,65.9,0.408,-911.4,Dozer Line,6.5,Brush,1,Held
CA-MNF-013028,August Complex,CA-MNF-013028_seg_00302,2020-08-28,train,29.7,1263.4,1100.4,0.689,0.299,252.1,131.8,30.3,0.863,-140.0,Road as Line,9.0,Brush,1,Held
CA-MNF-013028,August Complex,CA-MNF-013028_seg_00303,2020-08-28,train,20.1,1296.6,355.1,0.85,0.126,255.9,160.2,5.8,0.995,-1174.4,Road as Line,9.0,Brush,0,Burned Over
CA-MNF-013028,August Complex,CA-MNF-013028_seg_00304,2020-08-28,train,29.3,1072.7,211.1,0.698,0.201,210.5,42.8,77.8,0.212,-1045.5,Dozer Line,6.5,Brush,1,Held
CA-MNF-013028,August Complex,CA-MNF-013028_seg_00305,2020-08-28,train,11.6,851.1,181.3,0.779,0.152,252.9,35.9,53.0,0.602,-1221.4,Road as Line,9.0,Brush,1,Held
CA-MNF-013028,August Complex,CA-MNF-013028_seg_00306,2020-08-28,train,22.9,586.4,1092.6,0.811,0.179,261.6,16.4,24.8,0.907,-367.6,Dozer Line,6.5,Brush,1,Held
CA-MNF-013028,August Complex,CA-MNF-013028_seg_00307,2020-08-28,train,29.0,1141.2,1824.3,0.436,0.281,240.8,11.1,40.3,0.763,1040.4,Dozer Line,6.5,Brush,1,Held
CA-MNF-013028,August Complex,CA-MNF-013028_seg_00308,2020-08-28,train,16.3,466.7,800.8,0.631,0.297,205.8,147.3,31.5,0.853,-335.0,Completed Hand Line,2.0,Brush,1,Held
CA-MNF-013028,August Complex,CA-MNF-013028_seg_00309,2020-08-28,train,13.8,1553.8,2918.6,0.04,0.054,254.4,90.4,74.0,0.276,2847.4,Dozer Line,6.5,Brush,1,Held
CA-MNF-013028,August Complex,CA-MNF-013028_seg_00310,2020-08-28,train,19.6,2032.2,311.9,0.862,0.147,192.1,145.5,43.4,0.727,-1240.5,Completed Hand Line,2.0,Brush,0,Burned Over
CA-MNF-013028,August Complex,CA-MNF-013028_seg_00311,2020-08-28,train,41.8,1061.9,233.2,0.939,0.064,229.6,164.6,24.9,0.907,-1457.5,Dozer Line,6.5,Brush,0,Burned Over
CA-MNF-013028,August Complex,CA-MNF-013028_seg_00312,2020-08-28,train,9.8,1211.3,802.8,0.573,0.34,235.3,94.1,51.2,0.626,-228.8,Road as Line,9.0,Brush,0,Burned Over
CA-MNF-013028,August Complex,CA-MNF-013028_seg_00313,2020-08-28,train,20.4,950.9,1070.5,0.479,0.295,233.6,51.5,87.9,0.036,207.9,Dozer Line,6.5,Brush,1,Held
CA-MNF-013028,August Complex,CA-MNF-013028_seg_00314,2020-08-28,train,27.0,1069.0,1569.7,0.372,0.264,285.7,109.6,86.2,0.067,899.9,Dozer Line,6.5,Brush,1,Held
CA-MNF-013028,August Complex,CA-MNF-013028_seg_00315,2020-08-28,train,20.9,1156.5,583.3,0.857,0.183,240.6,147.1,3.5,0.998,-959.4,Dozer Line,6.5,Brush,0,Burned Over
CA-MNF-013028,August Complex,CA-MNF-013028_seg_00316,2020-08-28,train,20.4,1473.8,526.7,0.833,0.137,220.0,148.6,18.6,0.948,-973.5,Dozer Line,6.5,Brush,0,Burned Over
CA-MNF-013028,August Complex,CA-MNF-013028_seg_00317,2020-08-28,train,3.9,1141.9,1019.0,0.593,0.315,254.3,147.8,16.6,0.959,-48.1,Dozer Line,6.5,Brush,0,Burned Over
CA-MNF-013028,August Complex,CA-MNF-013028_seg_00318,2020-08-28,train,23.1,1325.3,2326.6,0.442,0.424,245.1,149.9,5.1,0.996,1530.8,Road as Line,9.0,Brush,1,Held
CA-MNF-013028,August Complex,CA-MNF-013028_seg_00319,2020-08-28,train,21.6,603.1,187.2,0.82,0.145,226.3,22.3,66.0,0.407,-1287.9,Completed Hand Line,2.0,Brush,0,Burned Over
CA-MNF-013028,August Complex,CA-MNF-013028_seg_00320,2020-08-28,train,38.3,1483.8,1551.0,0.771,0.17,240.7,134.8,15.9,0.962,163.6,Road as Line,9.0,Brush,0,Burned Over
CA-MNF-013028,August Complex,CA-MNF-013028_seg_00321,2020-08-28,train,11.2,783.4,782.2,0.629,0.366,279.5,48.4,38.9,0.778,-350.9,Dozer Line,6.5,Brush,1,Held
CA-MNF-013028,August Complex,CA-MNF-013028_seg_00322,2020-08-28,train,21.3,1063.3,2112.2,0.34,0.324,227.2,45.4,88.3,0.03,1500.6,Dozer Line,6.5,Brush,1,Held
CA-MNF-013028,August Complex,CA-MNF-013028_seg_00323,2020-08-28,train,32.1,1095.1,2236.8,0.448,0.324,237.6,121.9,25.7,0.901,1429.8,Road as Line,9.0,Brush,1,Held
CA-MNF-013028,August Complex,CA-MNF-013028_seg_00324,2020-08-28,train,12.1,811.6,287.3,0.846,0.187,300.0,53.7,23.8,0.915,-1235.9,Completed Hand Line,2.0,Brush,0,Burned Over
CA-MNF-013028,August Complex,CA-MNF-013028_seg_00325,2020-08-28,train,17.3,1330.0,1890.2,0.289,0.33,274.2,27.0,22.8,0.922,1369.2,Road as Line,9.0,Brush,1,Held
CA-MNF-013028,August Complex,CA-MNF-013028_seg_00326,2020-08-28,train,9.1,1008.3,510.4,0.698,0.176,227.7,179.5,41.8,0.745,-746.4,Road as Line,9.0,Brush,1,Held
CA-MNF-013028,August Complex,CA-MNF-013028_seg_00327,2020-08-28,train,15.7,1063.6,1994.0,0.123,0.141,269.9,96.2,83.6,0.111,1772.3,Road as Line,9.0,Brush,1,Held
CA-MNF-013028,August Complex,CA-MNF-013028_seg_00328,2020-08-28,train,25.7,1166.5,509.1,0.68,0.214,257.2,23.0,35.9,0.81,-715.7,Road as Line,9.0,Brush,1,Held
CA-MNF-013028,August Complex,CA-MNF-013028_seg_00329,2020-08-28,train,33.7,745.0,2011.9,0.321,0.238,237.4,55.3,87.9,0.037,1434.3,Completed Hand Line,2.0,Brush,1,Held
CA-MNF-013028,August Complex,CA-MNF-013028_seg_00330,2020-08-28,train,11.2,372.2,2792.5,0.065,0.072,204.8,12.8,78.0,0.207,2674.6,Dozer Line,6.5,Brush,1,Held
CA-MNF-013028,August Complex,CA-MNF-013028_seg_00331,2020-08-28,train,26.6,1252.1,1161.1,0.408,0.27,263.4,73.7,80.2,0.17,426.5,Road as Line,9.0,Brush,1,Held
CA-MNF-013028,August Complex,CA-MNF-013028_seg_00332,2020-08-28,train,17.9,951.6,155.7,0.898,0.089,240.0,114.2,35.8,0.811,-1460.1,Road as Line,9.0,Brush,0,Burned Over
CA-MNF-013028,August Complex,CA-MNF-013028_seg_00333,2020-08-28,train,28.5,1511.2,769.8,0.675,0.184,264.2,114.0,60.2,0.497,-444.6,Dozer Line,6.5,Brush,1,Held
CA-MNF-013028,August Complex,CA-MNF-013028_seg_00334,2020-08-28,train,37.3,809.6,1505.2,0.471,0.372,234.4,34.3,69.9,0.344,657.9,Dozer Line,6.5,Brush,1,Held
CA-MNF-013028,August Complex,CA-MNF-013028_seg_00335,2020-08-28,train,19.1,920.4,574.9,0.87,0.158,236.8,148.3,1.5,1.0,-990.6,Dozer Line,6.5,Brush,0,Burned Over
CA-MNF-013028,August Complex,CA-MNF-013028_seg_00336,2020-08-28,train,38.2,685.5,400.5,0.828,0.171,287.4,64.7,47.3,0.679,-1090.4,Dozer Line,6.5,Brush,0,Burned Over
CA-MNF-013028,August Complex,CA-MNF-013028_seg_00337,2020-08-28,train,10.0,1053.3,698.0,0.525,0.418,241.8,30.4,58.6,0.52,-246.6,Dozer Line,6.5,Brush,1,Held
CA-MNF-013028,August Complex,CA-MNF-013028_seg_00338,2020-08-28,train,21.6,1615.2,173.9,0.788,0.197,237.3,117.6,29.7,0.869,-1243.6,Dozer Line,6.5,Brush,0,Burned Over
CA-MNF-013028,August Complex,CA-MNF-013028_seg_00339,2020-08-28,train,10.0,933.3,1450.5,0.174,0.202,236.7,54.2,87.5,0.044,1137.0,Dozer Line,6.5,Brush,1,Held
CA-MNF-013028,August Complex,CA-MNF-013028_seg_00340,2020-08-28,train,17.6,1065.8,284.8,0.82,0.157,249.2,20.5,41.3,0.751,-1191.2,Dozer Line,6.5,Brush,1,Held
CA-MNF-013028,August Complex,CA-MNF-013028_seg_00341,2020-08-28,train,24.4,1072.1,429.4,0.618,0.189,261.4,89.3,82.0,0.139,-683.9,Road as Line,9.0,Brush,1,Held
CA-MNF-013028,August Complex,CA-MNF-013028_seg_00342,2020-08-28,train,17.5,1003.1,1010.2,0.547,0.262,243.5,16.2,42.7,0.734,25.8,Dozer Line,6.5,Brush,1,Held
CA-MNF-013028,August Complex,CA-MNF-013028_seg_00343,2020-08-28,train,22.9,943.5,198.3,0.867,0.129,235.9,31.4,65.5,0.414,-1361.8,Road as Line,9.0,Brush,1,Held
CA-MNF-013028,August Complex,CA-MNF-013028_seg_00344,2020-08-28,train,27.0,1755.9,374.3,0.889,0.141,231.6,119.4,22.2,0.926,-1225.2,Completed Hand Line,2.0,Brush,0,Burned Over
CA-MNF-013028,August Complex,CA-MNF-013028_seg_00345,2020-08-28,train,30.3,1245.0,530.7,0.87,0.181,215.6,173.2,47.6,0.674,-1034.8,Road as Line,9.0,Brush,1,Held
CA-MNF-013028,August Complex,CA-MNF-013028_seg_00346,2020-08-28,train,19.0,1059.6,358.4,0.825,0.231,221.9,169.6,37.7,0.791,-1126.5,Road as Line,9.0,Brush,1,Held
CA-MNF-013028,August Complex,CA-MNF-013028_seg_00347,2020-08-28,train,23.7,1046.6,2338.2,0.268,0.337,255.4,123.2,42.2,0.74,1855.8,Dozer Line,6.5,Brush,1,Held
CA-MNF-013028,August Complex,CA-MNF-013028_seg_00348,2020-08-28,train,29.8,1077.8,1509.6,0.472,0.34,247.9,126.8,31.1,0.857,660.4,Completed Hand Line,2.0,Brush,0,Burned Over
CA-MNF-013028,August Complex,CA-MNF-013028_seg_00349,2020-08-28,train,20.0,562.2,1450.6,0.579,0.36,245.2,17.1,42.0,0.743,408.3,Dozer Line,6.5,Brush,1,Held
CA-MNF-013028,August Complex,CA-MNF-013028_seg_00350,2020-08-28,train,21.8,1216.9,354.8,0.592,0.403,267.7,115.8,61.9,0.471,-711.4,Dozer Line,6.5,Brush,1,Held
CA-MNF-013028,August Complex,CA-MNF-013028_seg_00351,2020-08-28,train,21.5,1210.5,1387.1,0.408,0.304,233.0,40.1,77.1,0.223,652.2,Road as Line,9.0,Brush,1,Held
CA-MNF-013028,August Complex,CA-MNF-013028_seg_00352,2020-08-28,train,23.5,933.7,1421.4,0.413,0.329,261.5,89.5,82.0,0.14,677.6,Dozer Line,6.5,Brush,1,Held
CA-MNF-013028,August Complex,CA-MNF-013028_seg_00353,2020-08-28,train,16.8,881.3,428.1,0.552,0.288,221.8,91.5,40.3,0.763,-565.9,Dozer Line,6.5,Brush,1,Held
CA-MNF-013028,August Complex,CA-MNF-013028_seg_00354,2020-08-28,train,17.4,647.6,1434.6,0.318,0.338,242.9,85.2,67.7,0.379,862.7,Dozer Line,6.5,Brush,1,Held
CA-MNF-013028,August Complex,CA-MNF-013028_seg_00355,2020-08-28,train,20.3,1383.6,1603.2,0.336,0.21,256.5,94.0,72.5,0.3,998.7,Road as Line,9.0,Brush,1,Held
CA-MNF-013028,August Complex,CA-MNF-013028_seg_00356,2020-08-28,train,18.3,927.0,748.9,0.701,0.318,211.4,167.4,46.1,0.694,-512.6,Dozer Line,6.5,Brush,0,Burned Over
CA-MNF-013028,August Complex,CA-MNF-013028_seg_00357,2020-08-28,train,11.8,1343.7,868.5,0.442,0.23,217.8,139.0,11.2,0.981,73.2,Dozer Line,6.5,Brush,1,Held
CA-MNF-013028,August Complex,CA-MNF-013028_seg_00358,2020-08-28,train,15.2,1714.2,1001.9,0.381,0.325,256.0,86.9,79.1,0.19,316.2,Road as Line,9.0,Brush,1,Held
CA-MNF-013028,August Complex,CA-MNF-013028_seg_00359,2020-08-28,train,11.0,515.3,732.7,0.456,0.388,289.1,90.7,71.6,0.316,-88.7,Dozer Line,6.5,Brush,0,Burned Over
CA-MNF-013028,August Complex,CA-MNF-013028_seg_00360,2020-08-28,train,23.4,920.9,1594.8,0.246,0.279,244.8,74.3,80.5,0.164,1151.1,Completed Hand Line,2.0,Brush,1,Held
CA-MNF-013028,August Complex,CA-MNF-013028_seg_00361,2020-08-28,train,17.5,942.3,562.0,0.832,0.249,228.2,112.4,25.8,0.9,-935.9,Road as Line,9.0,Brush,0,Burned Over
CA-MNF-013028,August Complex,CA-MNF-013028_seg_00362,2020-08-28,train,14.5,994.1,671.1,0.555,0.362,219.2,20.8,71.6,0.316,-327.3,Dozer Line,6.5,Brush,1,Held
CA-MNF-013028,August Complex,CA-MNF-013028_seg_00363,2020-08-28,train,39.0,948.1,1037.6,0.814,0.223,256.1,145.5,20.6,0.936,-427.0,Dozer Line,6.5,Brush,0,Burned Over
CA-MNF-013028,August Complex,CA-MNF-013028_seg_00364,2020-08-28,train,28.7,1039.4,1557.7,0.753,0.155,235.6,151.1,5.5,0.995,202.5,Road as Line,9.0,Brush,1,Held
CA-MNF-013028,August Complex,CA-MNF-013028_seg_00365,2020-08-28,train,4.0,1053.8,1138.6,0.643,0.367,247.7,133.6,24.1,0.913,-19.0,Dozer Line,6.5,Brush,0,Burned Over
CA-MNF-013028,August Complex,CA-MNF-013028_seg_00366,2020-08-28,train,36.6,432.9,599.9,0.861,0.126,241.9,175.6,23.7,0.916,-949.9,Road as Line,9.0,Brush,0,Burned Over
CA-MNF-013028,August Complex,CA-MNF-013028_seg_00367,2020-08-28,train,4.6,1471.2,1401.7,0.279,0.282,245.8,126.8,29.0,0.875,899.6,Road as Line,9.0,Brush,1,Held
CA-MNF-013028,August Complex,CA-MNF-013028_seg_00368,2020-08-28,train,34.2,1333.5,379.1,0.756,0.227,225.6,33.7,78.0,0.207,-981.3,Road as Line,9.0,Brush,1,Held
CA-MNF-013028,August Complex,CA-MNF-013028_seg_00369,2020-08-28,train,30.1,1090.1,351.8,0.883,0.088,255.0,127.7,37.3,0.796,-1238.3,Completed Hand Line,2.0,Brush,0,Burned Over
CA-MNF-013028,August Complex,CA-MNF-013028_seg_00370,2020-08-28,train,22.7,644.4,1989.1,0.248,0.183,239.2,64.5,84.7,0.092,1543.6,Dozer Line,6.5,Brush,1,Held
CA-MNF-013028,August Complex,CA-MNF-013028_seg_00371,2020-08-28,train,21.1,950.4,438.0,0.726,0.202,235.7,39.8,74.1,0.274,-869.3,Road as Line,9.0,Brush,0,Burned Over
CA-MNF-013028,August Complex,CA-MNF-013028_seg_00372,2020-08-28,train,1.0,1540.5,1476.5,0.273,0.28,204.2,1.6,67.4,0.384,985.7,Road as Line,9.0,Brush,1,Held
CA-MNF-013028,August Complex,CA-MNF-013028_seg_00373,2020-08-28,train,40.1,764.2,735.1,0.841,0.228,229.2,170.1,30.9,0.858,-779.5,Road as Line,9.0,Brush,0,Burned Over
CA-MNF-013028,August Complex,CA-MNF-013028_seg_00374,2020-08-28,train,22.9,1001.3,406.6,0.737,0.188,196.5,161.7,55.2,0.571,-919.4,Completed Hand Line,2.0,Brush,0,Burned Over
CA-MNF-013028,August Complex,CA-MNF-013028_seg_00375,2020-08-28,train,27.4,1577.9,2552.5,0.333,0.297,236.7,139.2,7.4,0.992,1952.4,Road as Line,9.0,Brush,1,Held
CA-MNF-013028,August Complex,CA-MNF-013028_seg_00376,2020-08-28,train,5.0,598.0,350.3,0.744,0.169,227.6,134.4,3.2,0.998,-989.7,Dozer Line,6.5,Brush,0,Burned Over
CA-MNF-013028,August Complex,CA-MNF-013028_seg_00377,2020-08-28,train,19.1,875.8,739.3,0.412,0.198,230.4,46.6,86.1,0.068,-2.9,Road as Line,9.0,Brush,1,Held
CA-MNF-013028,August Complex,CA-MNF-013028_seg_00378,2020-08-28,train,11.8,667.3,1598.3,0.264,0.176,286.2,105.4,89.2,0.014,1123.6,Road as Line,9.0,Brush,1,Held
CA-MNF-013028,August Complex,CA-MNF-013028_seg_00379,2020-08-28,train,12.4,1136.0,1447.1,0.365,0.217,220.6,71.1,59.5,0.507,789.3,Dozer Line,6.5,Brush,1,Held
CA-MNF-013028,August Complex,CA-MNF-013028_seg_00380,2020-08-28,train,20.8,1289.1,3096.4,0.068,0.074,254.0,121.9,42.1,0.742,2973.9,Completed Hand Line,2.0,Brush,1,Held
CA-MNF-013028,August Complex,CA-MNF-013028_seg_00381,2020-08-28,train,22.6,1125.1,1074.4,0.509,0.387,261.1,107.4,63.7,0.443,158.3,Completed Hand Line,2.0,Brush,1,Held
CA-MNF-013028,August Complex,CA-MNF-013028_seg_00382,2020-08-28,train,13.4,844.8,449.4,0.642,0.225,251.7,29.0,47.3,0.678,-706.8,Road as Line,9.0,Brush,0,Burned Over
CA-MNF-013028,August Complex,CA-MNF-013028_seg_00383,2020-08-28,train,10.1,2125.3,1107.3,0.408,0.217,243.1,83.0,70.1,0.341,373.1,Road as Line,9.0,Brush,1,Held
CA-MNF-013028,August Complex,CA-MNF-013028_seg_00384,2020-08-28,train,31.5,1453.9,1309.6,0.63,0.291,259.2,18.0,28.9,0.876,175.2,Road as Line,9.0,Brush,1,Held
CA-MNF-013028,August Complex,CA-MNF-013028_seg_00385,2020-08-28,train,18.6,794.6,821.0,0.559,0.252,260.0,56.9,66.9,0.392,-185.3,Road as Line,9.0,Brush,1,Held
CA-MNF-013028,August Complex,CA-MNF-013028_seg_00386,2020-08-28,train,32.9,1478.0,895.8,0.842,0.18,234.2,158.0,13.8,0.971,-619.7,Dozer Line,6.5,Brush,0,Burned Over
CA-MNF-013028,August Complex,CA-MNF-013028_seg_00387,2020-08-28,train,18.2,1221.3,516.6,0.629,0.204,251.0,97.0,64.1,0.437,-615.2,Dozer Line,6.5,Brush,1,Held
CA-MNF-013028,August Complex,CA-MNF-013028_seg_00388,2020-08-28,train,17.5,789.5,2991.2,0.123,0.194,221.3,106.2,25.1,0.906,2769.5,Dozer Line,6.5,Brush,1,Held
CA-MNF-013028,August Complex,CA-MNF-013028_seg_00389,2020-08-28,train,37.3,1200.5,562.7,0.893,0.114,221.7,132.0,0.3,1.0,-1044.5,Dozer Line,6.5,Brush,0,Burned Over
CA-MNF-013028,August Complex,CA-MNF-013028_seg_00390,2020-08-28,train,10.4,1268.0,1016.2,0.438,0.431,233.1,29.9,66.7,0.395,226.9,Road as Line,9.0,Brush,1,Held
CA-MNF-013028,August Complex,CA-MNF-013028_seg_00391,2020-08-28,train,22.9,771.8,952.5,0.678,0.184,262.7,39.4,46.7,0.686,-267.5,Dozer Line,6.5,Brush,1,Held
CA-MNF-013028,August Complex,CA-MNF-013028_seg_00392,2020-08-28,train,23.9,721.6,4880.3,0.028,0.037,231.0,8.4,47.4,0.677,4829.1,Road as Line,9.0,Brush,1,Held
CA-MNF-013028,August Complex,CA-MNF-013028_seg_00393,2020-08-28,train,20.5,892.0,695.5,0.626,0.308,223.3,117.7,15.7,0.963,-431.5,Dozer Line,6.5,Brush,0,Burned Over
CA-MNF-013028,August Complex,CA-MNF-013028_seg_00394,2020-08-28,train,36.4,675.9,939.6,0.698,0.198,226.3,87.6,48.6,0.661,-316.1,Dozer Line,6.5,Brush,1,Held
CA-MNF-013028,August Complex,CA-MNF-013028_seg_00395,2020-08-28,train,27.6,1153.9,1666.1,0.382,0.38,255.7,65.2,79.5,0.181,978.3,Road as Line,9.0,Brush,1,Held
CA-MNF-013028,August Complex,CA-MNF-013028_seg_00396,2020-08-28,train,27.2,1150.7,177.2,0.886,0.097,270.2,150.0,30.2,0.865,-1417.8,Road as Line,9.0,Brush,1,Held
CA-MNF-013028,August Complex,CA-MNF-013028_seg_00397,2020-08-28,train,24.4,1354.0,3960.9,0.021,0.017,224.1,32.4,78.3,0.203,3922.9,Road as Line,9.0,Brush,1,Held
CA-MNF-013028,August Complex,CA-MNF-013028_seg_00398,2020-08-28,train,27.0,1428.1,2573.6,0.462,0.348,263.0,178.7,5.7,0.995,1741.4,Road as Line,9.0,Brush,1,Held
CA-MNF-013028,August Complex,CA-MNF-013028_seg_00399,2020-08-28,train,16.1,952.5,653.5,0.771,0.182,219.4,130.4,0.9,1.0,-733.6,Dozer Line,6.5,Brush,1,Held
CA-MNF-013028,August Complex,CA-MNF-013028_seg_00400,2020-08-28,train,13.8,1363.5,344.4,0.638,0.327,263.7,75.6,81.9,0.141,-803.6,Dozer Line,6.5,Brush,1,Held
CA-MNF-013028,August Complex,CA-MNF-013028_seg_00401,2020-08-28,train,29.0,1397.0,1260.0,0.487,0.393,265.0,23.5,28.5,0.879,383.9,Road as Line,9.0,Brush,1,Held
CA-MNF-013028,August Complex,CA-MNF-013028_seg_00402,2020-08-28,train,25.0,1514.1,2095.2,0.21,0.231,249.8,41.3,61.5,0.477,1716.4,Road as Line,9.0,Brush,1,Held
CA-MNF-013028,August Complex,CA-MNF-013028_seg_00403,2020-08-28,train,24.8,1253.4,467.6,0.598,0.403,255.3,85.9,79.4,0.183,-608.9,Dozer Line,6.5,Brush,1,Held
CA-MNF-013028,August Complex,CA-MNF-013028_seg_00404,2020-08-28,train,10.5,1212.7,158.7,0.566,0.274,227.8,21.2,63.4,0.447,-859.5,Dozer Line,6.5,Brush,1,Held
CA-MNF-013028,August Complex,CA-MNF-013028_seg_00405,2020-08-28,train,39.7,1084.3,696.2,0.843,0.206,240.2,76.2,73.9,0.277,-821.2,Dozer Line,6.5,Brush,0,Burned Over
CA-MNF-013028,August Complex,CA-MNF-013028_seg_00406,2020-08-28,train,30.3,794.7,589.5,0.743,0.293,227.5,45.7,88.2,0.032,-748.6,Completed Hand Line,2.0,Brush,0,Burned Over
CA-MNF-013028,August Complex,CA-MNF-013028_seg_00407,2020-08-28,train,26.6,587.7,439.7,0.765,0.243,230.3,29.1,68.9,0.361,-937.7,Road as Line,9.0,Brush,1,Held
CA-MNF-013028,August Complex,CA-MNF-013028_seg_00408,2020-08-28,train,21.8,1135.2,338.4,0.8,0.138,264.1,16.4,22.3,0.925,-1100.9,Dozer Line,6.5,Brush,1,Held
CA-MNF-013028,August Complex,CA-MNF-013028_seg_00409,2020-08-28,train,39.3,345.2,1033.3,0.679,0.38,238.6,110.5,38.0,0.788,-189.8,Road as Line,9.0,Brush,0,Burned Over
CA-MNF-013028,August Complex,CA-MNF-013028_seg_00410,2020-08-28,train,34.6,1253.0,554.3,0.857,0.161,271.5,144.7,36.8,0.801,-988.7,Dozer Line,6.5,Brush,1,Held
CA-MNF-013028,August Complex,CA-MNF-013028_seg_00411,2020-08-28,train,22.2,1100.6,5000.0,0.009,0.011,248.5,28.3,49.9,0.644,4983.9,Road as Line,9.0,Brush,1,Held
CA-MNF-013028,August Complex,CA-MNF-013028_seg_00412,2020-08-28,train,23.6,1238.2,2274.7,0.201,0.284,260.9,51.2,60.3,0.496,1912.2,Dozer Line,6.5,Brush,1,Held
CA-MNF-013028,August Complex,CA-MNF-013028_seg_00413,2020-08-28,train,17.0,1513.9,777.3,0.582,0.266,251.1,47.0,65.9,0.408,-270.6,Completed Hand Line,2.0,Brush,0,Burned Over
CA-MNF-013028,August Complex,CA-MNF-013028_seg_00414,2020-08-28,train,10.4,1556.5,1571.8,0.214,0.264,270.2,103.5,76.7,0.23,1186.7,Road as Line,9.0,Brush,1,Held
CA-MNF-013028,August Complex,CA-MNF-013028_seg_00415,2020-08-28,train,24.9,648.7,298.3,0.888,0.179,270.8,4.9,4.1,0.997,-1299.9,Road as Line,9.0,Brush,1,Held
CA-MNF-013028,August Complex,CA-MNF-013028_seg_00416,2020-08-28,train,19.0,1505.5,2291.8,0.323,0.322,245.1,1.8,26.7,0.894,1710.8,Road as Line,9.0,Brush,1,Held
CA-MNF-013028,August Complex,CA-MNF-013028_seg_00417,2020-08-28,train,23.2,776.6,526.1,0.77,0.303,273.7,161.0,22.7,0.923,-859.6,Dozer Line,6.5,Brush,0,Burned Over
CA-MNF-013028,August Complex,CA-MNF-013028_seg_00418,2020-08-28,train,17.6,1266.0,494.7,0.59,0.219,236.4,36.5,70.1,0.341,-566.4,Completed Hand Line,2.0,Brush,1,Held
CA-MNF-013028,August Complex,CA-MNF-013028_seg_00419,2020-08-28,train,12.0,650.8,201.8,0.792,0.213,217.3,97.5,29.9,0.867,-1224.4,Completed Hand Line,2.0,Brush,0,Burned Over
CA-MNF-013028,August Complex,CA-MNF-013028_seg_00420,2020-08-28,train,23.5,92.1,544.6,0.881,0.09,249.6,164.9,5.3,0.996,-1040.3,Road as Line,9.0,Brush,0,Burned Over
CA-MNF-013028,August Complex,CA-MNF-013028_seg_00421,2020-08-28,train,21.9,749.9,380.6,0.709,0.26,275.6,123.5,62.1,0.468,-894.9,Road as Line,9.0,Brush,1,Held
CA-MNF-013028,August Complex,CA-MNF-013028_seg_00422,2020-08-28,train,18.1,828.8,510.8,0.742,0.244,231.0,110.3,30.7,0.86,-824.3,Road as Line,9.0,Brush,1,Held
CA-MNF-013028,August Complex,CA-MNF-013028_seg_00423,2020-08-28,train,35.6,1233.4,2461.7,0.233,0.166,242.7,67.0,85.7,0.076,2042.9,Road as Line,9.0,Brush,1,Held
CA-MNF-013028,August Complex,CA-MNF-013028_seg_00424,2020-08-28,train,28.5,1067.9,725.4,0.809,0.147,275.8,77.8,72.0,0.309,-731.2,Road as Line,9.0,Brush,1,Held
CA-MNF-013028,August Complex,CA-MNF-013028_seg_00425,2020-08-28,train,21.5,1780.8,1680.0,0.271,0.269,248.7,93.1,65.7,0.412,1192.5,Road as Line,9.0,Brush,1,Held
CA-MNF-013028,August Complex,CA-MNF-013028_seg_00426,2020-08-28,train,28.1,1696.6,1342.7,0.589,0.281,227.8,85.8,52.1,0.615,281.6,Road as Line,9.0,Brush,1,Held
CA-MNF-013028,August Complex,CA-MNF-013028_seg_00427,2020-08-28,train,22.6,1276.6,4110.0,0.088,0.116,253.3,156.1,7.1,0.992,3952.0,Dozer Line,6.5,Brush,1,Held
CA-MNF-013028,August Complex,CA-MNF-013028_seg_00428,2020-08-28,train,12.8,912.2,2794.7,0.192,0.222,232.9,132.6,10.4,0.984,2449.6,Dozer Line,6.5,Brush,1,Held
CA-MNF-013028,August Complex,CA-MNF-013028_seg_00429,2020-08-28,train,32.8,842.0,2417.8,0.282,0.208,255.7,102.9,62.8,0.457,1910.8,Dozer Line,6.5,Brush,1,Held
CA-MNF-013028,August Complex,CA-MNF-013028_seg_00430,2020-08-28,train,16.4,928.9,2533.6,0.208,0.29,227.6,80.1,57.6,0.536,2160.0,Dozer Line,6.5,Brush,1,Held
CA-MNF-013028,August Complex,CA-MNF-013028_seg_00431,2020-08-28,train,8.9,1028.2,1597.6,0.438,0.222,255.6,169.3,3.7,0.998,808.6,Dozer Line,6.5,Brush,1,Held
CA-MNF-013028,August Complex,CA-MNF-013028_seg_00432,2020-08-28,train,23.5,1447.2,254.3,0.883,0.151,244.1,137.7,16.4,0.959,-1334.4,Completed Hand Line,2.0,Brush,0,Burned Over
CA-MNF-013028,August Complex,CA-MNF-013028_seg_00433,2020-08-28,train,34.3,995.3,2338.0,0.451,0.411,274.0,23.6,19.6,0.942,1526.0,Dozer Line,6.5,Brush,0,Burned Over
CA-MNF-013028,August Complex,CA-MNF-013028_seg_00434,2020-08-28,train,20.2,829.9,4339.7,0.014,0.02,241.0,80.1,70.9,0.327,4314.2,Road as Line,9.0,Brush,1,Held
CA-MNF-013028,August Complex,CA-MNF-013028_seg_00435,2020-08-28,train,20.1,605.4,661.7,0.588,0.301,210.0,55.7,64.2,0.435,-395.8,Dozer Line,6.5,Brush,1,Held
CA-MNF-013028,August Complex,CA-MNF-013028_seg_00436,2020-08-28,train,22.0,1743.4,655.7,0.786,0.289,242.5,152.6,0.2,1.0,-759.9,Completed Hand Line,2.0,Brush,0,Burned Over
CA-MNF-013028,August Complex,CA-MNF-013028_seg_00437,2020-08-28,train,25.2,836.0,158.7,0.785,0.229,230.6,41.6,81.1,0.155,-1254.8,Dozer Line,6.5,Brush,1,Held
CA-MNF-013028,August Complex,CA-MNF-013028_seg_00438,2020-08-28,train,27.6,837.4,808.3,0.772,0.301,247.2,47.3,70.1,0.34,-581.8,Road as Line,9.0,Brush,1,Held
CA-MNF-013028,August Complex,CA-MNF-013028_seg_00439,2020-08-28,train,5.6,1071.7,2454.7,0.086,0.113,251.8,74.3,87.5,0.044,2300.3,Road as Line,9.0,Brush,1,Held
CA-MNF-013028,August Complex,CA-MNF-013028_seg_00440,2020-08-28,train,23.6,1126.4,1068.8,0.705,0.222,248.6,8.9,30.3,0.863,-199.9,Road as Line,9.0,Brush,1,Held
CA-MNF-013028,August Complex,CA-MNF-013028_seg_00441,2020-08-28,train,30.5,1338.6,598.0,0.418,0.307,266.5,61.5,65.0,0.422,-154.5,Road as Line,9.0,Brush,1,Held
CA-MNF-013028,August Complex,CA-MNF-013028_seg_00442,2020-08-28,train,21.1,1213.4,238.9,0.859,0.199,232.2,139.6,2.5,0.999,-1306.7,Road as Line,9.0,Brush,0,Burned Over
CA-MNF-013028,August Complex,CA-MNF-013028_seg_00443,2020-08-28,train,15.2,1130.1,852.1,0.654,0.285,244.6,138.8,15.8,0.962,-325.4,Road as Line,9.0,Brush,0,Burned Over
CA-MNF-013028,August Complex,CA-MNF-013028_seg_00444,2020-08-28,train,24.3,578.3,618.2,0.561,0.428,241.0,56.2,85.2,0.083,-391.7,Dozer Line,6.5,Brush,1,Held
CA-MNF-013028,August Complex,CA-MNF-013028_seg_00445,2020-08-28,train,39.8,1331.7,444.8,0.928,0.076,266.5,155.5,21.0,0.933,-1224.8,Dozer Line,6.5,Brush,0,Burned Over
CA-MNF-013028,August Complex,CA-MNF-013028_seg_00446,2020-08-28,train,20.8,1111.4,1986.1,0.299,0.246,218.4,7.6,59.2,0.513,1447.7,Dozer Line,6.5,Brush,1,Held
CA-MNF-013028,August Complex,CA-MNF-013028_seg_00447,2020-08-28,train,7.9,505.6,1327.4,0.533,0.374,271.8,179.5,2.3,0.999,367.8,Road as Line,9.0,Brush,1,Held
CA-MNF-013028,August Complex,CA-MNF-013028_seg_00448,2020-08-28,train,20.2,1712.9,2114.9,0.392,0.355,232.9,136.2,6.7,0.993,1410.0,Dozer Line,6.5,Brush,1,Held
CA-MNF-013028,August Complex,CA-MNF-013028_seg_00449,2020-08-28,train,22.9,726.1,1583.0,0.401,0.276,249.7,53.0,73.3,0.287,860.7,Road as Line,9.0,Brush,1,Held
CA-MNF-013028,August Complex,CA-MNF-013028_seg_00450,2020-08-28,train,16.1,1482.4,352.1,0.805,0.183,240.6,12.4,41.8,0.745,-1096.7,Dozer Line,6.5,Brush,1,Held
CA-MNF-013028,August Complex,CA-MNF-013028_seg_00451,2020-08-28,train,23.6,1126.8,1945.4,0.61,0.347,247.2,154.2,3.0,0.999,848.1,Dozer Line,6.5,Brush,1,Held
CA-MNF-013028,August Complex,CA-MNF-013028_seg_00452,2020-08-28,train,22.2,656.8,617.4,0.718,0.268,238.9,110.3,38.5,0.782,-675.2,Dozer Line,6.5,Brush,1,Held
CA-MNF-013028,August Complex,CA-MNF-013028_seg_00453,2020-08-28,train,17.7,1264.7,274.8,0.741,0.28,210.7,87.4,33.3,0.836,-1059.3,Dozer Line,6.5,Brush,0,Burned Over
CA-MNF-013028,August Complex,CA-MNF-013028_seg_00454,2020-08-28,train,31.1,781.1,3344.7,0.214,0.285,251.0,12.8,31.8,0.85,2958.8,Dozer Line,6.5,Brush,1,Held
CA-MNF-013028,August Complex,CA-MNF-013028_seg_00455,2020-08-28,train,14.4,328.3,702.7,0.358,0.245,235.4,74.9,70.5,0.334,58.9,Dozer Line,6.5,Brush,1,Held
CA-MNF-013028,August Complex,CA-MNF-013028_seg_00456,2020-08-28,train,14.2,1936.7,1699.9,0.302,0.279,232.3,17.5,55.2,0.571,1156.6,Dozer Line,6.5,Brush,1,Held
CA-MNF-013028,August Complex,CA-MNF-013028_seg_00457,2020-08-28,train,12.7,1098.2,1371.4,0.461,0.364,231.1,19.0,57.9,0.531,541.4,Completed Hand Line,2.0,Brush,1,Held
CA-MNF-013028,August Complex,CA-MNF-013028_seg_00458,2020-08-28,train,26.7,841.2,5000.0,0.012,0.013,227.5,28.5,70.9,0.327,4978.3,Completed Hand Line,2.0,Brush,1,Held
CA-MNF-013028,August Complex,CA-MNF-013028_seg_00459,2020-08-28,train,12.5,1133.1,1275.1,0.509,0.391,232.2,130.7,11.5,0.98,358.0,Completed Hand Line,2.0,Brush,0,Burned Over
CA-MNF-013028,August Complex,CA-MNF-013028_seg_00460,2020-08-28,train,24.9,766.9,5000.0,0.017,0.029,225.1,130.7,4.4,0.997,4970.1,Dozer Line,6.5,Brush,1,Held
CA-MNF-013028,August Complex,CA-MNF-013028_seg_00461,2020-08-28,train,20.5,1145.2,1554.3,0.658,0.305,240.9,147.9,2.9,0.999,369.6,Completed Hand Line,2.0,Brush,1,Held
CA-MNF-013028,August Complex,CA-MNF-013028_seg_00462,2020-08-28,train,25.9,982.3,1197.2,0.595,0.215,248.9,66.1,87.2,0.049,126.8,Dozer Line,6.5,Brush,1,Held
CA-MNF-013028,August Complex,CA-MNF-013028_seg_00463,2020-08-28,train,6.2,997.4,2246.4,0.08,0.126,235.3,31.1,65.8,0.409,2102.3,Road as Line,9.0,Brush,1,Held
CA-MNF-013028,August Complex,CA-MNF-013028_seg_00464,2020-08-28,train,20.3,974.4,1918.3,0.445,0.3,223.7,10.1,56.3,0.554,1117.8,Completed Hand Line,2.0,Brush,1,Held
CA-MNF-013028,August Complex,CA-MNF-013028_seg_00465,2020-08-28,train,12.0,827.4,1953.0,0.329,0.186,232.4,2.1,39.7,0.77,1360.0,Dozer Line,6.5,Brush,1,Held
CA-MNF-013028,August Complex,CA-MNF-013028_seg_00466,2020-08-28,train,24.8,1120.6,748.8,0.814,0.198,219.7,131.7,2.0,0.999,-716.0,Dozer Line,6.5,Brush,0,Burned Over
CA-MNF-013028,August Complex,CA-MNF-013028_seg_00467,2020-08-28,train,24.8,1198.0,210.7,0.843,0.172,238.2,102.9,45.3,0.703,-1306.7,Road as Line,9.0,Brush,1,Held
CA-MNF-013028,August Complex,CA-MNF-013028_seg_00468,2020-08-28,train,18.2,722.9,411.9,0.725,0.209,220.7,117.4,13.3,0.973,-892.4,Dozer Line,6.5,Brush,0,Burned Over
CA-MNF-013028,August Complex,CA-MNF-013028_seg_00469,2020-08-28,train,20.2,1234.7,811.0,0.772,0.245,234.8,120.9,23.9,0.914,-578.4,Dozer Line,6.5,Brush,0,Burned Over
CA-MNF-013028,August Complex,CA-MNF-013028_seg_00470,2020-08-28,train,3.7,307.3,339.1,0.593,0.241,280.5,79.6,69.1,0.356,-728.1,Dozer Line,6.5,Brush,1,Held
CA-MNF-013028,August Complex,CA-MNF-013028_seg_00471,2020-08-28,train,24.0,1189.2,3286.3,0.087,0.065,270.1,170.8,9.3,0.987,3128.9,Road as Line,9.0,Brush,1,Held
CA-MNF-013028,August Complex,CA-MNF-013028_seg_00472,2020-08-28,train,22.9,1337.2,423.5,0.776,0.223,229.7,96.8,42.9,0.733,-973.0,Road as Line,9.0,Brush,1,Held
CA-MNF-013028,August Complex,CA-MNF-013028_seg_00473,2020-08-28,train,23.4,1559.8,203.3,0.864,0.187,252.8,119.4,43.4,0.726,-1352.0,Road as Line,9.0,Brush,1,Held
CA-MNF-013028,August Complex,CA-MNF-013028_seg_00474,2020-08-28,train,22.5,1446.7,2443.3,0.069,0.053,223.6,48.8,84.8,0.091,2318.8,Completed Hand Line,2.0,Brush,1,Held
CA-MNF-013028,August Complex,CA-MNF-013028_seg_00475,2020-08-28,train,38.8,397.9,604.8,0.823,0.144,261.5,17.9,26.4,0.895,-876.2,Dozer Line,6.5,Brush,0,Burned Over
CA-MNF-013028,August Complex,CA-MNF-013028_seg_00476,2020-08-28,train,22.9,1361.5,637.0,0.743,0.219,235.8,95.3,50.5,0.636,-699.8,Dozer Line,6.5,Brush,1,Held
CA-MNF-013028,August Complex,CA-MNF-013028_seg_00477,2020-08-28,train,20.6,1509.0,1329.5,0.395,0.386,275.4,146.1,39.3,0.774,618.1,Dozer Line,6.5,Brush,1,Held
CA-MNF-013028,August Complex,CA-MNF-013028_seg_00478,2020-08-28,train,37.7,1532.3,260.3,0.956,0.059,207.4,118.2,0.8,1.0,-1460.6,Road as Line,9.0,Brush,0,Burned Over
CA-MNF-013028,August Complex,CA-MNF-013028_seg_00479,2020-08-28,train,41.6,1633.1,629.3,0.875,0.102,231.9,163.8,21.9,0.928,-946.5,Dozer Line,6.5,Brush,0,Burned Over
CA-MNF-013028,August Complex,CA-MNF-013028_seg_00480,2020-08-28,train,35.1,901.8,324.4,0.817,0.141,299.5,94.3,64.7,0.427,-1146.6,Completed Hand Line,2.0,Brush,0,Burned Over
CA-MNF-013028,August Complex,CA-MNF-013028_seg_00481,2020-08-28,train,14.3,302.0,608.6,0.623,0.368,268.4,21.3,22.9,0.921,-513.5,Completed Hand Line,2.0,Brush,0,Burned Over
CA-MNF-013028,August Complex,CA-MNF-013028_seg_00482,2020-08-28,train,29.4,336.2,3398.2,0.261,0.175,239.8,160.9,11.1,0.981,2927.7,Dozer Line,6.5,Brush,1,Held
CA-MNF-013028,August Complex,CA-MNF-013028_seg_00483,2020-08-28,train,33.6,1052.1,467.0,0.683,0.322,237.8,41.6,73.8,0.279,-762.9,Dozer Line,6.5,Brush,1,Held
CA-MNF-013028,August Complex,CA-MNF-013028_seg_00484,2020-08-28,train,13.5,1019.9,961.4,0.683,0.18,253.5,153.4,10.1,0.984,-268.3,Road as Line,9.0,Brush,1,Held
CA-MNF-013028,August Complex,CA-MNF-013028_seg_00485,2020-08-28,train,29.7,607.5,1851.5,0.616,0.423,286.9,177.9,19.0,0.946,743.6,Completed Hand Line,2.0,Brush,0,Burned Over
CA-MNF-013028,August Complex,CA-MNF-013028_seg_00486,2020-08-28,train,23.8,845.8,201.3,0.628,0.26,243.2,72.9,80.3,0.168,-928.4,Road as Line,9.0,Brush,1,Held
CA-MNF-013028,August Complex,CA-MNF-013028_seg_00487,2020-08-28,train,19.1,394.1,1032.4,0.702,0.176,209.3,141.6,22.4,0.925,-232.0,Completed Hand Line,2.0,Brush,0,Burned Over
CA-MNF-013028,August Complex,CA-MNF-013028_seg_00488,2020-08-28,train,10.6,1058.4,1345.2,0.302,0.252,260.8,92.9,77.9,0.21,802.2,Dozer Line,6.5,Brush,1,Held
CA-MNF-013028,August Complex,CA-MNF-013028_seg_00489,2020-08-28,train,27.8,673.8,1023.2,0.839,0.169,268.6,9.8,11.2,0.981,-486.4,Road as Line,9.0,Brush,1,Held
CA-MNF-013028,August Complex,CA-MNF-013028_seg_00490,2020-08-28,train,16.7,1599.5,790.4,0.592,0.336,233.0,24.4,61.3,0.48,-275.1,Road as Line,9.0,Brush,1,Held
CA-MNF-013028,August Complex,CA-MNF-013028_seg_00491,2020-08-28,train,35.8,1099.7,2060.4,0.485,0.228,243.0,163.3,10.3,0.984,1187.9,Dozer Line,6.5,Brush,1,Held
CA-MNF-013028,August Complex,CA-MNF-013028_seg_00492,2020-08-28,train,32.6,637.8,3739.0,0.107,0.15,230.8,92.1,48.7,0.659,3546.3,Completed Hand Line,2.0,Brush,1,Held
CA-MNF-013028,August Complex,CA-MNF-013028_seg_00493,2020-08-28,train,36.7,1514.3,1644.0,0.507,0.392,229.9,32.2,72.3,0.305,731.9,Dozer Line,6.5,Brush,1,Held
CA-MNF-013028,August Complex,CA-MNF-013028_seg_00494,2020-08-28,train,26.5,1259.6,500.2,0.865,0.157,207.0,112.1,4.9,0.996,-1056.4,Dozer Line,6.5,Brush,0,Burned Over
CA-MNF-013028,August Complex,CA-MNF-013028_seg_00495,2020-08-28,train,16.6,762.7,249.3,0.649,0.307,232.9,73.8,69.1,0.357,-919.8,Road as Line,9.0,Brush,1,Held
CA-MNF-013028,August Complex,CA-MNF-013028_seg_00496,2020-08-28,train,23.5,1289.0,194.9,0.715,0.334,263.0,117.6,55.4,0.568,-1091.3,Dozer Line,6.5,Brush,1,Held
CA-MNF-013028,August Complex,CA-MNF-013028_seg_00497,2020-08-28,train,24.8,909.9,1283.3,0.511,0.397,235.3,121.0,24.4,0.911,363.6,Dozer Line,6.5,Brush,1,Held
CA-MNF-013028,August Complex,CA-MNF-013028_seg_00498,2020-08-28,train,20.3,1240.6,701.7,0.548,0.304,239.6,53.9,84.3,0.099,-285.3,Road as Line,9.0,Brush,1,Held
CA-MNF-013028,August Complex,CA-MNF-013028_seg_00499,2020-08-28,train,15.2,1004.4,1042.4,0.4,0.218,235.8,94.9,50.9,0.63,322.1,Road as Line,9.0,Brush,0,Burned Over
CA-MNF-013028,August Complex,CA-MNF-013028_seg_00500,2020-08-28,train,23.4,568.1,5000.0,0.032,0.035,238.7,168.1,19.4,0.943,4941.8,Dozer Line,6.5,Brush,1,Held
CA-MNF-013028,August Complex,CA-MNF-013028_seg_00501,2020-08-28,train,30.4,1408.7,1349.1,0.598,0.339,232.4,93.5,48.9,0.658,271.9,Road as Line,9.0,Brush,1,Held
CA-MNF-013028,August Complex,CA-MNF-013028_seg_00502,2020-08-28,train,23.9,1585.0,2411.2,0.095,0.105,267.8,21.2,23.5,0.917,2239.7,Dozer Line,6.5,Brush,1,Held
CA-MNF-013028,August Complex,CA-MNF-013028_seg_00503,2020-08-28,train,22.4,1334.0,2023.9,0.276,0.225,236.6,50.7,84.1,0.102,1527.1,Dozer Line,6.5,Brush,1,Held
CA-MNF-013028,August Complex,CA-MNF-013028_seg_00504,2020-08-28,train,9.7,1022.4,381.8,0.765,0.265,236.2,5.2,39.0,0.777,-995.2,Completed Hand Line,2.0,Brush,0,Burned Over
CA-MNF-013028,August Complex,CA-MNF-013028_seg_00505,2020-08-28,train,23.5,611.6,1073.9,0.795,0.198,227.2,160.6,23.4,0.918,-356.5,Road as Line,9.0,Brush,1,Held
CA-MNF-013028,August Complex,CA-MNF-013028_seg_00506,2020-08-28,train,14.3,1052.3,430.2,0.563,0.415,230.9,96.5,44.4,0.714,-582.8,Dozer Line,6.5,Brush,1,Held
CA-MNF-013028,August Complex,CA-MNF-013028_seg_00507,2020-08-28,train,27.0,2084.5,2367.3,0.302,0.294,227.1,112.8,24.3,0.911,1823.6,Completed Hand Line,2.0,Brush,0,Burned Over
CA-MNF-013028,August Complex,CA-MNF-013028_seg_00508,2020-08-28,train,24.1,1065.0,974.7,0.597,0.421,246.7,74.5,82.2,0.136,-100.4,Dozer Line,6.5,Brush,1,Held
CA-MNF-013028,August Complex,CA-MNF-013028_seg_00509,2020-08-28,train,6.8,1232.2,853.9,0.619,0.307,267.7,164.4,13.3,0.973,-260.4,Dozer Line,6.5,Brush,0,Burned Over
CA-MNF-013028,August Complex,CA-MNF-013028_seg_00510,2020-08-28,train,19.7,501.6,2615.0,0.103,0.137,265.7,25.8,30.1,0.865,2428.9,Dozer Line,6.5,Brush,1,Held
CA-MNF-013028,August Complex,CA-MNF-013028_seg_00511,2020-08-28,train,11.3,1003.7,3381.9,0.042,0.036,234.6,0.7,36.1,0.808,3306.5,Dozer Line,6.5,Brush,1,Held
CA-MNF-013028,August Complex,CA-MNF-013028_seg_00512,2020-08-28,train,15.4,936.0,599.0,0.547,0.246,258.7,104.0,64.7,0.427,-386.4,Dozer Line,6.5,Brush,1,Held
CA-MNF-013028,August Complex,CA-MNF-013028_seg_00513,2020-08-28,train,25.4,1247.1,168.4,0.625,0.236,227.8,49.3,88.5,0.026,-956.6,Dozer Line,6.5,Brush,1,Held
CA-MNF-013028,August Complex,CA-MNF-013028_seg_00514,2020-08-28,train,15.0,1019.2,238.7,0.556,0.307,231.2,44.1,82.8,0.125,-761.5,Dozer Line,6.5,Brush,1,Held
CA-MNF-013028,August Complex,CA-MNF-013028_seg_00515,2020-08-28,train,23.8,1191.6,386.7,0.701,0.343,222.9,76.8,56.2,0.557,-875.7,Road as Line,9.0,Brush,1,Held
CA-MNF-013028,August Complex,CA-MNF-013028_seg_00516,2020-08-28,train,9.0,1327.4,1065.0,0.362,0.292,278.1,120.8,67.4,0.385,412.7,Dozer Line,6.5,Brush,1,Held
CA-MNF-013028,August Complex,CA-MNF-013028_seg_00517,2020-08-28,train,24.0,721.7,1636.3,0.55,0.253,230.8,123.2,17.6,0.953,646.0,Completed Hand Line,2.0,Brush,0,Burned Over
CA-MNF-013028,August Complex,CA-MNF-013028_seg_00518,2020-08-28,train,30.8,677.3,2015.8,0.323,0.182,261.2,119.7,51.5,0.622,1433.6,Dozer Line,6.5,Brush,1,Held
CA-MNF-013028,August Complex,CA-MNF-013028_seg_00519,2020-08-28,train,35.5,1385.6,313.5,0.857,0.196,274.4,108.8,75.6,0.248,-1228.2,Dozer Line,6.5,Brush,0,Burned Over
CA-MNF-013028,August Complex,CA-MNF-013028_seg_00520,2020-08-28,train,20.1,753.2,1313.9,0.489,0.296,193.4,74.4,29.0,0.875,432.8,Dozer Line,6.5,Brush,1,Held
CA-MNF-013028,August Complex,CA-MNF-013028_seg_00521,2020-08-28,train,12.6,1180.1,1093.7,0.718,0.178,247.6,141.7,15.8,0.962,-198.3,Completed Hand Line,2.0,Brush,0,Burned Over
CA-MNF-013028,August Complex,CA-MNF-013028_seg_00522,2020-08-28,train,16.5,773.4,2221.3,0.299,0.182,267.4,99.9,77.4,0.217,1682.5,Dozer Line,6.5,Brush,1,Held
CA-MNF-013028,August Complex,CA-MNF-013028_seg_00523,2020-08-28,train,29.2,804.0,263.9,0.692,0.363,262.1,118.8,53.3,0.598,-981.3,Road as Line,9.0,Brush,1,Held
CA-MNF-013028,August Complex,CA-MNF-013028_seg_00524,2020-08-28,train,30.9,1355.0,1185.1,0.62,0.263,255.1,70.2,85.1,0.086,69.6,Road as Line,9.0,Brush,1,Held
CA-MNF-013028,August Complex,CA-MNF-013028_seg_00525,2020-08-28,train,18.6,1450.4,656.4,0.753,0.332,247.2,176.9,19.7,0.941,-699.2,Dozer Line,6.5,Brush,1,Held
CA-MNF-013028,August Complex,CA-MNF-013028_seg_00526,2020-08-28,train,30.3,799.3,1608.3,0.504,0.415,253.1,9.6,26.4,0.895,700.9,Completed Hand Line,2.0,Brush,0,Burned Over
CA-MNF-013028,August Complex,CA-MNF-013028_seg_00527,2020-08-28,train,26.9,858.8,726.7,0.663,0.285,216.7,68.9,57.8,0.533,-466.8,Dozer Line,6.5,Brush,0,Burned Over
CA-MNF-013028,August Complex,CA-MNF-013028_seg_00528,2020-08-28,train,17.6,1208.5,1480.6,0.543,0.202,250.1,179.5,19.4,0.943,502.4,Road as Line,9.0,Brush,1,Held
CA-MNF-013028,August Complex,CA-MNF-013028_seg_00529,2020-08-28,train,21.8,1246.9,795.1,0.786,0.236,211.1,115.6,5.5,0.995,-620.5,Dozer Line,6.5,Brush,1,Held
CA-MNF-013028,August Complex,CA-MNF-013028_seg_00530,2020-08-28,train,18.8,737.5,396.6,0.59,0.398,224.2,64.0,70.2,0.338,-664.6,Dozer Line,6.5,Brush,1,Held
CA-MNF-013028,August Complex,CA-MNF-013028_seg_00531,2020-08-28,train,19.5,779.3,1157.6,0.575,0.313,242.3,176.1,23.8,0.915,122.8,Road as Line,9.0,Brush,1,Held
CA-MNF-013028,August Complex,CA-MNF-013028_seg_00532,2020-08-28,train,19.3,2098.7,900.4,0.697,0.188,282.0,140.2,51.8,0.618,-353.4,Dozer Line,6.5,Brush,0,Burned Over
CA-MNF-013028,August Complex,CA-MNF-013028_seg_00533,2020-08-28,train,28.0,1537.5,599.6,0.828,0.225,262.4,143.7,28.7,0.877,-891.1,Dozer Line,6.5,Brush,0,Burned Over
CA-MNF-013028,August Complex,CA-MNF-013028_seg_00534,2020-08-28,train,12.6,1062.9,2070.7,0.323,0.376,243.7,172.9,19.2,0.944,1490.1,Road as Line,9.0,Brush,1,Held
CA-MNF-013028,August Complex,CA-MNF-013028_seg_00535,2020-08-28,train,25.8,1467.1,213.6,0.866,0.165,281.3,30.4,19.1,0.945,-1345.4,Dozer Line,6.5,Brush,1,Held
CA-MNF-013028,August Complex,CA-MNF-013028_seg_00536,2020-08-28,train,16.2,1268.1,545.8,0.682,0.198,247.1,23.9,46.7,0.685,-681.1,Dozer Line,6.5,Brush,1,Held
CA-MNF-013028,August Complex,CA-MNF-013028_seg_00537,2020-08-28,train,27.4,499.7,1597.9,0.404,0.4,209.3,47.0,72.3,0.304,870.9,Dozer Line,6.5,Brush,1,Held
CA-MNF-013028,August Complex,CA-MNF-013028_seg_00538,2020-08-28,train,19.9,1285.3,5000.0,0.006,0.008,246.9,89.3,67.6,0.381,4988.4,Road as Line,9.0,Brush,1,Held
CA-MNF-013028,August Complex,CA-MNF-013028_seg_00539,2020-08-28,train,32.7,817.7,298.0,0.913,0.088,255.0,136.0,29.0,0.875,-1345.2,Road as Line,9.0,Brush,0,Burned Over
CA-MNF-013028,August Complex,CA-MNF-013028_seg_00540,2020-08-28,train,31.6,701.5,338.2,0.767,0.309,247.1,85.4,71.7,0.314,-1042.6,Dozer Line,6.5,Brush,0,Burned Over
CA-MNF-013028,August Complex,CA-MNF-013028_seg_00541,2020-08-28,train,19.6,1058.5,1367.4,0.552,0.425,265.5,165.2,10.3,0.984,373.6,Completed Hand Line,2.0,Brush,1,Held
CA-MNF-013028,August Complex,CA-MNF-013028_seg_00542,2020-08-28,train,29.6,1516.0,1930.2,0.159,0.186,244.8,70.4,84.4,0.097,1644.2,Dozer Line,6.5,Brush,1,Held
CA-MNF-013028,August Complex,CA-MNF-013028_seg_00543,2020-08-28,train,32.3,1287.9,2288.3,0.363,0.209,254.0,121.1,42.9,0.732,1635.5,Dozer Line,6.5,Brush,1,Held
CA-MNF-013028,August Complex,CA-MNF-013028_seg_00544,2020-08-28,train,23.8,1126.8,3496.6,0.035,0.059,224.0,16.5,62.6,0.46,3433.9,Road as Line,9.0,Brush,1,Held
CA-MNF-013028,August Complex,CA-MNF-013028_seg_00545,2020-08-28,train,18.3,1214.5,2911.9,0.118,0.177,197.2,118.2,11.0,0.982,2698.6,Road as Line,9.0,Brush,1,Held
CA-MNF-013028,August Complex,CA-MNF-013028_seg_00546,2020-08-28,train,17.0,1559.9,538.2,0.767,0.281,206.2,166.1,49.9,0.645,-842.0,Dozer Line,6.5,Brush,1,Held
CA-MNF-013028,August Complex,CA-MNF-013028_seg_00547,2020-08-28,train,13.3,1158.3,224.3,0.643,0.285,260.1,59.9,69.8,0.345,-933.8,Dozer Line,6.5,Brush,1,Held
CA-MNF-013028,August Complex,CA-MNF-013028_seg_00548,2020-08-28,train,31.4,1277.1,1906.9,0.593,0.413,250.7,25.9,45.2,0.704,839.1,Road as Line,9.0,Brush,1,Held
CA-MNF-013028,August Complex,CA-MNF-013028_seg_00549,2020-08-28,train,19.0,860.4,2872.0,0.101,0.157,262.0,80.3,88.3,0.03,2690.5,Road as Line,9.0,Brush,1,Held
CA-MNF-013028,August Complex,CA-MNF-013028_seg_00550,2020-08-28,train,15.4,1477.9,3524.3,0.064,0.099,223.6,92.8,40.9,0.756,3409.0,Road as Line,9.0,Brush,1,Held
CA-MNF-013028,August Complex,CA-MNF-013028_seg_00551,2020-08-28,train,22.5,1968.8,939.5,0.592,0.28,202.3,147.2,34.9,0.82,-126.0,Road as Line,9.0,Brush,1,Held
CA-MNF-013028,August Complex,CA-MNF-013028_seg_00552,2020-08-28,train,21.0,1247.5,4040.7,0.028,0.043,264.4,96.2,78.2,0.205,3990.4,Road as Line,9.0,Brush,1,Held
CA-MNF-013028,August Complex,CA-MNF-013028_seg_00553,2020-08-28,train,25.9,929.9,2871.4,0.177,0.129,232.1,125.3,16.9,0.957,2553.0,Road as Line,9.0,Brush,1,Held
CA-MNF-013028,August Complex,CA-MNF-013028_seg_00554,2020-08-28,train,35.4,1295.4,956.2,0.7,0.233,268.0,106.7,71.3,0.321,-304.0,Dozer Line,6.5,Brush,1,Held
CA-MNF-013028,August Complex,CA-MNF-013028_seg_00555,2020-08-28,train,21.9,1196.1,2010.1,0.402,0.386,254.7,10.1,25.4,0.903,1286.8,Road as Line,9.0,Brush,1,Held
CA-MNF-013028,August Complex,CA-MNF-013028_seg_00556,2020-08-28,train,18.4,1239.9,3255.4,0.073,0.098,255.8,104.3,61.5,0.478,3124.8,Dozer Line,6.5,Brush,1,Held
CA-MNF-013028,August Complex,CA-MNF-013028_seg_00557,2020-08-28,train,17.5,1044.2,211.5,0.825,0.182,232.5,31.0,68.5,0.366,-1273.1,Dozer Line,6.5,Brush,0,Burned Over
CA-MNF-013028,August Complex,CA-MNF-013028_seg_00558,2020-08-28,train,28.5,1422.2,449.0,0.793,0.264,252.1,143.9,18.2,0.95,-979.0,Completed Hand Line,2.0,Brush,0,Burned Over
CA-MNF-013028,August Complex,CA-MNF-013028_seg_00559,2020-08-28,train,20.2,1553.2,2322.6,0.152,0.179,254.1,24.7,40.6,0.759,2049.9,Dozer Line,6.5,Brush,1,Held
CA-MNF-013028,August Complex,CA-MNF-013028_seg_00560,2020-08-28,train,29.1,634.6,842.9,0.666,0.2,250.1,99.6,60.5,0.492,-355.5,Road as Line,9.0,Brush,1,Held
CA-MNF-013028,August Complex,CA-MNF-013028_seg_00561,2020-08-28,train,23.0,1502.4,387.3,0.877,0.182,269.6,1.1,1.5,1.0,-1191.3,Dozer Line,6.5,Brush,0,Burned Over
CA-MNF-013028,August Complex,CA-MNF-013028_seg_00562,2020-08-28,train,16.3,1015.7,1038.5,0.75,0.264,204.8,115.2,0.3,1.0,-312.1,Dozer Line,6.5,Brush,1,Held
CA-MNF-013028,August Complex,CA-MNF-013028_seg_00563,2020-08-28,train,18.1,1567.9,663.0,0.729,0.181,259.7,140.9,28.8,0.876,-649.1,Dozer Line,6.5,Brush,1,Held
CA-MNF-013028,August Complex,CA-MNF-013028_seg_00564,2020-08-28,train,10.8,1130.5,1915.3,0.143,0.122,236.3,39.5,73.1,0.29,1657.6,Road as Line,9.0,Brush,1,Held
CA-MNF-013028,August Complex,CA-MNF-013028_seg_00565,2020-08-28,train,22.9,884.8,202.9,0.819,0.183,234.9,120.6,24.3,0.911,-1270.7,Dozer Line,6.5,Brush,0,Burned Over
CA-MNF-013028,August Complex,CA-MNF-013028_seg_00566,2020-08-28,train,26.0,1653.7,382.1,0.79,0.152,250.1,166.5,6.4,0.994,-1039.4,Completed Hand Line,2.0,Brush,0,Burned Over
CA-MNF-013028,August Complex,CA-MNF-013028_seg_00567,2020-08-28,train,27.3,993.0,622.9,0.724,0.18,248.2,121.8,36.4,0.805,-679.5,Road as Line,9.0,Brush,0,Burned Over
CA-MNF-013028,August Complex,CA-MNF-013028_seg_00568,2020-08-28,train,32.0,1172.4,2804.1,0.225,0.219,273.1,87.2,84.1,0.103,2399.1,Dozer Line,6.5,Brush,1,Held
CA-MNF-013028,August Complex,CA-MNF-013028_seg_00569,2020-08-28,train,3.9,456.1,313.3,0.544,0.232,242.5,36.4,63.9,0.44,-666.4,Completed Hand Line,2.0,Brush,1,Held
CA-MNF-013028,August Complex,CA-MNF-013028_seg_00570,2020-08-28,train,37.6,695.1,2020.2,0.429,0.238,227.2,108.7,28.5,0.878,1247.5,Completed Hand Line,2.0,Brush,0,Burned Over
CA-MNF-013028,August Complex,CA-MNF-013028_seg_00571,2020-08-28,train,13.8,1352.6,1224.6,0.491,0.382,253.4,179.2,15.8,0.962,341.6,Road as Line,9.0,Brush,1,Held
CA-MNF-013028,August Complex,CA-MNF-013028_seg_00572,2020-08-28,train,12.9,452.0,343.6,0.713,0.364,243.2,106.5,46.7,0.686,-939.6,Dozer Line,6.5,Brush,1,Held
CA-MNF-013028,August Complex,CA-MNF-013028_seg_00573,2020-08-28,train,24.3,1521.2,2069.5,0.16,0.14,254.5,86.3,78.2,0.204,1782.3,Road as Line,9.0,Brush,1,Held
CA-MNF-013028,August Complex,CA-MNF-013028_seg_00574,2020-08-28,train,20.5,1277.6,1401.7,0.501,0.276,264.2,53.2,59.0,0.515,500.2,Road as Line,9.0,Brush,1,Held
CA-MNF-013028,August Complex,CA-MNF-013028_seg_00575,2020-08-28,train,23.5,1481.0,2637.7,0.341,0.263,215.7,138.9,13.2,0.974,2024.5,Dozer Line,6.5,Brush,1,Held
CA-MNF-013028,August Complex,CA-MNF-013028_seg_00576,2020-08-28,train,30.2,1768.8,189.9,0.788,0.292,230.8,59.9,80.9,0.158,-1228.1,Dozer Line,6.5,Brush,0,Burned Over
CA-MNF-013028,August Complex,CA-MNF-013028_seg_00577,2020-08-28,train,31.0,1730.5,217.6,0.823,0.246,273.2,132.4,50.8,0.632,-1263.9,Dozer Line,6.5,Brush,0,Burned Over
CA-MNF-013028,August Complex,CA-MNF-013028_seg_00578,2020-08-28,train,26.2,955.7,233.2,0.779,0.307,241.6,100.6,51.0,0.629,-1169.2,Dozer Line,6.5,Brush,1,Held
CA-MNF-013028,August Complex,CA-MNF-013028_seg_00579,2020-08-28,train,17.6,1527.8,432.6,0.739,0.223,244.6,172.6,18.1,0.951,-897.0,Dozer Line,6.5,Brush,0,Burned Over
CA-MNF-013028,August Complex,CA-MNF-013028_seg_00580,2020-08-28,train,25.2,1396.9,1047.6,0.548,0.366,267.6,87.5,90.0,0.001,62.0,Dozer Line,6.5,Brush,1,Held
CA-MNF-013028,August Complex,CA-MNF-013028_seg_00581,2020-08-28,train,1.4,1360.3,3543.7,0.045,0.054,283.7,145.6,48.1,0.668,3463.0,Dozer Line,6.5,Brush,1,Held
CA-MNF-013028,August Complex,CA-MNF-013028_seg_00582,2020-08-28,train,20.8,1262.2,1583.2,0.37,0.308,204.2,49.7,64.6,0.43,917.1,Road as Line,9.0,Brush,1,Held
CA-MNF-013028,August Complex,CA-MNF-013028_seg_00583,2020-08-28,train,20.8,920.0,854.1,0.426,0.211,234.8,62.4,82.4,0.132,86.9,Completed Hand Line,2.0,Brush,1,Held
CA-MNF-013028,August Complex,CA-MNF-013028_seg_00584,2020-08-28,train,14.7,878.4,1396.3,0.396,0.358,232.6,61.7,80.9,0.158,683.7,Road as Line,9.0,Brush,1,Held
CA-MNF-013028,August Complex,CA-MNF-013028_seg_00585,2020-08-28,train,33.7,1517.3,511.3,0.773,0.275,192.1,30.9,71.2,0.322,-880.5,Dozer Line,6.5,Brush,1,Held
CA-MNF-013028,August Complex,CA-MNF-013028_seg_00586,2020-08-28,train,39.7,1498.7,553.0,0.788,0.25,282.7,128.1,64.6,0.429,-864.7,Road as Line,9.0,Brush,1,Held
CA-MNF-013028,August Complex,CA-MNF-013028_seg_00587,2020-08-28,train,24.0,1395.3,512.0,0.854,0.104,255.3,22.8,37.5,0.794,-1026.0,Dozer Line,6.5,Brush,1,Held
CA-MNF-013028,August Complex,CA-MNF-013028_seg_00588,2020-08-28,train,20.7,898.0,3187.4,0.072,0.063,225.6,54.3,81.3,0.151,3057.1,Dozer Line,6.5,Brush,1,Held
CA-MNF-013028,August Complex,CA-MNF-013028_seg_00589,2020-08-28,train,1.0,1031.1,1616.8,0.165,0.241,228.7,59.6,79.0,0.19,1318.9,Completed Hand Line,2.0,Brush,1,Held
CA-MNF-013028,August Complex,CA-MNF-013028_seg_00590,2020-08-28,train,14.2,400.5,1552.1,0.148,0.119,240.1,79.6,70.5,0.334,1285.0,Road as Line,9.0,Brush,1,Held
CA-MNF-013028,August Complex,CA-MNF-013028_seg_00591,2020-08-28,train,13.8,1305.6,217.9,0.624,0.24,228.3,16.6,58.3,0.525,-906.0,Completed Hand Line,2.0,Brush,1,Held
CA-MNF-013028,August Complex,CA-MNF-013028_seg_00592,2020-08-28,train,19.7,730.9,259.7,0.829,0.159,231.9,120.9,21.0,0.934,-1231.8,Road as Line,9.0,Brush,0,Burned Over
CA-MNF-013028,August Complex,CA-MNF-013028_seg_00593,2020-08-28,train,25.9,972.7,703.7,0.833,0.16,233.6,153.7,10.1,0.984,-795.8,Completed Hand Line,2.0,Brush,0,Burned Over
CA-MNF-013028,August Complex,CA-MNF-013028_seg_00594,2020-08-28,train,12.3,1047.4,2103.6,0.422,0.432,236.3,178.7,32.4,0.845,1344.0,Dozer Line,6.5,Brush,1,Held
CA-MNF-013028,August Complex,CA-MNF-013028_seg_00595,2020-08-28,train,20.0,973.2,922.3,0.483,0.216,284.6,37.4,22.9,0.922,53.6,Completed Hand Line,2.0,Brush,0,Burned Over
CA-MNF-013028,August Complex,CA-MNF-013028_seg_00596,2020-08-28,train,32.7,446.2,1123.8,0.421,0.228,236.7,74.6,72.1,0.307,366.6,Dozer Line,6.5,Brush,1,Held
CA-MNF-013028,August Complex,CA-MNF-013028_seg_00597,2020-08-28,train,26.4,1731.9,584.7,0.793,0.136,224.2,150.2,16.0,0.961,-843.5,Dozer Line,6.5,Brush,0,Burned Over
CA-MNF-013028,August Complex,CA-MNF-013028_seg_00598,2020-08-28,train,13.2,1299.9,2828.4,0.184,0.224,224.8,117.7,17.1,0.956,2496.6,Dozer Line,6.5,Brush,1,Held
CA-MNF-013028,August Complex,CA-MNF-013028_seg_00599,2020-08-28,train,21.9,1230.0,1194.0,0.568,0.35,208.1,134.2,16.1,0.961,172.1,Dozer Line,6.5,Brush,1,Held
CA-MNF-013028,August Complex,CA-MNF-013028_seg_00600,2020-08-28,train,21.1,643.4,363.3,0.841,0.224,261.4,152.2,19.2,0.944,-1150.6,Dozer Line,6.5,Brush,1,Held
CA-MNF-013028,August Complex,CA-MNF-013028_seg_00601,2020-08-28,train,31.6,424.8,560.7,0.781,0.225,198.9,64.1,44.8,0.71,-844.5,Road as Line,9.0,Brush,1,Held
CA-MNF-013028,August Complex,CA-MNF-013028_seg_00602,2020-08-28,train,10.7,1107.2,2254.1,0.198,0.236,238.3,157.0,8.8,0.988,1898.2,Road as Line,9.0,Brush,1,Held
CA-MNF-013028,August Complex,CA-MNF-013028_seg_00603,2020-08-28,train,20.7,1125.1,710.2,0.707,0.355,226.8,93.3,43.6,0.725,-562.0,Dozer Line,6.5,Brush,1,Held
CA-MNF-013028,August Complex,CA-MNF-013028_seg_00604,2020-08-28,train,39.8,1381.6,2286.4,0.474,0.337,220.7,110.4,20.3,0.938,1434.1,Road as Line,9.0,Brush,1,Held
CA-MNF-013028,August Complex,CA-MNF-013028_seg_00605,2020-08-28,train,29.7,1673.8,933.6,0.826,0.232,237.8,166.2,18.4,0.949,-553.2,Completed Hand Line,2.0,Brush,0,Burned Over
CA-MNF-013028,August Complex,CA-MNF-013028_seg_00606,2020-08-28,train,33.9,799.0,2172.1,0.652,0.214,251.8,5.2,23.4,0.918,999.2,Dozer Line,6.5,Brush,1,Held
CA-MNF-013028,August Complex,CA-MNF-013028_seg_00607,2020-08-28,train,28.5,1572.2,247.1,0.788,0.141,250.2,141.1,19.1,0.945,-1171.6,Dozer Line,6.5,Brush,0,Burned Over
CA-MNF-013028,August Complex,CA-MNF-013028_seg_00608,2020-08-28,train,23.6,1264.1,232.3,0.536,0.394,228.4,45.5,87.1,0.05,-732.7,Completed Hand Line,2.0,Brush,1,Held
CA-MNF-013028,August Complex,CA-MNF-013028_seg_00609,2020-08-28,train,29.7,1229.8,2393.9,0.302,0.242,290.5,16.3,4.2,0.997,1850.0,Dozer Line,6.5,Brush,1,Held
CA-MNF-013028,August Complex,CA-MNF-013028_seg_00610,2020-08-28,train,33.7,1123.4,1185.7,0.731,0.195,258.9,17.8,28.9,0.875,-130.0,Dozer Line,6.5,Brush,0,Burned Over
CA-MNF-013028,August Complex,CA-MNF-013028_seg_00611,2020-08-28,train,21.3,1257.4,991.9,0.434,0.341,240.0,38.5,68.5,0.366,211.4,Dozer Line,6.5,Brush,1,Held
CA-MNF-013028,August Complex,CA-MNF-013028_seg_00612,2020-08-28,train,29.0,890.7,459.8,0.923,0.065,288.9,38.6,19.7,0.941,-1202.2,Dozer Line,6.5,Brush,0,Burned Over
CA-MNF-013028,August Complex,CA-MNF-013028_seg_00613,2020-08-28,train,11.0,974.6,627.2,0.737,0.271,257.2,7.3,20.1,0.939,-699.4,Dozer Line,6.5,Brush,0,Burned Over
CA-MNF-013028,August Complex,CA-MNF-013028_seg_00614,2020-08-28,train,19.5,826.5,401.1,0.832,0.179,279.7,154.0,35.8,0.811,-1096.1,Road as Line,9.0,Brush,0,Burned Over
CA-MNF-013028,August Complex,CA-MNF-013028_seg_00615,2020-08-28,train,22.2,935.2,1439.5,0.346,0.272,254.6,78.9,85.7,0.075,816.3,Road as Line,9.0,Brush,1,Held
CA-MNF-013028,August Complex,CA-MNF-013028_seg_00616,2020-08-28,train,21.5,1226.8,646.1,0.447,0.228,194.4,175.5,71.1,0.324,-158.6,Road as Line,9.0,Brush,1,Held
CA-MNF-013028,August Complex,CA-MNF-013028_seg_00617,2020-08-28,train,10.4,994.9,2019.9,0.095,0.11,232.5,49.1,86.6,0.058,1848.9,Road as Line,9.0,Brush,1,Held
CA-MNF-013028,August Complex,CA-MNF-013028_seg_00618,2020-08-28,train,37.1,992.0,496.3,0.779,0.161,216.9,19.4,72.6,0.299,-905.5,Dozer Line,6.5,Brush,1,Held
CA-MNF-013028,August Complex,CA-MNF-013028_seg_00619,2020-08-28,train,1.0,691.3,1514.3,0.256,0.171,261.0,68.9,77.9,0.21,1053.9,Dozer Line,6.5,Brush,1,Held
CA-MNF-013028,August Complex,CA-MNF-013028_seg_00620,2020-08-28,train,16.2,1162.4,958.6,0.701,0.348,243.7,119.2,34.5,0.824,-303.1,Dozer Line,6.5,Brush,1,Held
CA-MNF-013028,August Complex,CA-MNF-013028_seg_00621,2020-08-28,train,30.5,396.1,603.2,0.771,0.147,229.2,69.1,70.1,0.34,-784.5,Road as Line,9.0,Brush,1,Held
CA-MNF-013028,August Complex,CA-MNF-013028_seg_00622,2020-08-28,train,11.9,989.0,1659.4,0.294,0.306,235.4,24.2,58.8,0.518,1130.7,Road as Line,9.0,Brush,1,Held
CA-MNF-013028,August Complex,CA-MNF-013028_seg_00623,2020-08-28,train,24.7,420.8,745.9,0.787,0.238,191.8,91.2,10.6,0.983,-670.5,Dozer Line,6.5,Brush,0,Burned Over
CA-MNF-013028,August Complex,CA-MNF-013028_seg_00624,2020-08-28,train,22.5,1204.7,664.9,0.769,0.3,244.8,150.6,4.1,0.997,-720.1,Dozer Line,6.5,Brush,1,Held
CA-MNF-013028,August Complex,CA-MNF-013028_seg_00625,2020-08-28,train,28.5,896.6,491.4,0.777,0.296,229.0,119.0,20.0,0.94,-907.7,Dozer Line,6.5,Brush,0,Burned Over
CA-MNF-013028,August Complex,CA-MNF-013028_seg_00626,2020-08-28,train,23.0,1408.6,2538.6,0.186,0.162,205.8,83.0,32.9,0.84,2203.6,Road as Line,9.0,Brush,0,Burned Over
CA-MNF-013028,August Complex,CA-MNF-013028_seg_00627,2020-08-28,train,28.2,849.6,2132.4,0.312,0.244,269.3,103.1,76.2,0.239,1570.8,Dozer Line,6.5,Brush,1,Held
CA-MNF-013028,August Complex,CA-MNF-013028_seg_00628,2020-08-28,train,16.4,850.3,974.5,0.279,0.33,265.2,78.5,83.3,0.117,472.8,Dozer Line,6.5,Brush,1,Held
CA-MNF-013028,August Complex,CA-MNF-013028_seg_00629,2020-08-28,train,21.8,1454.8,1779.9,0.54,0.222,277.3,40.7,33.4,0.835,808.5,Dozer Line,6.5,Brush,1,Held
CA-MNF-013028,August Complex,CA-MNF-013028_seg_00630,2020-08-28,train,23.0,862.7,1415.1,0.751,0.23,233.4,143.2,0.2,1.0,63.1,Dozer Line,6.5,Brush,1,Held
CA-MNF-013028,August Complex,CA-MNF-013028_seg_00631,2020-08-28,train,15.0,828.0,389.0,0.731,0.327,276.0,137.4,48.5,0.662,-927.1,Road as Line,9.0,Brush,0,Burned Over
CA-MNF-013028,August Complex,CA-MNF-013028_seg_00632,2020-08-28,train,11.9,1080.8,1063.0,0.42,0.3,219.2,168.7,39.5,0.772,307.4,Road as Line,9.0,Brush,1,Held
CA-MNF-013028,August Complex,CA-MNF-013028_seg_00633,2020-08-28,train,25.8,969.8,1537.4,0.554,0.276,238.4,27.1,58.7,0.519,539.7,Road as Line,9.0,Brush,1,Held
CA-MNF-013028,August Complex,CA-MNF-013028_seg_00634,2020-08-28,train,30.8,544.1,505.6,0.816,0.137,228.6,116.3,22.3,0.925,-963.9,Dozer Line,6.5,Brush,0,Burned Over
CA-MNF-013028,August Complex,CA-MNF-013028_seg_00635,2020-08-28,train,24.6,662.9,1399.3,0.355,0.214,256.5,78.5,88.0,0.036,761.1,Dozer Line,6.5,Brush,1,Held
CA-MNF-013028,August Complex,CA-MNF-013028_seg_00636,2020-08-28,train,37.7,1407.1,948.3,0.831,0.124,284.3,173.5,20.8,0.935,-547.4,Road as Line,9.0,Brush,0,Burned Over
CA-MNF-013028,August Complex,CA-MNF-013028_seg_00637,2020-08-28,train,26.7,822.5,263.6,0.731,0.185,275.1,118.3,66.7,0.395,-1053.0,Dozer Line,6.5,Brush,0,Burned Over
CA-MNF-013028,August Complex,CA-MNF-013028_seg_00638,2020-08-28,train,19.7,448.5,3368.1,0.219,0.177,244.5,170.9,16.4,0.959,2974.2,Dozer Line,6.5,Brush,1,Held
CA-MNF-013028,August Complex,CA-MNF-013028_seg_00639,2020-08-28,train,17.5,799.7,472.9,0.805,0.153,235.1,134.7,10.4,0.984,-975.5,Completed Hand Line,2.0,Brush,0,Burned Over
CA-MNF-013028,August Complex,CA-MNF-013028_seg_00640,2020-08-28,train,16.4,756.2,3714.3,0.04,0.056,236.5,67.4,79.0,0.19,3643.0,Completed Hand Line,2.0,Brush,1,Held
CA-MNF-013028,August Complex,CA-MNF-013028_seg_00641,2020-08-28,train,32.8,738.2,175.6,0.879,0.174,271.7,147.8,33.9,0.83,-1407.2,Road as Line,9.0,Brush,0,Burned Over
CA-MNF-013028,August Complex,CA-MNF-013028_seg_00642,2020-08-28,train,15.5,1162.5,594.0,0.536,0.401,263.3,99.5,73.9,0.278,-370.8,Dozer Line,6.5,Brush,1,Held
CA-MNF-013028,August Complex,CA-MNF-013028_seg_00643,2020-08-28,train,34.7,513.2,4729.7,0.018,0.029,244.7,70.7,84.0,0.105,4696.9,Dozer Line,6.5,Brush,1,Held
CA-MNF-013028,August Complex,CA-MNF-013028_seg_00644,2020-08-28,train,15.6,1527.0,1896.7,0.4,0.4,240.6,158.3,7.7,0.991,1176.5,Road as Line,9.0,Brush,1,Held
CA-MNF-013028,August Complex,CA-MNF-013028_seg_00645,2020-08-28,train,31.0,526.5,2662.4,0.15,0.191,260.9,129.1,41.8,0.745,2392.6,Dozer Line,6.5,Brush,1,Held
CA-MNF-013028,August Complex,CA-MNF-013028_seg_00646,2020-08-28,train,8.4,1322.2,183.3,0.627,0.334,272.1,81.6,79.5,0.183,-946.0,Road as Line,9.0,Brush,1,Held
CA-MNF-013028,August Complex,CA-MNF-013028_seg_00647,2020-08-28,train,16.4,889.7,356.1,0.542,0.405,192.4,14.8,87.6,0.042,-619.8,Road as Line,9.0,Brush,1,Held
CA-MNF-013028,August Complex,CA-MNF-013028_seg_00648,2020-08-28,train,14.4,1181.3,1744.4,0.392,0.388,243.0,86.1,66.8,0.393,1038.1,Road as Line,9.0,Brush,1,Held
CA-MNF-013028,August Complex,CA-MNF-013028_seg_00649,2020-08-28,train,38.7,1397.0,2738.5,0.602,0.413,252.8,170.1,7.3,0.992,1654.7,Road as Line,9.0,Brush,0,Burned Over
CA-MNF-013028,August Complex,CA-MNF-013028_seg_00650,2020-08-28,train,21.0,1329.6,371.8,0.86,0.127,227.8,126.2,11.6,0.98,-1176.7,Dozer Line,6.5,Brush,0,Burned Over
CA-MNF-013028,August Complex,CA-MNF-013028_seg_00651,2020-08-28,train,31.6,1512.6,3180.7,0.171,0.13,216.3,78.3,48.0,0.669,2872.5,Road as Line,9.0,Brush,1,Held
CA-MNF-013028,August Complex,CA-MNF-013028_seg_00652,2020-08-28,train,14.7,1157.8,317.4,0.483,0.448,261.8,89.0,82.8,0.125,-552.6,Dozer Line,6.5,Brush,1,Held
CA-MNF-013028,August Complex,CA-MNF-013028_seg_00653,2020-08-28,train,24.7,935.0,514.2,0.546,0.29,212.8,52.2,70.5,0.333,-468.7,Road as Line,9.0,Brush,1,Held
CA-MNF-013028,August Complex,CA-MNF-013028_seg_00654,2020-08-28,train,27.9,1307.1,1543.3,0.439,0.378,237.8,124.7,23.1,0.92,752.2,Dozer Line,6.5,Brush,1,Held
CA-MNF-013028,August Complex,CA-MNF-013028_seg_00655,2020-08-28,train,27.7,972.6,5000.0,0.013,0.017,293.5,163.5,40.1,0.765,4977.3,Road as Line,9.0,Brush,1,Held
CA-MNF-013028,August Complex,CA-MNF-013028_seg_00656,2020-08-28,train,16.8,883.0,706.2,0.528,0.344,270.1,71.0,70.9,0.326,-244.9,Dozer Line,6.5,Brush,1,Held
CA-MNF-013028,August Complex,CA-MNF-013028_seg_00657,2020-08-28,train,18.7,1234.0,1057.1,0.482,0.211,251.3,57.1,75.8,0.244,190.0,Dozer Line,6.5,Brush,1,Held
CA-MNF-013028,August Complex,CA-MNF-013028_seg_00658,2020-08-28,train,1.5,1089.1,2664.1,0.034,0.035,219.3,50.9,78.4,0.201,2602.4,Dozer Line,6.5,Brush,1,Held
CA-MNF-013028,August Complex,CA-MNF-013028_seg_00659,2020-08-28,train,21.5,1694.1,2451.1,0.091,0.07,225.3,27.2,71.9,0.311,2288.1,Dozer Line,6.5,Brush,1,Held
CA-MNF-013028,August Complex,CA-MNF-013028_seg_00660,2020-08-28,train,36.1,1064.8,5000.0,0.012,0.013,250.2,78.6,81.6,0.146,4978.9,Road as Line,9.0,Brush,1,Held
CA-MNF-013028,August Complex,CA-MNF-013028_seg_00661,2020-08-28,train,7.1,1498.1,267.9,0.671,0.214,253.5,22.3,38.7,0.78,-940.0,Dozer Line,6.5,Brush,0,Burned Over
CA-MNF-013028,August Complex,CA-MNF-013028_seg_00662,2020-08-28,train,15.9,702.3,1045.9,0.535,0.218,226.3,174.9,38.6,0.781,83.3,Road as Line,9.0,Brush,1,Held
CA-MNF-013028,August Complex,CA-MNF-013028_seg_00663,2020-08-28,train,24.2,1622.3,751.4,0.673,0.36,203.6,122.5,9.0,0.988,-460.7,Dozer Line,6.5,Brush,1,Held
CA-MNF-013028,August Complex,CA-MNF-013028_seg_00664,2020-08-28,train,13.7,892.7,1232.3,0.519,0.363,297.9,171.9,35.9,0.81,297.4,Completed Hand Line,2.0,Brush,1,Held
CA-MNF-013028,August Complex,CA-MNF-013028_seg_00665,2020-08-28,train,1.0,1013.5,434.9,0.475,0.28,272.4,102.4,79.9,0.175,-420.3,Dozer Line,6.5,Brush,1,Held
CA-MNF-013028,August Complex,CA-MNF-013028_seg_00666,2020-08-28,train,28.2,840.5,4174.6,0.037,0.059,250.7,32.0,51.3,0.625,4108.2,Dozer Line,6.5,Brush,1,Held
CA-MNF-013028,August Complex,CA-MNF-013028_seg_00667,2020-08-28,train,8.9,1108.2,960.0,0.43,0.272,212.0,21.7,79.7,0.178,186.8,Road as Line,9.0,Brush,1,Held
CA-MNF-013028,August Complex,CA-MNF-013028_seg_00668,2020-08-28,train,12.6,1306.9,2749.7,0.14,0.147,219.5,88.1,41.4,0.75,2498.6,Road as Line,9.0,Brush,1,Held
CA-MNF-013028,August Complex,CA-MNF-013028_seg_00669,2020-08-28,train,25.8,762.4,651.8,0.759,0.272,231.1,7.3,46.2,0.693,-714.1,Dozer Line,6.5,Brush,0,Burned Over
CA-MNF-013028,August Complex,CA-MNF-013028_seg_00670,2020-08-28,train,20.8,813.4,3002.9,0.097,0.081,233.8,78.7,65.0,0.422,2828.3,Completed Hand Line,2.0,Brush,1,Held
CA-MNF-013028,August Complex,CA-MNF-013028_seg_00671,2020-08-28,train,24.7,1069.1,205.4,0.892,0.086,261.4,13.8,22.4,0.925,-1400.8,Road as Line,9.0,Brush,0,Burned Over
CA-MNF-013028,August Complex,CA-MNF-013028_seg_00672,2020-08-28,train,25.7,1095.6,295.2,0.75,0.184,238.4,90.6,57.7,0.534,-1055.7,Dozer Line,6.5,Brush,1,Held
CA-MNF-013028,August Complex,CA-MNF-013028_seg_00673,2020-08-28,train,33.4,962.7,1481.3,0.476,0.441,233.8,81.9,61.9,0.471,624.3,Completed Hand Line,2.0,Brush,1,Held
CA-MNF-013028,August Complex,CA-MNF-013028_seg_00674,2020-08-28,train,9.8,1091.1,284.9,0.775,0.16,242.9,156.9,4.0,0.998,-1109.8,Dozer Line,6.5,Brush,0,Burned Over
CA-MNF-013028,August Complex,CA-MNF-013028_seg_00675,2020-08-28,train,4.8,1717.4,950.3,0.38,0.274,205.3,108.3,6.9,0.993,265.7,Road as Line,9.0,Brush,1,Held
CA-MNF-013028,August Complex,CA-MNF-013028_seg_00676,2020-08-28,train,26.4,1041.2,292.4,0.869,0.188,297.8,2.5,25.3,0.904,-1272.5,Dozer Line,6.5,Brush,0,Burned Over
CA-MNF-013028,August Complex,CA-MNF-013028_seg_00677,2020-08-28,train,27.0,648.5,404.2,0.901,0.113,238.0,142.2,5.8,0.995,-1218.0,Dozer Line,6.5,Brush,1,Held
CA-MNF-013028,August Complex,CA-MNF-013028_seg_00678,2020-08-28,train,1.0,835.3,2507.6,0.077,0.098,233.5,84.9,58.6,0.521,2368.6,Road as Line,9.0,Brush,1,Held
CA-MNF-013028,August Complex,CA-MNF-013028_seg_00679,2020-08-28,train,11.6,722.4,2415.5,0.133,0.157,242.8,176.3,23.5,0.917,2175.2,Dozer Line,6.5,Brush,1,Held
CA-MNF-013028,August Complex,CA-MNF-013028_seg_00680,2020-08-28,train,15.3,695.3,2185.9,0.318,0.288,213.4,122.2,1.3,1.0,1613.6,Dozer Line,6.5,Brush,1,Held
CA-MNF-013028,August Complex,CA-MNF-013028_seg_00681,2020-08-28,train,16.2,1384.4,969.3,0.357,0.344,262.1,85.2,86.9,0.054,327.4,Dozer Line,6.5,Brush,1,Held
CA-MNF-013028,August Complex,CA-MNF-013028_seg_00682,2020-08-28,train,27.4,958.5,3027.2,0.136,0.193,230.6,39.5,79.0,0.191,2781.7,Road as Line,9.0,Brush,1,Held
CA-MNF-013028,August Complex,CA-MNF-013028_seg_00683,2020-08-28,train,1.0,886.8,1491.7,0.221,0.275,241.6,150.0,1.6,1.0,1094.1,Road as Line,9.0,Brush,1,Held
CA-MNF-013028,August Complex,CA-MNF-013028_seg_00684,2020-08-28,train,8.7,1097.6,417.0,0.601,0.291,237.7,23.2,55.5,0.566,-665.7,Completed Hand Line,2.0,Brush,1,Held
CA-MNF-013028,August Complex,CA-MNF-013028_seg_00685,2020-08-28,train,22.5,1164.0,680.0,0.866,0.197,265.4,158.6,16.8,0.957,-878.1,Dozer Line,6.5,Brush,1,Held
CA-MNF-013028,August Complex,CA-MNF-013028_seg_00686,2020-08-28,train,18.9,968.8,507.8,0.683,0.183,234.9,40.3,75.4,0.252,-721.0,Completed Hand Line,2.0,Brush,1,Held
CA-MNF-013028,August Complex,CA-MNF-013028_seg_00687,2020-08-28,train,11.9,945.2,1620.7,0.279,0.253,264.2,120.5,53.7,0.592,1118.2,Road as Line,9.0,Brush,1,Held
CA-MNF-013028,August Complex,CA-MNF-013028_seg_00688,2020-08-28,train,11.9,630.6,2232.1,0.277,0.286,254.1,170.5,6.4,0.994,1733.4,Completed Hand Line,2.0,Brush,1,Held
CA-MNF-013028,August Complex,CA-MNF-013028_seg_00689,2020-08-28,train,31.4,1001.2,1732.6,0.394,0.271,268.4,91.1,87.4,0.046,1023.9,Dozer Line,6.5,Brush,1,Held
CA-MNF-013028,August Complex,CA-MNF-013028_seg_00690,2020-08-28,train,29.8,582.8,2137.5,0.308,0.189,232.1,44.2,82.0,0.139,1582.9,Dozer Line,6.5,Brush,1,Held
CA-MNF-013028,August Complex,CA-MNF-013028_seg_00691,2020-08-28,train,17.6,997.8,807.2,0.824,0.176,249.9,135.6,24.3,0.912,-675.1,Dozer Line,6.5,Brush,0,Burned Over
CA-MNF-013028,August Complex,CA-MNF-013028_seg_00692,2020-08-28,train,13.8,1191.8,338.8,0.8,0.279,281.2,5.4,5.8,0.995,-1100.7,Dozer Line,6.5,Brush,0,Burned Over
CA-MNF-013028,August Complex,CA-MNF-013028_seg_00693,2020-08-28,train,24.8,1163.9,1445.2,0.443,0.212,217.8,136.7,8.9,0.988,647.6,Road as Line,9.0,Brush,1,Held
CA-MNF-013028,August Complex,CA-MNF-013028_seg_00694,2020-08-28,train,21.1,809.2,1520.6,0.35,0.351,228.9,72.4,66.6,0.398,889.9,Completed Hand Line,2.0,Brush,1,Held
CA-MNF-013028,August Complex,CA-MNF-013028_seg_00695,2020-08-28,train,18.5,324.5,859.1,0.762,0.288,252.0,126.1,35.9,0.81,-511.9,Road as Line,9.0,Brush,0,Burned Over
CA-MNF-013028,August Complex,CA-MNF-013028_seg_00696,2020-08-28,train,13.0,1170.2,580.6,0.687,0.328,262.6,35.5,42.9,0.732,-655.6,Road as Line,9.0,Brush,0,Burned Over
CA-MNF-013028,August Complex,CA-MNF-013028_seg_00697,2020-08-28,train,25.9,1067.3,1034.1,0.556,0.204,245.5,99.3,56.2,0.556,32.9,Road as Line,9.0,Brush,1,Held
CA-MNF-013028,August Complex,CA-MNF-013028_seg_00698,2020-08-28,train,7.7,1185.2,290.4,0.785,0.241,263.0,177.7,4.7,0.997,-1123.0,Dozer Line,6.5,Brush,1,Held
CA-MNF-013028,August Complex,CA-MNF-013028_seg_00699,2020-08-28,train,27.3,1308.5,874.3,0.645,0.41,281.0,132.6,58.3,0.525,-286.7,Road as Line,9.0,Brush,1,Held
CA-MNF-013028,August Complex,CA-MNF-013028_seg_00700,2020-08-28,train,19.5,639.3,551.8,0.421,0.359,251.9,63.1,81.2,0.153,-206.5,Road as Line,9.0,Brush,1,Held
CA-MNF-013028,August Complex,CA-MNF-013028_seg_00701,2020-08-28,train,32.5,882.7,687.9,0.864,0.191,270.7,148.1,32.6,0.842,-867.3,Dozer Line,6.5,Brush,0,Burned Over
CA-MNF-013028,August Complex,CA-MNF-013028_seg_00702,2020-08-28,train,23.5,723.7,1046.5,0.47,0.298,224.4,66.5,68.0,0.375,201.3,Dozer Line,6.5,Brush,1,Held
CA-MNF-013028,August Complex,CA-MNF-013028_seg_00703,2020-08-28,train,29.7,347.3,4496.5,0.017,0.016,250.0,88.1,71.9,0.311,4465.2,Road as Line,9.0,Brush,1,Held
CA-MNF-013028,August Complex,CA-MNF-013028_seg_00704,2020-08-28,train,18.6,1214.6,919.5,0.31,0.25,243.9,38.3,64.3,0.433,361.7,Completed Hand Line,2.0,Brush,1,Held
CA-MNF-013028,August Complex,CA-MNF-013028_seg_00705,2020-08-28,train,30.1,1430.6,349.7,0.879,0.117,202.6,7.3,74.7,0.264,-1233.3,Dozer Line,6.5,Brush,1,Held
CA-MNF-013028,August Complex,CA-MNF-013028_seg_00706,2020-08-28,train,20.5,1006.5,2788.5,0.353,0.294,252.9,161.0,2.0,0.999,2152.8,Dozer Line,6.5,Brush,1,Held
CA-MNF-013028,August Complex,CA-MNF-013028_seg_00707,2020-08-28,train,27.8,703.2,2916.6,0.101,0.138,249.4,101.8,57.6,0.536,2735.4,Road as Line,9.0,Brush,1,Held
CA-MNF-013028,August Complex,CA-MNF-013028_seg_00708,2020-08-28,train,24.4,728.8,2565.0,0.305,0.31,228.7,80.8,57.8,0.532,2016.4,Dozer Line,6.5,Brush,1,Held
CA-MNF-013028,August Complex,CA-MNF-013028_seg_00709,2020-08-28,train,16.2,247.5,1747.8,0.261,0.291,220.6,160.2,29.6,0.869,1278.2,Road as Line,9.0,Brush,1,Held
CA-MNF-013028,August Complex,CA-MNF-013028_seg_00710,2020-08-28,train,20.3,933.1,406.5,0.721,0.172,225.7,100.7,35.0,0.819,-891.3,Road as Line,9.0,Brush,1,Held
CA-MNF-013028,August Complex,CA-MNF-013028_seg_00711,2020-08-28,train,19.2,1241.3,387.8,0.818,0.155,279.9,168.5,21.4,0.931,-1085.4,Road as Line,9.0,Brush,0,Burned Over
CA-MNF-013028,August Complex,CA-MNF-013028_seg_00712,2020-08-28,train,10.5,1267.4,205.2,0.55,0.306,247.8,72.3,85.5,0.079,-785.0,Dozer Line,6.5,Brush,1,Held
CA-MNF-013028,August Complex,CA-MNF-013028_seg_00713,2020-08-28,train,26.4,1092.2,370.9,0.865,0.104,254.5,17.9,33.4,0.835,-1185.8,Dozer Line,6.5,Brush,0,Burned Over
CA-MNF-013028,August Complex,CA-MNF-013028_seg_00714,2020-08-28,train,16.7,866.4,222.3,0.817,0.181,231.5,4.9,43.4,0.726,-1248.9,Dozer Line,6.5,Brush,0,Burned Over
CA-MNF-013028,August Complex,CA-MNF-013028_seg_00715,2020-08-28,train,26.2,1270.7,1208.4,0.688,0.254,211.6,135.4,13.8,0.971,-30.5,Dozer Line,6.5,Brush,1,Held
CA-MNF-013028,August Complex,CA-MNF-013028_seg_00716,2020-08-28,train,27.7,764.0,469.5,0.602,0.423,257.0,73.3,86.4,0.063,-613.6,Road as Line,9.0,Brush,1,Held
CA-MNF-013028,August Complex,CA-MNF-013028_seg_00717,2020-08-28,train,14.5,1165.5,255.2,0.604,0.423,236.1,73.2,72.9,0.294,-832.7,Dozer Line,6.5,Brush,1,Held
CA-MNF-013028,August Complex,CA-MNF-013028_seg_00718,2020-08-28,train,19.8,742.7,871.2,0.714,0.332,267.4,164.1,13.3,0.973,-414.7,Dozer Line,6.5,Brush,0,Burned Over
CA-MNF-013028,August Complex,CA-MNF-013028_seg_00719,2020-08-28,train,17.8,1467.0,2345.3,0.299,0.3,231.4,107.6,33.8,0.831,1806.4,Road as Line,9.0,Brush,1,Held
CA-MNF-013028,August Complex,CA-MNF-013028_seg_00720,2020-08-28,train,10.4,1069.4,753.6,0.513,0.339,252.9,54.1,71.3,0.321,-169.8,Dozer Line,6.5,Brush,1,Held
CA-MNF-013028,August Complex,CA-MNF-013028_seg_00721,2020-08-28,train,19.9,1395.5,653.4,0.848,0.161,242.6,122.8,29.8,0.867,-873.3,Dozer Line,6.5,Brush,0,Burned Over
CA-MNF-013028,August Complex,CA-MNF-013028_seg_00722,2020-08-28,train,25.0,641.5,1562.6,0.54,0.317,244.2,2.9,28.6,0.878,591.0,Completed Hand Line,2.0,Brush,0,Burned Over
CA-MNF-013028,August Complex,CA-MNF-013028_seg_00723,2020-08-28,train,13.4,1531.7,1077.0,0.444,0.217,251.7,137.2,24.5,0.91,278.5,Dozer Line,6.5,Brush,1,Held
CA-MNF-013028,August Complex,CA-MNF-013028_seg_00724,2020-08-28,train,14.6,946.7,2258.6,0.325,0.344,237.2,146.3,0.9,1.0,1674.3,Road as Line,9.0,Brush,1,Held
CA-MNF-013028,August Complex,CA-MNF-013028_seg_00725,2020-08-28,train,18.2,1449.5,174.0,0.851,0.147,236.2,39.9,73.6,0.282,-1357.7,Dozer Line,6.5,Brush,1,Held
CA-MNF-013028,August Complex,CA-MNF-013028_seg_00726,2020-08-28,train,15.6,1048.6,691.2,0.783,0.256,236.7,88.9,57.8,0.533,-718.3,Dozer Line,6.5,Brush,1,Held
CA-MNF-013028,August Complex,CA-MNF-013028_seg_00727,2020-08-28,train,33.0,538.5,967.5,0.743,0.261,217.2,102.4,24.7,0.908,-370.3,Road as Line,9.0,Brush,1,Held
CA-MNF-013028,August Complex,CA-MNF-013028_seg_00728,2020-08-28,train,24.4,1188.9,1162.5,0.624,0.371,248.4,46.7,68.4,0.369,40.1,Dozer Line,6.5,Brush,0,Burned Over
CA-MNF-013028,August Complex,CA-MNF-013028_seg_00729,2020-08-28,train,11.6,948.6,1135.5,0.473,0.359,199.8,45.5,64.3,0.434,284.4,Completed Hand Line,2.0,Brush,1,Held
CA-MNF-013028,August Complex,CA-MNF-013028_seg_00730,2020-08-28,train,34.1,59.4,1518.0,0.421,0.38,226.5,49.3,87.1,0.05,760.7,Completed Hand Line,2.0,Brush,1,Held
CA-MNF-013028,August Complex,CA-MNF-013028_seg_00731,2020-08-28,train,26.7,765.1,409.7,0.884,0.085,267.7,0.9,3.2,0.998,-1181.7,Road as Line,9.0,Brush,0,Burned Over
CA-MNF-013028,August Complex,CA-MNF-013028_seg_00732,2020-08-28,train,25.1,1337.0,596.7,0.677,0.28,238.7,29.6,60.9,0.486,-622.5,Road as Line,9.0,Brush,1,Held
CA-MNF-013028,August Complex,CA-MNF-013028_seg_00733,2020-08-28,train,27.9,965.7,476.7,0.811,0.173,241.4,19.4,48.0,0.669,-983.7,Road as Line,9.0,Brush,0,Burned Over
CA-MNF-013028,August Complex,CA-MNF-013028_seg_00734,2020-08-28,train,11.6,665.3,1188.0,0.476,0.208,251.1,112.6,48.5,0.662,331.1,Dozer Line,6.5,Brush,1,Held
CA-MNF-013028,August Complex,CA-MNF-013028_seg_00735,2020-08-28,train,36.5,1646.1,580.5,0.743,0.282,239.8,79.5,70.3,0.337,-757.4,Road as Line,9.0,Brush,1,Held
CA-MNF-013028,August Complex,CA-MNF-013028_seg_00736,2020-08-28,train,30.5,1581.7,1248.3,0.528,0.295,243.4,42.0,68.5,0.366,297.7,Road as Line,9.0,Brush,1,Held
CA-MNF-013028,August Complex,CA-MNF-013028_seg_00737,2020-08-28,train,39.9,659.9,876.3,0.877,0.097,238.8,140.9,7.9,0.991,-702.3,Road as Line,9.0,Brush,0,Burned Over
CA-MNF-013028,August Complex,CA-MNF-013028_seg_00738,2020-08-28,train,33.0,1258.4,505.3,0.9,0.112,216.8,114.7,12.0,0.978,-1114.1,Dozer Line,6.5,Brush,0,Burned Over
CA-MNF-013028,August Complex,CA-MNF-013028_seg_00739,2020-08-28,train,30.9,958.5,1834.7,0.692,0.336,229.4,172.8,33.4,0.835,589.4,Dozer Line,6.5,Brush,1,Held
CA-MNF-013028,August Complex,CA-MNF-013028_seg_00740,2020-08-28,train,22.8,1069.7,1511.0,0.412,0.396,267.3,105.6,71.7,0.314,769.1,Completed Hand Line,2.0,Brush,1,Held
CA-MNF-013028,August Complex,CA-MNF-013028_seg_00741,2020-08-28,train,40.7,1334.8,651.4,0.819,0.264,229.8,141.3,1.6,1.0,-823.2,Road as Line,9.0,Brush,0,Burned Over
CA-MNF-013028,August Complex,CA-MNF-013028_seg_00742,2020-08-28,train,19.1,1571.3,362.5,0.797,0.136,211.2,75.4,45.8,0.697,-1072.0,Dozer Line,6.5,Brush,1,Held
CA-MNF-013028,August Complex,CA-MNF-013028_seg_00743,2020-08-28,train,34.5,1160.5,1741.8,0.485,0.385,262.2,43.0,50.9,0.631,868.1,Dozer Line,6.5,Brush,0,Burned Over
CA-MNF-013028,August Complex,CA-MNF-013028_seg_00744,2020-08-28,train,24.7,1010.8,296.9,0.868,0.159,241.7,5.4,33.7,0.832,-1265.5,Road as Line,9.0,Brush,1,Held
CA-MNF-013028,August Complex,CA-MNF-013028_seg_00745,2020-08-28,train,27.3,1169.7,1672.6,0.658,0.22,231.4,159.4,18.0,0.951,487.9,Dozer Line,6.5,Brush,0,Burned Over
CA-MNF-013028,August Complex,CA-MNF-013028_seg_00746,2020-08-28,train,23.8,1621.9,2008.1,0.448,0.273,281.0,68.2,57.2,0.541,1200.8,Dozer Line,6.5,Brush,1,Held
CA-MNF-013028,August Complex,CA-MNF-013028_seg_00747,2020-08-28,train,13.1,1996.9,2711.1,0.154,0.123,250.3,179.6,19.3,0.944,2433.0,Completed Hand Line,2.0,Brush,1,Held
CA-MNF-013028,August Complex,CA-MNF-013028_seg_00748,2020-08-28,train,28.0,855.6,4675.8,0.028,0.038,245.2,107.9,47.3,0.678,4625.6,Dozer Line,6.5,Brush,1,Held
CA-MNF-013028,August Complex,CA-MNF-013028_seg_00749,2020-08-28,train,24.6,1045.7,2624.9,0.106,0.16,276.3,143.2,43.1,0.73,2434.2,Dozer Line,6.5,Brush,1,Held
CA-MNF-013028,August Complex,CA-MNF-013028_seg_00750,2020-08-28,train,19.2,1033.7,1819.8,0.268,0.255,230.4,91.6,48.8,0.658,1337.2,Dozer Line,6.5,Brush,1,Held
CA-MNF-013028,August Complex,CA-MNF-013028_seg_00751,2020-08-28,train,8.6,910.4,524.9,0.783,0.235,208.4,89.1,29.3,0.872,-885.2,Dozer Line,6.5,Brush,1,Held
CA-MNF-013028,August Complex,CA-MNF-013028_seg_00752,2020-08-28,train,15.2,1329.3,2784.7,0.076,0.082,202.8,55.1,57.7,0.534,2648.3,Road as Line,9.0,Brush,1,Held
CA-MNF-013028,August Complex,CA-MNF-013028_seg_00753,2020-08-28,train,24.9,793.8,901.2,0.648,0.289,229.7,105.1,34.6,0.823,-265.1,Dozer Line,6.5,Brush,1,Held
CA-MNF-013028,August Complex,CA-MNF-013028_seg_00754,2020-08-28,train,25.8,937.2,1394.0,0.463,0.408,239.7,42.1,72.3,0.303,560.3,Dozer Line,6.5,Brush,1,Held
CA-MNF-013028,August Complex,CA-MNF-013028_seg_00755,2020-08-28,train,20.2,1242.7,196.8,0.861,0.135,249.1,12.8,33.8,0.831,-1352.2,Dozer Line,6.5,Brush,0,Burned Over
CA-MNF-013028,August Complex,CA-MNF-013028_seg_00756,2020-08-28,train,35.9,1016.2,5000.0,0.016,0.027,245.5,179.6,24.1,0.912,4971.4,Dozer Line,6.5,Brush,1,Held
CA-MNF-013028,August Complex,CA-MNF-013028_seg_00757,2020-08-28,train,13.0,1173.6,1190.9,0.298,0.275,232.3,73.0,69.3,0.354,654.7,Road as Line,9.0,Brush,1,Held
CA-MNF-013028,August Complex,CA-MNF-013028_seg_00758,2020-08-28,train,36.8,1184.1,1020.4,0.465,0.379,252.5,85.4,77.1,0.222,183.9,Dozer Line,6.5,Brush,1,Held
CA-MNF-013028,August Complex,CA-MNF-013028_seg_00759,2020-08-28,train,36.3,1328.5,432.2,0.908,0.098,220.7,125.6,5.1,0.996,-1201.6,Road as Line,9.0,Brush,0,Burned Over
CA-MNF-013028,August Complex,CA-MNF-013028_seg_00760,2020-08-28,train,23.0,1737.1,648.3,0.825,0.174,218.4,150.2,21.8,0.929,-837.2,Road as Line,9.0,Brush,1,Held
CA-MNF-013028,August Complex,CA-MNF-013028_seg_00761,2020-08-28,train,24.3,1707.5,350.2,0.837,0.195,262.1,166.0,6.1,0.994,-1157.2,Road as Line,9.0,Brush,0,Burned Over
CA-MNF-013028,August Complex,CA-MNF-013028_seg_00762,2020-08-28,train,21.2,1334.7,1067.5,0.446,0.338,248.6,70.3,88.3,0.03,265.4,Dozer Line,6.5,Brush,1,Held
CA-MNF-013028,August Complex,CA-MNF-013028_seg_00763,2020-08-28,train,29.0,1452.1,1551.6,0.546,0.216,232.2,5.8,43.6,0.724,569.1,Completed Hand Line,2.0,Brush,1,Held
CA-MNF-013028,August Complex,CA-MNF-013028_seg_00764,2020-08-28,train,19.1,1028.3,1027.1,0.799,0.194,263.7,10.3,16.6,0.958,-411.3,Dozer Line,6.5,Brush,1,Held
CA-MNF-013028,August Complex,CA-MNF-013028_seg_00765,2020-08-28,train,22.5,969.1,2559.2,0.313,0.265,254.3,171.9,7.6,0.991,1995.5,Road as Line,9.0,Brush,1,Held
CA-MNF-013028,August Complex,CA-MNF-013028_seg_00766,2020-08-28,train,17.5,1532.2,1535.6,0.361,0.218,244.6,90.4,64.2,0.436,885.5,Dozer Line,6.5,Brush,1,Held
CA-MNF-013028,August Complex,CA-MNF-013028_seg_00767,2020-08-28,train,18.8,341.5,889.9,0.598,0.262,216.0,158.3,32.3,0.845,-186.7,Completed Hand Line,2.0,Brush,0,Burned Over
CA-MNF-013028,August Complex,CA-MNF-013028_seg_00768,2020-08-28,train,14.7,1029.8,2142.8,0.275,0.339,251.9,110.3,51.5,0.622,1647.4,Road as Line,9.0,Brush,1,Held
CA-MNF-013028,August Complex,CA-MNF-013028_seg_00769,2020-08-28,train,32.7,1284.3,3645.6,0.1,0.097,247.6,70.8,86.8,0.056,3465.0,Road as Line,9.0,Brush,1,Held
CA-MNF-013028,August Complex,CA-MNF-013028_seg_00770,2020-08-28,train,8.4,920.3,966.2,0.521,0.448,270.3,39.1,38.8,0.78,27.6,Dozer Line,6.5,Brush,1,Held
CA-MNF-013028,August Complex,CA-MNF-013028_seg_00771,2020-08-28,train,30.8,923.8,996.4,0.579,0.364,237.4,45.5,78.1,0.207,-45.9,Road as Line,9.0,Brush,1,Held
CA-MNF-013028,August Complex,CA-MNF-013028_seg_00772,2020-08-28,train,14.9,1317.0,296.2,0.775,0.27,260.4,1.9,11.5,0.98,-1099.4,Dozer Line,6.5,Brush,1,Held
CA-MNF-013028,August Complex,CA-MNF-013028_seg_00773,2020-08-28,train,44.0,1141.5,2210.6,0.443,0.202,251.7,25.2,43.6,0.724,1413.0,Dozer Line,6.5,Brush,1,Held
CA-MNF-013028,August Complex,CA-MNF-013028_seg_00774,2020-08-28,train,24.3,991.1,1507.5,0.629,0.237,255.7,137.4,28.3,0.881,375.0,Dozer Line,6.5,Brush,1,Held
CA-MNF-013028,August Complex,CA-MNF-013028_seg_00775,2020-08-28,train,5.8,881.2,1379.4,0.258,0.228,236.1,146.1,0.0,1.0,914.9,Dozer Line,6.5,Brush,1,Held
CA-MNF-013028,August Complex,CA-MNF-013028_seg_00776,2020-08-28,train,6.8,1183.9,713.3,0.683,0.265,245.6,167.2,11.6,0.98,-515.4,Completed Hand Line,2.0,Brush,1,Held
CA-MNF-013028,August Complex,CA-MNF-013028_seg_00777,2020-08-28,train,16.5,979.5,2063.0,0.304,0.204,250.9,158.8,2.1,0.999,1516.6,Dozer Line,6.5,Brush,1,Held
CA-MNF-013028,August Complex,CA-MNF-013028_seg_00778,2020-08-28,train,19.8,890.1,1086.3,0.534,0.252,254.4,37.3,52.9,0.604,125.1,Dozer Line,6.5,Brush,1,Held
CA-MNF-013028,August Complex,CA-MNF-013028_seg_00779,2020-08-28,train,30.2,959.5,232.0,0.628,0.273,256.5,82.6,83.9,0.106,-898.4,Dozer Line,6.5,Brush,1,Held
CA-MNF-013028,August Complex,CA-MNF-013028_seg_00780,2020-08-28,train,7.0,286.9,1071.9,0.536,0.242,283.9,18.3,4.4,0.997,106.7,Completed Hand Line,2.0,Brush,0,Burned Over
CA-MNF-013028,August Complex,CA-MNF-013028_seg_00781,2020-08-28,train,9.2,925.6,1569.9,0.493,0.421,231.0,175.0,34.0,0.829,681.8,Dozer Line,6.5,Brush,1,Held
CA-MNF-013028,August Complex,CA-MNF-013028_seg_00782,2020-08-28,train,32.6,855.7,728.2,0.754,0.258,235.8,105.3,40.5,0.761,-628.4,Completed Hand Line,2.0,Brush,0,Burned Over
CA-MNF-013028,August Complex,CA-MNF-013028_seg_00783,2020-08-28,train,17.3,1339.8,1848.8,0.384,0.278,239.9,132.8,17.0,0.956,1158.4,Dozer Line,6.5,Brush,1,Held
CA-MNF-013028,August Complex,CA-MNF-013028_seg_00784,2020-08-28,train,26.8,1871.0,3649.8,0.056,0.057,243.8,107.7,46.1,0.693,3549.7,Road as Line,9.0,Brush,1,Held
CA-MNF-013028,August Complex,CA-MNF-013028_seg_00785,2020-08-28,train,20.2,1600.8,178.8,0.684,0.225,255.3,51.9,66.7,0.396,-1052.9,Dozer Line,6.5,Brush,1,Held
CA-MNF-013028,August Complex,CA-MNF-013028_seg_00786,2020-08-28,train,35.7,1105.6,1274.0,0.788,0.208,232.0,129.5,12.5,0.976,-143.7,Dozer Line,6.5,Brush,0,Burned Over
CA-MNF-013028,August Complex,CA-MNF-013028_seg_00787,2020-08-28,train,33.9,1275.6,424.1,0.9,0.146,267.5,25.5,28.0,0.883,-1196.4,Completed Hand Line,2.0,Brush,0,Burned Over
CA-MNF-013028,August Complex,CA-MNF-013028_seg_00788,2020-08-28,train,14.3,1052.7,487.1,0.782,0.185,251.7,129.9,31.8,0.849,-920.8,Dozer Line,6.5,Brush,1,Held
CA-MNF-013028,August Complex,CA-MNF-013028_seg_00789,2020-08-28,train,18.4,1127.9,759.5,0.8,0.209,255.7,175.1,9.4,0.987,-679.7,Road as Line,9.0,Brush,0,Burned Over
CA-MNF-013028,August Complex,CA-MNF-013028_seg_00790,2020-08-28,train,20.3,1118.9,2459.3,0.047,0.062,247.5,68.7,88.9,0.02,2375.4,Dozer Line,6.5,Brush,1,Held
CA-MNF-013028,August Complex,CA-MNF-013028_seg_00791,2020-08-28,train,24.2,725.2,1267.8,0.424,0.31,254.8,67.5,82.8,0.126,504.4,Dozer Line,6.5,Brush,1,Held
CA-MNF-013028,August Complex,CA-MNF-013028_seg_00792,2020-08-28,train,21.9,537.3,3269.4,0.052,0.057,294.4,88.5,64.1,0.437,3176.5,Dozer Line,6.5,Brush,1,Held
CA-MNF-013028,August Complex,CA-MNF-013028_seg_00793,2020-08-28,train,23.4,1017.2,733.0,0.742,0.237,233.0,165.9,22.9,0.921,-602.2,Dozer Line,6.5,Brush,0,Burned Over
CA-MNF-013028,August Complex,CA-MNF-013028_seg_00794,2020-08-28,train,21.4,695.4,1580.7,0.357,0.353,218.3,123.9,4.4,0.997,937.9,Dozer Line,6.5,Brush,1,Held
CA-MNF-013028,August Complex,CA-MNF-013028_seg_00795,2020-08-28,train,12.1,742.4,1393.9,0.577,0.361,243.4,125.5,27.9,0.884,354.9,Dozer Line,6.5,Brush,0,Burned Over
CA-MNF-013028,August Complex,CA-MNF-013028_seg_00796,2020-08-28,train,20.8,1130.0,1390.7,0.49,0.346,262.5,138.8,33.7,0.832,508.2,Completed Hand Line,2.0,Brush,1,Held
CA-MNF-013028,August Complex,CA-MNF-013028_seg_00797,2020-08-28,train,29.9,517.1,581.8,0.781,0.202,273.7,45.5,41.8,0.745,-824.6,Dozer Line,6.5,Brush,0,Burned Over
CA-MNF-013028,August Complex,CA-MNF-013028_seg_00798,2020-08-28,train,18.2,1078.9,1949.0,0.392,0.369,238.8,114.5,34.3,0.826,1242.6,Completed Hand Line,2.0,Brush,1,Held
CA-MNF-013028,August Complex,CA-MNF-013028_seg_00799,2020-08-28,train,20.7,1742.3,236.9,0.747,0.275,236.9,0.3,33.4,0.835,-1108.0,Road as Line,9.0,Brush,1,Held
CA-MNF-013028,August Complex,CA-MNF-013028_seg_00800,2020-08-28,train,16.3,1033.8,3709.0,0.029,0.028,210.0,32.8,87.3,0.047,3657.2,Dozer Line,6.5,Brush,1,Held
CA-MNF-013028,August Complex,CA-MNF-013028_seg_00801,2020-08-28,train,41.4,1055.7,1332.9,0.553,0.239,216.4,73.6,52.8,0.604,337.4,Dozer Line,6.5,Brush,1,Held
CA-MNF-013028,August Complex,CA-MNF-013028_seg_00802,2020-08-28,train,32.0,845.8,1490.6,0.473,0.387,250.7,86.0,74.7,0.264,639.2,Dozer Line,6.5,Brush,0,Burned Over
CA-MNF-013028,August Complex,CA-MNF-013028_seg_00803,2020-08-28,train,28.3,1449.1,1258.5,0.68,0.377,278.7,1.3,7.4,0.992,34.4,Dozer Line,6.5,Brush,1,Held
CA-MNF-013028,August Complex,CA-MNF-013028_seg_00804,2020-08-28,train,35.7,593.8,2186.9,0.447,0.291,272.6,179.9,2.7,0.999,1381.5,Dozer Line,6.5,Brush,1,Held
CA-MNF-013028,August Complex,CA-MNF-013028_seg_00805,2020-08-28,train,27.9,1412.6,1700.1,0.471,0.349,253.3,125.7,37.6,0.792,852.9,Completed Hand Line,2.0,Brush,1,Held
CA-MNF-013028,August Complex,CA-MNF-013028_seg_00806,2020-08-28,train,14.1,1233.4,1440.6,0.5,0.247,224.6,111.3,23.3,0.918,540.2,Completed Hand Line,2.0,Brush,0,Burned Over
CA-MNF-013028,August Complex,CA-MNF-013028_seg_00807,2020-08-28,train,22.9,1429.0,2127.6,0.407,0.34,235.1,8.2,43.1,0.73,1394.9,Dozer Line,6.5,Brush,1,Held
CA-MNF-013028,August Complex,CA-MNF-013028_seg_00808,2020-08-28,train,31.1,371.3,5000.0,0.014,0.021,272.1,167.6,14.5,0.968,4975.2,Dozer Line,6.5,Brush,1,Held
CA-MNF-013028,August Complex,CA-MNF-013028_seg_00809,2020-08-28,train,20.5,647.7,993.0,0.773,0.193,269.8,154.2,25.6,0.902,-398.7,Road as Line,9.0,Brush,0,Burned Over
CA-MNF-013028,August Complex,CA-MNF-013028_seg_00810,2020-08-28,train,30.5,1287.4,1453.9,0.646,0.355,245.8,20.8,45.0,0.707,292.0,Road as Line,9.0,Brush,1,Held
CA-MNF-013028,August Complex,CA-MNF-013028_seg_00811,2020-08-28,train,16.8,1055.8,2945.3,0.123,0.114,246.4,167.2,10.8,0.982,2723.9,Dozer Line,6.5,Brush,1,Held
CA-MNF-013028,August Complex,CA-MNF-013028_seg_00812,2020-08-28,train,30.4,1384.7,263.8,0.79,0.288,230.5,130.6,9.9,0.985,-1157.8,Road as Line,9.0,Brush,0,Burned Over
CA-MNF-013028,August Complex,CA-MNF-013028_seg_00813,2020-08-28,train,32.0,701.6,726.8,0.768,0.295,228.9,132.5,6.4,0.994,-656.4,Road as Line,9.0,Brush,1,Held
CA-MNF-013028,August Complex,CA-MNF-013028_seg_00814,2020-08-28,train,24.0,1228.9,3471.6,0.092,0.098,244.7,133.3,21.4,0.931,3305.4,Completed Hand Line,2.0,Brush,1,Held
CA-MNF-013028,August Complex,CA-MNF-013028_seg_00815,2020-08-28,train,22.0,1225.1,2403.7,0.147,0.146,262.4,96.4,76.0,0.242,2138.9,Road as Line,9.0,Brush,1,Held
CA-MNF-013028,August Complex,CA-MNF-013028_seg_00816,2020-08-28,train,18.2,900.8,1077.4,0.46,0.433,234.2,71.2,73.0,0.292,248.9,Road as Line,9.0,Brush,1,Held
CA-MNF-013028,August Complex,CA-MNF-013028_seg_00817,2020-08-28,train,19.0,942.1,2089.1,0.232,0.197,237.1,119.8,27.4,0.888,1672.0,Completed Hand Line,2.0,Brush,0,Burned Over
CA-MNF-013028,August Complex,CA-MNF-013028_seg_00818,2020-08-28,train,12.1,992.3,969.9,0.537,0.443,239.5,149.2,0.3,1.0,3.5,Dozer Line,6.5,Brush,1,Held
CA-MNF-013028,August Complex,CA-MNF-013028_seg_00819,2020-08-28,train,5.7,1030.6,214.8,0.676,0.282,253.3,126.1,37.3,0.796,-1002.5,Dozer Line,6.5,Brush,0,Burned Over
CA-MNF-013028,August Complex,CA-MNF-013028_seg_00820,2020-08-28,train,1.0,1723.8,643.9,0.313,0.335,218.3,98.6,29.7,0.869,80.4,Dozer Line,6.5,Brush,1,Held
CA-MNF-013028,August Complex,CA-MNF-013028_seg_00821,2020-08-28,train,16.4,1023.8,750.6,0.793,0.226,267.7,154.1,23.6,0.916,-677.3,Road as Line,9.0,Brush,0,Burned Over
CA-MNF-013028,August Complex,CA-MNF-013028_seg_00822,2020-08-28,train,23.4,898.1,1578.7,0.497,0.255,242.1,24.8,52.6,0.607,684.4,Road as Line,9.0,Brush,1,Held
CA-MNF-013028,August Complex,CA-MNF-013028_seg_00823,2020-08-28,train,10.3,1031.0,5000.0,0.014,0.017,274.4,122.1,62.3,0.465,4974.5,Road as Line,9.0,Brush,1,Held
CA-MNF-013028,August Complex,CA-MNF-013028_seg_00824,2020-08-28,train,21.1,1317.4,4861.1,0.009,0.017,229.2,9.4,50.2,0.64,4844.2,Road as Line,9.0,Brush,1,Held
CA-MNF-013028,August Complex,CA-MNF-013028_seg_00825,2020-08-28,train,32.4,1123.3,3859.5,0.074,0.102,233.9,123.8,20.0,0.939,3726.2,Road as Line,9.0,Brush,1,Held
CA-MNF-013028,August Complex,CA-MNF-013028_seg_00826,2020-08-28,train,12.2,1435.3,1420.8,0.292,0.182,238.2,49.5,81.3,0.151,895.4,Dozer Line,6.5,Brush,1,Held
CA-MNF-013028,August Complex,CA-MNF-013028_seg_00827,2020-08-28,train,23.7,1551.8,533.8,0.587,0.238,244.0,103.1,50.9,0.631,-523.4,Dozer Line,6.5,Brush,1,Held
CA-MNF-013028,August Complex,CA-MNF-013028_seg_00828,2020-08-28,train,20.2,955.7,3024.7,0.113,0.162,248.6,11.4,32.8,0.84,2820.9,Dozer Line,6.5,Brush,1,Held
CA-MNF-013028,August Complex,CA-MNF-013028_seg_00829,2020-08-28,train,12.4,1254.4,1204.6,0.283,0.188,237.0,93.4,53.6,0.593,694.4,Road as Line,9.0,Brush,1,Held
CA-MNF-013028,August Complex,CA-MNF-013028_seg_00830,2020-08-28,train,33.0,1299.7,1120.9,0.619,0.219,248.2,32.4,54.2,0.585,7.4,Dozer Line,6.5,Brush,1,Held
CA-MNF-013028,August Complex,CA-MNF-013028_seg_00831,2020-08-28,train,20.1,1155.6,996.6,0.718,0.248,228.6,176.4,37.8,0.79,-295.7,Completed Hand Line,2.0,Brush,1,Held
CA-MNF-013028,August Complex,CA-MNF-013028_seg_00832,2020-08-28,train,18.4,1499.8,1441.6,0.59,0.362,220.3,140.9,10.6,0.983,380.0,Dozer Line,6.5,Brush,1,Held
CA-MNF-013028,August Complex,CA-MNF-013028_seg_00833,2020-08-28,train,20.5,866.7,2206.2,0.338,0.246,246.0,17.8,41.8,0.746,1598.5,Road as Line,9.0,Brush,1,Held
CA-MNF-013028,August Complex,CA-MNF-013028_seg_00834,2020-08-28,train,30.3,1169.9,1318.4,0.681,0.257,258.7,23.1,34.4,0.825,92.9,Completed Hand Line,2.0,Brush,0,Burned Over
CA-MNF-013028,August Complex,CA-MNF-013028_seg_00835,2020-08-28,train,31.5,1090.3,1071.2,0.704,0.374,274.3,125.0,59.3,0.51,-195.1,Road as Line,9.0,Brush,1,Held
CA-MNF-013028,August Complex,CA-MNF-013028_seg_00836,2020-08-28,train,8.1,743.2,803.0,0.636,0.286,280.6,108.9,81.7,0.144,-342.2,Dozer Line,6.5,Brush,1,Held
CA-MNF-013028,August Complex,CA-MNF-013028_seg_00837,2020-08-28,train,25.1,1219.8,231.9,0.784,0.192,232.9,98.7,44.2,0.717,-1180.1,Dozer Line,6.5,Brush,0,Burned Over
CA-MNF-013028,August Complex,CA-MNF-013028_seg_00838,2020-08-28,train,22.5,1439.9,721.0,0.851,0.123,281.0,174.4,16.6,0.958,-811.4,Road as Line,9.0,Brush,0,Burned Over
CA-MNF-013028,August Complex,CA-MNF-013028_seg_00839,2020-08-28,train,22.7,671.4,2556.5,0.243,0.312,219.1,126.1,3.0,0.999,2118.6,Dozer Line,6.5,Brush,1,Held
CA-MNF-013028,August Complex,CA-MNF-013028_seg_00840,2020-08-28,train,34.2,776.0,1060.3,0.601,0.306,212.7,174.2,51.5,0.623,-20.7,Dozer Line,6.5,Brush,1,Held
CA-MNF-013028,August Complex,CA-MNF-013028_seg_00841,2020-08-28,train,25.9,1201.8,1745.5,0.425,0.434,275.4,68.2,62.8,0.457,980.0,Road as Line,9.0,Brush,1,Held
CA-MNF-013028,August Complex,CA-MNF-013028_seg_00842,2020-08-28,train,16.5,1040.3,2072.2,0.29,0.253,228.9,177.5,38.6,0.782,1549.6,Completed Hand Line,2.0,Brush,0,Burned Over
CA-MNF-013028,August Complex,CA-MNF-013028_seg_00843,2020-08-28,train,38.7,865.0,776.1,0.871,0.099,241.7,170.5,18.9,0.946,-792.5,Road as Line,9.0,Brush,0,Burned Over
CA-MNF-013028,August Complex,CA-MNF-013028_seg_00844,2020-08-28,train,27.2,1640.1,964.7,0.317,0.265,281.0,99.7,88.7,0.023,394.2,Dozer Line,6.5,Brush,1,Held
CA-MNF-013028,August Complex,CA-MNF-013028_seg_00845,2020-08-28,train,19.0,50.0,1586.3,0.557,0.422,222.1,159.9,27.8,0.885,584.0,Road as Line,9.0,Brush,1,Held
CA-MNF-013028,August Complex,CA-MNF-013028_seg_00846,2020-08-28,train,15.3,1099.5,3765.9,0.023,0.03,263.3,133.0,40.3,0.763,3723.8,Road as Line,9.0,Brush,1,Held
CA-MNF-013028,August Complex,CA-MNF-013028_seg_00847,2020-08-28,train,5.4,769.6,456.0,0.53,0.327,279.1,94.2,85.2,0.084,-497.9,Completed Hand Line,2.0,Brush,1,Held
CA-MNF-013028,August Complex,CA-MNF-013028_seg_00848,2020-08-28,train,25.2,980.0,494.8,0.756,0.169,211.9,164.5,42.6,0.736,-865.5,Dozer Line,6.5,Brush,1,Held
CA-MNF-013028,August Complex,CA-MNF-013028_seg_00849,2020-08-28,train,10.4,1065.9,586.3,0.604,0.389,271.2,39.1,37.9,0.789,-501.3,Dozer Line,6.5,Brush,1,Held
CA-MNF-013028,August Complex,CA-MNF-013028_seg_00850,2020-08-28,train,22.6,772.7,628.0,0.743,0.323,243.8,110.8,43.0,0.732,-709.4,Dozer Line,6.5,Brush,1,Held
CA-MNF-013028,August Complex,CA-MNF-013028_seg_00851,2020-08-28,train,22.2,952.9,350.3,0.736,0.186,261.5,92.6,78.9,0.193,-973.8,Road as Line,9.0,Brush,1,Held
CA-MNF-013028,August Complex,CA-MNF-013028_seg_00852,2020-08-28,train,31.1,987.2,2152.7,0.459,0.407,261.7,32.8,41.1,0.753,1326.9,Dozer Line,6.5,Brush,1,Held
CA-MNF-013028,August Complex,CA-MNF-013028_seg_00853,2020-08-28,train,36.1,651.5,402.2,0.877,0.167,264.4,35.7,41.3,0.751,-1175.9,Completed Hand Line,2.0,Brush,0,Burned Over
CA-MNF-013028,August Complex,CA-MNF-013028_seg_00854,2020-08-28,train,23.7,586.6,805.9,0.527,0.377,210.9,47.8,73.0,0.292,-143.3,Dozer Line,6.5,Brush,1,Held
CA-MNF-013028,August Complex,CA-MNF-013028_seg_00855,2020-08-28,train,21.8,306.4,740.9,0.783,0.14,252.4,151.8,10.6,0.983,-668.3,Dozer Line,6.5,Brush,0,Burned Over
CA-MNF-013028,August Complex,CA-MNF-013028_seg_00856,2020-08-28,train,35.5,1144.6,4647.8,0.01,0.011,243.3,61.6,88.3,0.03,4628.9,Dozer Line,6.5,Brush,1,Held
CA-MNF-013028,August Complex,CA-MNF-013028_seg_00857,2020-08-28,train,30.8,1340.8,1896.7,0.279,0.211,287.2,44.9,27.7,0.886,1394.3,Road as Line,9.0,Brush,1,Held
CA-MNF-013028,August Complex,CA-MNF-013028_seg_00858,2020-08-28,train,9.0,1300.1,389.9,0.474,0.358,271.7,90.4,88.7,0.023,-462.5,Dozer Line,6.5,Brush,1,Held
CA-MNF-013028,August Complex,CA-MNF-013028_seg_00859,2020-08-28,train,20.8,1903.8,1300.0,0.371,0.282,250.4,76.7,83.7,0.11,632.4,Dozer Line,6.5,Brush,1,Held
CA-MNF-013028,August Complex,CA-MNF-013028_seg_00860,2020-08-28,train,30.8,893.9,1389.0,0.623,0.254,239.7,91.8,57.9,0.531,267.9,Dozer Line,6.5,Brush,1,Held
CA-MNF-013028,August Complex,CA-MNF-013028_seg_00861,2020-08-28,train,22.8,1196.7,1788.6,0.563,0.42,250.3,9.4,29.0,0.874,775.5,Dozer Line,6.5,Brush,0,Burned Over
CA-MNF-013028,August Complex,CA-MNF-013028_seg_00862,2020-08-28,train,27.8,904.8,166.5,0.703,0.236,207.3,17.4,80.2,0.171,-1099.3,Road as Line,9.0,Brush,1,Held
CA-MNF-013028,August Complex,CA-MNF-013028_seg_00863,2020-08-28,train,20.4,768.2,432.9,0.886,0.094,213.8,117.0,6.8,0.993,-1161.0,Road as Line,9.0,Brush,1,Held
CA-MNF-013028,August Complex,CA-MNF-013028_seg_00864,2020-08-28,train,15.1,1534.4,1613.6,0.339,0.302,252.0,34.3,52.2,0.612,1003.3,Dozer Line,6.5,Brush,0,Burned Over
CA-MNF-013028,August Complex,CA-MNF-013028_seg_00865,2020-08-28,train,35.7,1266.1,405.4,0.84,0.225,230.5,7.9,47.4,0.677,-1107.0,Completed Hand Line,2.0,Brush,0,Burned Over
CA-MNF-013028,August Complex,CA-MNF-013028_seg_00866,2020-08-28,train,16.0,1401.6,3050.9,0.119,0.182,264.0,129.1,44.9,0.709,2836.2,Dozer Line,6.5,Brush,1,Held
CA-MNF-013028,August Complex,CA-MNF-013028_seg_00867,2020-08-28,train,17.5,1039.6,1152.1,0.454,0.382,253.5,8.2,24.7,0.908,334.1,Dozer Line,6.5,Brush,0,Burned Over
CA-MNF-013028,August Complex,CA-MNF-013028_seg_00868,2020-08-28,train,21.0,1307.2,731.7,0.66,0.24,248.7,135.1,23.6,0.916,-457.1,Dozer Line,6.5,Brush,1,Held
CA-MNF-013028,August Complex,CA-MNF-013028_seg_00869,2020-08-28,train,4.5,863.6,879.3,0.462,0.274,238.6,142.3,6.3,0.994,47.8,Dozer Line,6.5,Brush,1,Held
CA-MNF-013028,August Complex,CA-MNF-013028_seg_00870,2020-08-28,train,24.4,1150.9,197.9,0.907,0.145,269.8,42.9,43.1,0.73,-1435.3,Dozer Line,6.5,Brush,0,Burned Over
CA-MNF-013028,August Complex,CA-MNF-013028_seg_00871,2020-08-28,train,38.8,1104.1,151.7,0.936,0.07,229.3,96.2,43.1,0.73,-1534.0,Dozer Line,6.5,Brush,0,Burned Over
CA-MNF-013028,August Complex,CA-MNF-013028_seg_00872,2020-08-28,train,12.9,1037.4,621.0,0.563,0.4,279.4,110.1,79.4,0.184,-391.8,Dozer Line,6.5,Brush,1,Held
CA-MNF-013028,August Complex,CA-MNF-013028_seg_00873,2020-08-28,train,20.0,1527.7,1957.1,0.354,0.353,246.8,176.2,19.4,0.943,1320.1,Dozer Line,6.5,Brush,0,Burned Over
CA-MNF-013028,August Complex,CA-MNF-013028_seg_00874,2020-08-28,train,13.5,805.7,449.1,0.848,0.207,241.9,147.0,4.9,0.996,-1077.7,Road as Line,9.0,Brush,1,Held
CA-MNF-013028,August Complex,CA-MNF-013028_seg_00875,2020-08-28,train,13.5,1050.2,268.1,0.839,0.225,250.3,162.4,2.1,0.999,-1241.6,Dozer Line,6.5,Brush,0,Burned Over
CA-MNF-013028,August Complex,CA-MNF-013028_seg_00876,2020-08-28,train,20.5,1056.7,384.8,0.729,0.172,223.5,29.3,75.9,0.244,-927.4,Dozer Line,6.5,Brush,1,Held
CA-MNF-013028,August Complex,CA-MNF-013028_seg_00877,2020-08-28,train,21.2,1258.1,1706.9,0.215,0.199,254.7,94.8,69.9,0.344,1319.6,Dozer Line,6.5,Brush,1,Held
CA-MNF-013028,August Complex,CA-MNF-013028_seg_00878,2020-08-28,train,19.9,1035.6,254.8,0.841,0.109,262.6,44.7,52.1,0.614,-1258.8,Completed Hand Line,2.0,Brush,0,Burned Over
CA-MNF-013028,August Complex,CA-MNF-013028_seg_00879,2020-08-28,train,13.9,1072.3,421.3,0.788,0.208,219.5,127.3,2.1,0.999,-996.5,Dozer Line,6.5,Brush,1,Held
CA-MNF-013028,August Complex,CA-MNF-013028_seg_00880,2020-08-28,train,26.8,1604.4,307.6,0.796,0.178,249.2,112.9,46.3,0.691,-1126.0,Dozer Line,6.5,Brush,0,Burned Over
CA-MNF-013028,August Complex,CA-MNF-013028_seg_00881,2020-08-28,train,21.0,1165.7,341.3,0.646,0.384,237.0,76.9,70.1,0.34,-820.9,Dozer Line,6.5,Brush,0,Burned Over
CA-MNF-013028,August Complex,CA-MNF-013028_seg_00882,2020-08-28,train,25.6,1262.3,278.7,0.84,0.19,263.1,19.8,26.7,0.893,-1232.9,Dozer Line,6.5,Brush,0,Burned Over
CA-MNF-013028,August Complex,CA-MNF-013028_seg_00883,2020-08-28,train,14.5,1477.8,1057.3,0.297,0.198,220.6,32.1,81.5,0.148,523.5,Road as Line,9.0,Brush,1,Held
CA-MNF-013028,August Complex,CA-MNF-013028_seg_00884,2020-08-28,train,25.4,1005.0,1450.7,0.52,0.377,278.3,164.9,23.4,0.918,515.0,Dozer Line,6.5,Brush,1,Held
CA-MNF-013028,August Complex,CA-MNF-013028_seg_00885,2020-08-28,train,32.6,1404.0,744.3,0.436,0.314,238.7,57.6,88.9,0.019,-39.9,Dozer Line,6.5,Brush,0,Burned Over
CA-MNF-013028,August Complex,CA-MNF-013028_seg_00886,2020-08-28,train,25.9,1072.9,390.9,0.852,0.154,231.8,179.1,37.2,0.796,-1143.3,Road as Line,9.0,Brush,0,Burned Over
CA-MNF-013028,August Complex,CA-MNF-013028_seg_00887,2020-08-28,train,36.0,784.5,488.7,0.903,0.117,224.5,117.7,16.8,0.957,-1136.9,Dozer Line,6.5,Brush,0,Burned Over
CA-MNF-013028,August Complex,CA-MNF-013028_seg_00888,2020-08-28,train,17.4,780.0,1569.0,0.259,0.199,244.7,104.0,50.6,0.634,1102.0,Dozer Line,6.5,Brush,1,Held
CA-MNF-013028,August Complex,CA-MNF-013028_seg_00889,2020-08-28,train,13.9,278.5,223.7,0.872,0.186,222.3,165.8,33.5,0.834,-1345.9,Road as Line,9.0,Brush,1,Held
CA-MNF-013028,August Complex,CA-MNF-013028_seg_00890,2020-08-28,train,2.8,1665.3,483.3,0.647,0.214,248.2,164.3,6.1,0.994,-681.9,Completed Hand Line,2.0,Brush,0,Burned Over
CA-MNF-013028,August Complex,CA-MNF-013028_seg_00891,2020-08-28,train,25.8,1993.6,1600.4,0.29,0.337,240.9,66.9,84.0,0.104,1078.4,Completed Hand Line,2.0,Brush,1,Held
CA-MNF-013028,August Complex,CA-MNF-013028_seg_00892,2020-08-28,train,23.7,1223.3,2166.5,0.3,0.324,252.5,102.5,60.0,0.5,1626.3,Road as Line,9.0,Brush,1,Held
CA-MNF-013028,August Complex,CA-MNF-013028_seg_00893,2020-08-28,train,26.3,830.3,1575.9,0.637,0.389,242.3,140.7,11.7,0.979,429.0,Dozer Line,6.5,Brush,0,Burned Over
CA-MNF-013028,August Complex,CA-MNF-013028_seg_00894,2020-08-28,train,23.2,1760.3,2654.7,0.212,0.287,209.5,122.4,2.8,0.999,2272.8,Dozer Line,6.5,Brush,1,Held
CA-MNF-013028,August Complex,CA-MNF-013028_seg_00895,2020-08-28,train,42.2,1620.2,4726.0,0.032,0.045,254.8,93.9,70.9,0.328,4667.7,Dozer Line,6.5,Brush,1,Held
CA-MNF-013028,August Complex,CA-MNF-013028_seg_00896,2020-08-28,train,15.7,474.1,908.3,0.78,0.279,233.9,147.0,3.1,0.999,-495.6,Dozer Line,6.5,Brush,0,Burned Over
CA-MNF-013028,August Complex,CA-MNF-013028_seg_00897,2020-08-28,train,26.1,1157.1,1259.2,0.604,0.259,247.7,14.0,36.3,0.806,172.8,Dozer Line,6.5,Brush,1,Held
CA-MNF-013028,August Complex,CA-MNF-013028_seg_00898,2020-08-28,train,14.3,1112.3,1370.6,0.349,0.404,260.5,99.3,71.2,0.322,742.5,Road as Line,9.0,Brush,1,Held
CA-MNF-013028,August Complex,CA-MNF-013028_seg_00899,2020-08-28,train,24.2,1391.8,160.2,0.893,0.115,234.9,169.8,25.0,0.907,-1446.8,Dozer Line,6.5,Brush,0,Burned Over
CA-MNF-013028,August Complex,CA-MNF-013028_seg_00900,2020-08-28,train,19.7,1637.8,777.7,0.634,0.373,244.5,17.5,43.0,0.731,-363.0,Dozer Line,6.5,Brush,1,Held
CA-MNF-013028,August Complex,CA-MNF-013028_seg_00901,2020-08-28,train,12.9,514.1,347.2,0.7,0.187,204.5,52.2,62.3,0.465,-913.6,Road as Line,9.0,Brush,1,Held
CA-MNF-013028,August Complex,CA-MNF-013028_seg_00902,2020-08-28,train,9.3,760.9,4128.0,0.01,0.015,212.9,29.0,86.1,0.068,4109.5,Completed Hand Line,2.0,Brush,1,Held
CA-MNF-013028,August Complex,CA-MNF-013028_seg_00903,2020-08-28,train,29.2,924.4,826.4,0.691,0.254,271.7,154.1,27.6,0.886,-416.5,Dozer Line,6.5,Brush,0,Burned Over
CA-MNF-013028,August Complex,CA-MNF-013028_seg_00904,2020-08-28,train,32.3,1383.2,2110.0,0.356,0.309,270.3,89.6,89.3,0.012,1468.9,Completed Hand Line,2.0,Brush,1,Held
CA-MNF-013028,August Complex,CA-MNF-013028_seg_00905,2020-08-28,train,26.4,1352.1,361.3,0.895,0.084,241.4,168.1,16.7,0.958,-1249.7,Dozer Line,6.5,Brush,0,Burned Over
CA-MNF-013028,August Complex,CA-MNF-013028_seg_00906,2020-08-28,train,23.2,834.6,1410.8,0.643,0.314,251.5,157.8,3.7,0.998,252.8,Dozer Line,6.5,Brush,0,Burned Over
CA-MNF-013028,August Complex,CA-MNF-013028_seg_00907,2020-08-28,train,6.3,1586.5,698.2,0.431,0.288,272.7,23.2,20.6,0.936,-77.1,Road as Line,9.0,Brush,1,Held
CA-MNF-013028,August Complex,CA-MNF-013028_seg_00908,2020-08-28,train,12.4,1476.2,1388.9,0.358,0.373,244.2,111.7,42.4,0.738,744.9,Dozer Line,6.5,Brush,1,Held
CA-MNF-013028,August Complex,CA-MNF-013028_seg_00909,2020-08-28,train,29.6,1292.7,739.7,0.761,0.23,236.4,13.1,46.8,0.685,-631.0,Road as Line,9.0,Brush,1,Held
CA-MNF-013028,August Complex,CA-MNF-013028_seg_00910,2020-08-28,train,29.5,1587.2,3218.8,0.147,0.141,246.5,165.1,8.6,0.989,2954.9,Dozer Line,6.5,Brush,1,Held
CA-MNF-013028,August Complex,CA-MNF-013028_seg_00911,2020-08-28,train,12.2,982.5,196.8,0.765,0.259,257.6,50.1,62.5,0.461,-1180.1,Dozer Line,6.5,Brush,1,Held
CA-MNF-013028,August Complex,CA-MNF-013028_seg_00912,2020-08-28,train,36.4,500.0,824.8,0.652,0.378,238.4,65.1,83.4,0.116,-349.2,Completed Hand Line,2.0,Brush,1,Held
CA-MNF-013028,August Complex,CA-MNF-013028_seg_00913,2020-08-28,train,19.2,1003.8,773.2,0.779,0.288,235.6,12.5,46.9,0.683,-629.4,Dozer Line,6.5,Brush,1,Held
CA-MNF-013028,August Complex,CA-MNF-013028_seg_00914,2020-08-28,train,18.5,1174.7,652.3,0.713,0.235,245.2,162.3,7.1,0.992,-631.0,Dozer Line,6.5,Brush,0,Burned Over
CA-MNF-013028,August Complex,CA-MNF-013028_seg_00915,2020-08-28,train,33.8,1387.7,1566.7,0.384,0.375,242.8,63.8,89.0,0.018,875.2,Road as Line,9.0,Brush,1,Held
CA-MNF-013028,August Complex,CA-MNF-013028_seg_00916,2020-08-28,train,16.7,869.7,3505.6,0.043,0.046,243.5,177.5,24.0,0.913,3427.8,Dozer Line,6.5,Brush,1,Held
CA-MNF-013028,August Complex,CA-MNF-013028_seg_00917,2020-08-28,train,18.7,1213.1,775.8,0.717,0.254,243.3,174.6,21.3,0.932,-514.7,Road as Line,9.0,Brush,1,Held
CA-MNF-013028,August Complex,CA-MNF-013028_seg_00918,2020-08-28,train,21.2,1255.6,4787.7,0.01,0.01,223.0,39.4,86.4,0.063,4769.4,Dozer Line,6.5,Brush,1,Held
CA-MNF-013028,August Complex,CA-MNF-013028_seg_00919,2020-08-28,train,19.9,1551.8,2167.0,0.364,0.302,287.4,2.6,14.8,0.967,1511.4,Completed Hand Line,2.0,Brush,0,Burned Over
CA-MNF-013028,August Complex,CA-MNF-013028_seg_00920,2020-08-28,train,24.5,753.9,1088.3,0.553,0.226,211.3,63.4,57.9,0.531,92.5,Dozer Line,6.5,Brush,1,Held
CA-MNF-013028,August Complex,CA-MNF-013028_seg_00921,2020-08-28,train,15.7,737.7,2387.9,0.084,0.083,236.9,68.7,78.2,0.204,2237.0,Road as Line,9.0,Brush,1,Held
CA-MNF-013028,August Complex,CA-MNF-013028_seg_00922,2020-08-28,train,21.5,1733.5,1408.5,0.381,0.306,229.7,18.7,59.0,0.515,723.1,Road as Line,9.0,Brush,1,Held
CA-MNF-013028,August Complex,CA-MNF-013028_seg_00923,2020-08-28,train,26.1,666.4,560.8,0.799,0.202,232.5,5.9,43.3,0.727,-877.0,Dozer Line,6.5,Brush,1,Held
CA-MNF-013028,August Complex,CA-MNF-013028_seg_00924,2020-08-28,train,38.6,1750.5,789.1,0.774,0.27,258.4,164.5,3.8,0.998,-604.0,Dozer Line,6.5,Brush,0,Burned Over
CA-MNF-013028,August Complex,CA-MNF-013028_seg_00925,2020-08-28,train,40.1,949.1,2337.8,0.245,0.193,250.8,47.6,66.8,0.394,1897.0,Completed Hand Line,2.0,Brush,1,Held
CA-MNF-013028,August Complex,CA-MNF-013028_seg_00926,2020-08-28,train,29.2,1293.4,2208.0,0.377,0.413,230.4,147.0,6.6,0.993,1529.9,Completed Hand Line,2.0,Brush,0,Burned Over
CA-MNF-013028,August Complex,CA-MNF-013028_seg_00927,2020-08-28,train,34.1,1277.4,2089.3,0.489,0.359,235.7,149.1,3.4,0.998,1209.0,Completed Hand Line,2.0,Brush,0,Burned Over
CA-MNF-013028,August Complex,CA-MNF-013028_seg_00928,2020-08-28,train,21.0,726.8,2088.4,0.215,0.267,216.8,17.9,71.2,0.323,1701.6,Road as Line,9.0,Brush,1,Held
CA-MNF-013028,August Complex,CA-MNF-013028_seg_00929,2020-08-28,train,14.8,293.7,267.5,0.631,0.324,219.0,36.7,87.7,0.04,-868.5,Dozer Line,6.5,Brush,1,Held
CA-MNF-013028,August Complex,CA-MNF-013028_seg_00930,2020-08-28,train,26.2,1402.4,317.9,0.883,0.12,217.9,133.6,5.7,0.995,-1271.8,Dozer Line,6.5,Brush,0,Burned Over
CA-MNF-013028,August Complex,CA-MNF-013028_seg_00931,2020-08-28,train,20.5,843.9,2000.4,0.264,0.209,248.7,140.4,18.3,0.949,1524.5,Completed Hand Line,2.0,Brush,1,Held
CA-MNF-013028,August Complex,CA-MNF-013028_seg_00932,2020-08-28,train,20.0,956.4,1237.3,0.406,0.409,257.7,82.6,85.1,0.085,506.1,Dozer Line,6.5,Brush,1,Held
CA-MNF-013028,August Complex,CA-MNF-013028_seg_00933,2020-08-28,train,14.4,1283.6,176.6,0.779,0.151,290.3,88.4,68.1,0.373,-1226.3,Road as Line,9.0,Brush,1,Held
CA-MNF-013028,August Complex,CA-MNF-013028_seg_00934,2020-08-28,train,13.1,1633.7,162.2,0.836,0.193,256.2,32.4,46.1,0.693,-1342.1,Dozer Line,6.5,Brush,0,Burned Over
CA-MNF-013028,August Complex,CA-MNF-013028_seg_00935,2020-08-28,train,23.3,619.5,356.9,0.572,0.243,242.6,98.4,54.2,0.584,-672.7,Dozer Line,6.5,Brush,1,Held
CA-MNF-013028,August Complex,CA-MNF-013028_seg_00936,2020-08-28,train,36.8,1504.7,443.5,0.872,0.17,238.4,20.7,52.3,0.612,-1126.9,Completed Hand Line,2.0,Brush,0,Burned Over
CA-MNF-013028,August Complex,CA-MNF-013028_seg_00937,2020-08-28,train,19.6,1410.1,568.3,0.58,0.32,244.3,99.3,55.0,0.573,-475.1,Dozer Line,6.5,Brush,1,Held
CA-MNF-013028,August Complex,CA-MNF-013028_seg_00938,2020-08-28,train,4.6,818.2,748.7,0.323,0.243,215.5,50.6,74.9,0.261,168.2,Road as Line,9.0,Brush,1,Held
CA-MNF-013028,August Complex,CA-MNF-013028_seg_00939,2020-08-28,train,15.7,1372.4,2180.7,0.236,0.222,225.4,134.5,0.9,1.0,1755.1,Road as Line,9.0,Brush,1,Held
CA-MNF-013028,August Complex,CA-MNF-013028_seg_00940,2020-08-28,train,24.1,1294.7,1009.3,0.605,0.389,230.8,6.1,45.3,0.703,-79.1,Road as Line,9.0,Brush,1,Held
CA-MNF-013028,August Complex,CA-MNF-013028_seg_00941,2020-08-28,train,23.1,1316.5,2027.9,0.206,0.239,240.1,58.1,87.9,0.036,1656.5,Dozer Line,6.5,Brush,1,Held
CA-MNF-013028,August Complex,CA-MNF-013028_seg_00942,2020-08-28,train,23.2,1078.4,901.4,0.353,0.311,257.0,59.2,72.2,0.306,266.9,Dozer Line,6.5,Brush,1,Held
CA-MNF-013028,August Complex,CA-MNF-013028_seg_00943,2020-08-28,train,26.4,1325.5,2728.4,0.171,0.24,250.0,109.4,50.6,0.635,2420.7,Dozer Line,6.5,Brush,1,Held
CA-MNF-013028,August Complex,CA-MNF-013028_seg_00944,2020-08-28,train,27.4,1001.1,978.5,0.715,0.188,265.9,144.5,31.4,0.854,-308.7,Dozer Line,6.5,Brush,1,Held
CA-MNF-013028,August Complex,CA-MNF-013028_seg_00945,2020-08-28,train,18.6,845.7,2476.4,0.104,0.101,288.9,115.9,83.1,0.121,2288.6,Road as Line,9.0,Brush,1,Held
CA-MNF-013028,August Complex,CA-MNF-013028_seg_00946,2020-08-28,train,20.7,1186.1,236.4,0.8,0.244,274.8,116.1,68.7,0.363,-1203.9,Dozer Line,6.5,Brush,1,Held
CA-MNF-013028,August Complex,CA-MNF-013028_seg_00947,2020-08-28,train,19.3,815.5,749.7,0.601,0.395,237.7,110.2,37.5,0.793,-331.4,Completed Hand Line,2.0,Brush,1,Held
CA-MNF-013028,August Complex,CA-MNF-013028_seg_00948,2020-08-28,train,20.5,1037.1,162.5,0.878,0.159,258.9,8.6,19.7,0.942,-1417.6,Dozer Line,6.5,Brush,1,Held
CA-MNF-013028,August Complex,CA-MNF-013028_seg_00949,2020-08-28,train,17.0,1374.5,5000.0,0.01,0.01,281.8,162.5,29.3,0.872,4982.0,Road as Line,9.0,Brush,1,Held
CA-MNF-013028,August Complex,CA-MNF-013028_seg_00950,2020-08-28,train,25.7,1378.7,2158.7,0.39,0.223,243.5,110.3,43.2,0.729,1456.4,Dozer Line,6.5,Brush,1,Held
CA-MNF-013028,August Complex,CA-MNF-013028_seg_00951,2020-08-28,train,3.2,1114.0,789.9,0.575,0.324,235.3,173.9,28.5,0.879,-244.5,Road as Line,9.0,Brush,0,Burned Over
CA-MNF-013028,August Complex,CA-MNF-013028_seg_00952,2020-08-28,train,35.1,852.4,517.5,0.801,0.217,242.6,40.6,68.0,0.374,-924.1,Completed Hand Line,2.0,Brush,0,Burned Over
CA-MNF-013028,August Complex,CA-MNF-013028_seg_00953,2020-08-28,train,25.5,1138.6,224.6,0.877,0.174,258.9,174.9,6.0,0.995,-1354.4,Dozer Line,6.5,Brush,1,Held
CA-MNF-013028,August Complex,CA-MNF-013028_seg_00954,2020-08-28,train,16.1,738.8,1865.0,0.5,0.238,236.7,154.5,7.9,0.991,964.7,Dozer Line,6.5,Brush,1,Held
CA-MNF-013028,August Complex,CA-MNF-013028_seg_00955,2020-08-28,train,40.5,477.2,1014.5,0.794,0.176,247.4,156.2,1.2,1.0,-414.3,Dozer Line,6.5,Brush,0,Burned Over
CA-MNF-013028,August Complex,CA-MNF-013028_seg_00956,2020-08-28,train,17.9,982.2,1789.9,0.649,0.225,247.5,157.7,0.2,1.0,621.5,Dozer Line,6.5,Brush,1,Held
CA-MNF-013028,August Complex,CA-MNF-013028_seg_00957,2020-08-28,train,42.5,1021.8,827.6,0.897,0.121,258.8,15.1,26.3,0.896,-787.1,Dozer Line,6.5,Brush,0,Burned Over
CA-MNF-013028,August Complex,CA-MNF-013028_seg_00958,2020-08-28,train,10.3,762.2,567.8,0.666,0.296,223.0,76.1,56.9,0.545,-631.7,Dozer Line,6.5,Brush,1,Held
CA-MNF-013028,August Complex,CA-MNF-013028_seg_00959,2020-08-28,train,3.9,563.8,215.5,0.68,0.189,260.3,39.5,49.2,0.654,-1007.8,Dozer Line,6.5,Brush,1,Held
CA-MNF-013028,August Complex,CA-MNF-013028_seg_00960,2020-08-28,train,13.2,1025.6,1738.8,0.32,0.219,256.5,18.2,31.7,0.85,1162.8,Road as Line,9.0,Brush,1,Held
CA-MNF-013028,August Complex,CA-MNF-013028_seg_00961,2020-08-28,train,13.7,631.6,989.6,0.429,0.271,238.0,17.0,48.9,0.657,217.3,Completed Hand Line,2.0,Brush,1,Held
CA-MNF-013028,August Complex,CA-MNF-013028_seg_00962,2020-08-28,train,24.5,1304.3,333.5,0.854,0.141,267.6,162.0,15.6,0.963,-1204.4,Dozer Line,6.5,Brush,1,Held
CA-MNF-013028,August Complex,CA-MNF-013028_seg_00963,2020-08-28,train,6.1,805.0,4339.7,0.016,0.016,224.9,106.9,28.0,0.883,4311.3,Dozer Line,6.5,Brush,1,Held
CA-MNF-013028,August Complex,CA-MNF-013028_seg_00964,2020-08-28,train,21.0,1763.6,369.7,0.737,0.214,250.4,94.5,65.8,0.41,-956.1,Road as Line,9.0,Brush,1,Held
CA-MNF-013028,August Complex,CA-MNF-013028_seg_00965,2020-08-28,train,21.6,1369.4,693.6,0.536,0.376,263.6,87.6,86.0,0.07,-271.5,Completed Hand Line,2.0,Brush,0,Burned Over
CA-MNF-013028,August Complex,CA-MNF-013028_seg_00966,2020-08-28,train,15.0,1484.8,1539.2,0.379,0.419,244.4,20.3,45.9,0.696,856.2,Completed Hand Line,2.0,Brush,1,Held
CA-MNF-013028,August Complex,CA-MNF-013028_seg_00967,2020-08-28,train,22.1,838.0,4497.3,0.057,0.054,224.0,133.4,0.7,1.0,4394.4,Completed Hand Line,2.0,Brush,0,Burned Over
CA-MNF-013028,August Complex,CA-MNF-013028_seg_00968,2020-08-28,train,12.5,1478.0,865.8,0.619,0.251,268.6,161.9,16.8,0.957,-248.2,Road as Line,9.0,Brush,1,Held
CA-MNF-013028,August Complex,CA-MNF-013028_seg_00969,2020-08-28,train,36.3,129.1,200.4,0.794,0.231,226.8,55.7,81.1,0.154,-1229.0,Dozer Line,6.5,Brush,0,Burned Over
CA-MNF-013028,August Complex,CA-MNF-013028_seg_00970,2020-08-28,train,14.8,1175.9,979.2,0.516,0.237,236.2,174.5,28.3,0.88,51.0,Completed Hand Line,2.0,Brush,0,Burned Over
CA-MNF-013028,August Complex,CA-MNF-013028_seg_00971,2020-08-28,train,29.0,1004.5,168.9,0.892,0.134,260.8,144.0,26.8,0.892,-1436.8,Dozer Line,6.5,Brush,0,Burned Over
CA-MNF-013028,August Complex,CA-MNF-013028_seg_00972,2020-08-28,train,21.7,1093.3,667.3,0.747,0.277,236.8,45.3,78.5,0.2,-677.2,Road as Line,9.0,Brush,1,Held
CA-MNF-013028,August Complex,CA-MNF-013028_seg_00973,2020-08-28,train,51.6,949.7,1206.0,0.826,0.183,257.3,35.4,48.1,0.668,-279.9,Dozer Line,6.5,Brush,0,Burned Over
CA-MNF-013028,August Complex,CA-MNF-013028_seg_00974,2020-08-28,train,33.0,292.2,513.4,0.862,0.162,239.5,17.7,48.2,0.666,-1037.8,Road as Line,9.0,Brush,1,Held
CA-MNF-013028,August Complex,CA-MNF-013028_seg_00975,2020-08-28,train,16.5,1005.0,1119.7,0.554,0.338,242.3,24.4,52.1,0.614,123.4,Road as Line,9.0,Brush,1,Held
CA-MNF-013028,August Complex,CA-MNF-013028_seg_00976,2020-08-28,train,15.2,1366.8,849.9,0.711,0.311,226.9,24.9,68.0,0.374,-429.7,Dozer Line,6.5,Brush,1,Held
CA-MNF-013028,August Complex,CA-MNF-013028_seg_00977,2020-08-28,train,23.1,1029.9,3939.7,0.084,0.109,215.5,100.6,24.9,0.907,3789.0,Dozer Line,6.5,Brush,1,Held
CA-MNF-013028,August Complex,CA-MNF-013028_seg_00978,2020-08-28,train,30.1,1405.4,566.7,0.697,0.254,245.7,101.8,53.9,0.59,-687.4,Dozer Line,6.5,Brush,0,Burned Over
CA-MNF-013028,August Complex,CA-MNF-013028_seg_00979,2020-08-28,train,22.7,986.6,2275.6,0.219,0.154,234.4,9.8,45.4,0.702,1881.1,Dozer Line,6.5,Brush,1,Held
CA-MNF-013028,August Complex,CA-MNF-013028_seg_00980,2020-08-28,train,27.5,1633.3,1763.6,0.475,0.235,257.8,121.4,46.4,0.689,908.3,Road as Line,9.0,Brush,1,Held
CA-MNF-013028,August Complex,CA-MNF-013028_seg_00981,2020-08-28,train,6.3,791.9,596.8,0.451,0.318,247.3,54.2,76.9,0.227,-215.4,Road as Line,9.0,Brush,1,Held
CA-MNF-013028,August Complex,CA-MNF-013028_seg_00982,2020-08-28,train,19.2,958.7,424.2,0.645,0.285,207.7,17.4,79.7,0.178,-737.1,Dozer Line,6.5,Brush,1,Held
CA-MNF-013028,August Complex,CA-MNF-013028_seg_00983,2020-08-28,train,20.2,1744.6,1099.5,0.523,0.414,258.2,151.5,16.7,0.958,157.5,Road as Line,9.0,Brush,1,Held
CA-MNF-013028,August Complex,CA-MNF-013028_seg_00984,2020-08-28,train,37.3,1357.5,374.7,0.82,0.188,243.7,118.3,35.3,0.816,-1101.4,Dozer Line,6.5,Brush,0,Burned Over
CA-MNF-013028,August Complex,CA-MNF-013028_seg_00985,2020-08-28,train,22.6,581.0,1585.4,0.374,0.287,261.2,70.4,79.2,0.188,911.9,Dozer Line,6.5,Brush,1,Held
CA-MNF-013028,August Complex,CA-MNF-013028_seg_00986,2020-08-28,train,22.5,1396.5,2834.4,0.169,0.24,240.7,116.1,34.6,0.823,2530.2,Completed Hand Line,2.0,Brush,1,Held
CA-MNF-013028,August Complex,CA-MNF-013028_seg_00987,2020-08-28,train,47.1,933.4,2474.2,0.327,0.331,226.5,64.4,72.1,0.308,1886.1,Dozer Line,6.5,Brush,1,Held
CA-MNF-013028,August Complex,CA-MNF-013028_seg_00988,2020-08-28,train,33.5,766.8,1657.1,0.309,0.334,248.7,61.1,82.4,0.133,1100.5,Dozer Line,6.5,Brush,1,Held
CA-MNF-013028,August Complex,CA-MNF-013028_seg_00989,2020-08-28,train,15.1,891.7,1440.9,0.377,0.37,204.3,84.9,29.4,0.871,762.1,Dozer Line,6.5,Brush,1,Held
CA-MNF-013028,August Complex,CA-MNF-013028_seg_00990,2020-08-28,train,19.7,1411.0,770.6,0.565,0.236,282.5,111.1,81.4,0.149,-245.8,Dozer Line,6.5,Brush,1,Held
CA-MNF-013028,August Complex,CA-MNF-013028_seg_00991,2020-08-28,train,24.2,515.3,2133.8,0.314,0.366,243.4,176.6,23.2,0.919,1568.1,Dozer Line,6.5,Brush,1,Held
CA-MNF-013028,August Complex,CA-MNF-013028_seg_00992,2020-08-28,train,23.6,988.1,295.9,0.776,0.272,249.4,110.1,49.3,0.652,-1101.0,Road as Line,9.0,Brush,0,Burned Over
CA-MNF-013028,August Complex,CA-MNF-013028_seg_00993,2020-08-28,train,34.6,865.6,5000.0,0.012,0.012,233.1,68.0,75.1,0.257,4978.8,Dozer Line,6.5,Brush,1,Held
CA-MNF-013028,August Complex,CA-MNF-013028_seg_00994,2020-08-28,train,36.0,1436.7,406.3,0.862,0.174,220.5,145.6,15.1,0.966,-1146.0,Dozer Line,6.5,Brush,0,Burned Over
CA-MNF-013028,August Complex,CA-MNF-013028_seg_00995,2020-08-28,train,29.1,872.3,239.6,0.869,0.195,257.8,98.4,69.4,0.352,-1324.9,Road as Line,9.0,Brush,0,Burned Over
CA-MNF-013028,August Complex,CA-MNF-013028_seg_00996,2020-08-28,train,17.6,741.6,1306.3,0.318,0.188,234.8,63.4,81.5,0.149,733.7,Dozer Line,6.5,Brush,1,Held
CA-MNF-013028,August Complex,CA-MNF-013028_seg_00997,2020-08-28,train,29.4,1639.0,300.6,0.84,0.152,248.3,53.7,75.4,0.252,-1211.2,Dozer Line,6.5,Brush,0,Burned Over
CA-MNF-013028,August Complex,CA-MNF-013028_seg_00998,2020-08-28,train,36.0,1095.3,2611.9,0.336,0.307,252.7,12.2,29.5,0.87,2006.7,Completed Hand Line,2.0,Brush,0,Burned Over
CA-MNF-013028,August Complex,CA-MNF-013028_seg_00999,2020-08-28,train,23.8,1003.6,291.0,0.873,0.118,201.1,125.6,14.5,0.968,-1280.3,Dozer Line,6.5,Brush,0,Burned Over
CA-MNF-013028,August Complex,CA-MNF-013028_seg_01000,2020-08-28,train,35.2,798.4,1100.5,0.469,0.364,240.4,25.1,54.7,0.578,255.5,Completed Hand Line,2.0,Brush,1,Held
CA-MNF-013028,August Complex,CA-MNF-013028_seg_01001,2020-08-28,train,15.7,1818.1,1890.7,0.222,0.302,299.9,126.6,83.4,0.115,1490.7,Road as Line,9.0,Brush,1,Held
CA-MNF-013028,August Complex,CA-MNF-013028_seg_01002,2020-08-28,train,15.1,296.6,201.2,0.774,0.254,268.2,48.7,50.5,0.636,-1192.1,Dozer Line,6.5,Brush,0,Burned Over
CA-MNF-013028,August Complex,CA-MNF-013028_seg_01003,2020-08-28,train,21.7,1171.7,1932.6,0.304,0.351,254.3,10.0,25.7,0.901,1385.7,Road as Line,9.0,Brush,1,Held
CA-MNF-013028,August Complex,CA-MNF-013028_seg_01004,2020-08-28,train,26.9,1664.5,824.0,0.788,0.207,235.2,125.2,20.1,0.939,-594.3,Completed Hand Line,2.0,Brush,0,Burned Over
CA-MNF-013028,August Complex,CA-MNF-013028_seg_01005,2020-08-28,train,31.0,1230.0,466.8,0.792,0.255,232.8,10.4,47.6,0.674,-959.3,Completed Hand Line,2.0,Brush,0,Burned Over
CA-MNF-013028,August Complex,CA-MNF-013028_seg_01006,2020-08-28,train,21.9,1160.5,2159.6,0.347,0.222,254.2,129.6,34.7,0.823,1534.7,Dozer Line,6.5,Brush,1,Held
CA-MNF-013028,August Complex,CA-MNF-013028_seg_01007,2020-08-28,train,29.5,1110.5,931.7,0.714,0.214,250.7,109.1,51.6,0.621,-354.3,Dozer Line,6.5,Brush,0,Burned Over
CA-MNF-013028,August Complex,CA-MNF-013028_seg_01008,2020-08-28,train,37.6,616.0,1648.5,0.573,0.267,277.5,39.7,32.2,0.846,617.7,Road as Line,9.0,Brush,1,Held
CA-MNF-013028,August Complex,CA-MNF-013028_seg_01009,2020-08-28,train,11.9,966.5,2918.2,0.064,0.065,237.3,9.7,42.4,0.738,2802.2,Dozer Line,6.5,Brush,1,Held
CA-MNF-013028,August Complex,CA-MNF-013028_seg_01010,2020-08-28,train,36.7,1170.3,709.0,0.739,0.343,249.5,37.9,58.5,0.523,-621.9,Road as Line,9.0,Brush,1,Held
CA-MNF-013028,August Complex,CA-MNF-013028_seg_01011,2020-08-28,train,29.0,1409.9,540.8,0.835,0.122,217.0,6.1,59.1,0.514,-963.0,Dozer Line,6.5,Brush,0,Burned Over
CA-MNF-013028,August Complex,CA-MNF-013028_seg_01012,2020-08-28,train,15.3,1324.5,426.4,0.829,0.121,253.5,8.0,24.5,0.91,-1066.2,Dozer Line,6.5,Brush,0,Burned Over
CA-MNF-013028,August Complex,CA-MNF-013028_seg_01013,2020-08-28,train,24.0,1573.1,3222.1,0.098,0.123,275.5,160.8,24.7,0.909,3045.2,Road as Line,9.0,Brush,1,Held
CA-MNF-013028,August Complex,CA-MNF-013028_seg_01014,2020-08-28,train,25.8,761.6,1745.5,0.504,0.297,254.0,131.3,32.7,0.841,838.6,Road as Line,9.0,Brush,1,Held
CA-MNF-013028,August Complex,CA-MNF-013028_seg_01015,2020-08-28,train,18.2,1461.3,1158.0,0.557,0.292,233.2,103.1,40.1,0.765,156.2,Road as Line,9.0,Brush,1,Held
CA-MNF-013028,August Complex,CA-MNF-013028_seg_01016,2020-08-28,train,23.5,1724.7,257.3,0.908,0.095,245.0,171.2,16.2,0.96,-1376.5,Dozer Line,6.5,Brush,0,Burned Over
CA-MNF-013028,August Complex,CA-MNF-013028_seg_01017,2020-08-28,train,8.8,770.0,1273.8,0.562,0.276,263.4,145.8,27.6,0.886,261.4,Dozer Line,6.5,Brush,1,Held
CA-MNF-013028,August Complex,CA-MNF-013028_seg_01018,2020-08-28,train,25.7,735.3,935.2,0.701,0.18,252.8,173.9,11.0,0.982,-326.5,Completed Hand Line,2.0,Brush,0,Burned Over
CA-MNF-013028,August Complex,CA-MNF-013028_seg_01019,2020-08-28,train,25.0,1050.1,1892.8,0.513,0.232,238.4,32.4,64.0,0.439,969.6,Road as Line,9.0,Brush,1,Held
CA-MNF-013028,August Complex,CA-MNF-013028_seg_01020,2020-08-28,train,23.4,1264.3,1534.1,0.462,0.209,261.9,6.9,15.1,0.966,702.6,Road as Line,9.0,Brush,1,Held
CA-MNF-013028,August Complex,CA-MNF-013028_seg_01021,2020-08-28,train,28.9,1084.6,2488.0,0.461,0.348,225.8,122.1,13.6,0.972,1657.6,Dozer Line,6.5,Brush,1,Held
CA-MNF-013028,August Complex,CA-MNF-013028_seg_01022,2020-08-28,train,21.5,843.2,707.0,0.49,0.36,254.1,58.6,74.5,0.267,-175.7,Completed Hand Line,2.0,Brush,1,Held
CA-MNF-013028,August Complex,CA-MNF-013028_seg_01023,2020-08-28,train,14.1,1175.1,1416.6,0.529,0.354,192.0,73.5,28.6,0.878,464.6,Dozer Line,6.5,Brush,1,Held
CA-MNF-013028,August Complex,CA-MNF-013028_seg_01024,2020-08-28,train,20.9,1167.7,2130.5,0.357,0.3,210.2,109.6,10.6,0.983,1487.5,Road as Line,9.0,Brush,1,Held
CA-MNF-013028,August Complex,CA-MNF-013028_seg_01025,2020-08-28,train,20.0,1143.8,725.8,0.719,0.177,253.1,130.7,32.4,0.845,-568.5,Completed Hand Line,2.0,Brush,0,Burned Over
CA-MNF-013028,August Complex,CA-MNF-013028_seg_01026,2020-08-28,train,16.9,706.2,1734.8,0.151,0.109,259.1,75.3,86.2,0.067,1463.0,Dozer Line,6.5,Brush,1,Held
CA-MNF-013028,August Complex,CA-MNF-013028_seg_01027,2020-08-28,train,39.0,1020.0,485.7,0.875,0.127,246.5,52.8,76.3,0.237,-1089.0,Dozer Line,6.5,Brush,1,Held
CA-MNF-013028,August Complex,CA-MNF-013028_seg_01028,2020-08-28,train,36.6,1132.0,689.1,0.897,0.159,230.8,158.4,17.6,0.953,-925.0,Road as Line,9.0,Brush,0,Burned Over
CA-MNF-013028,August Complex,CA-MNF-013028_seg_01029,2020-08-28,train,27.7,703.5,310.6,0.837,0.165,211.3,148.8,27.5,0.887,-1196.4,Road as Line,9.0,Brush,1,Held
CA-MNF-013028,August Complex,CA-MNF-013028_seg_01030,2020-08-28,train,29.6,1030.2,805.8,0.791,0.237,271.1,14.7,13.6,0.972,-617.2,Road as Line,9.0,Brush,0,Burned Over
CA-MNF-013028,August Complex,CA-MNF-013028_seg_01031,2020-08-28,train,22.4,1276.7,1120.5,0.539,0.23,274.8,47.4,42.6,0.736,150.1,Dozer Line,6.5,Brush,1,Held
CA-MNF-013028,August Complex,CA-MNF-013028_seg_01032,2020-08-28,train,21.7,1286.1,3160.4,0.122,0.129,260.4,156.0,14.4,0.969,2940.9,Road as Line,9.0,Brush,1,Held
CA-MNF-013028,August Complex,CA-MNF-013028_seg_01033,2020-08-28,train,10.4,1698.3,1300.5,0.389,0.366,251.1,106.5,54.6,0.579,600.8,Dozer Line,6.5,Brush,1,Held
CA-MNF-013028,August Complex,CA-MNF-013028_seg_01034,2020-08-28,train,27.3,468.6,928.1,0.647,0.358,253.4,52.1,68.6,0.364,-236.7,Completed Hand Line,2.0,Brush,1,Held
CA-MNF-013028,August Complex,CA-MNF-013028_seg_01035,2020-08-28,train,14.6,1472.2,1407.7,0.388,0.311,229.4,66.6,72.8,0.295,708.6,Road as Line,9.0,Brush,1,Held
CA-MNF-013028,August Complex,CA-MNF-013028_seg_01036,2020-08-28,train,29.9,1006.3,2881.2,0.182,0.183,211.2,101.5,19.6,0.942,2553.8,Dozer Line,6.5,Brush,1,Held
CA-MNF-013028,August Complex,CA-MNF-013028_seg_01037,2020-08-28,train,34.9,1499.2,5000.0,0.044,0.058,250.9,132.2,28.7,0.877,4921.0,Road as Line,9.0,Brush,1,Held
CA-MNF-013028,August Complex,CA-MNF-013028_seg_01038,2020-08-28,train,26.9,1305.8,2749.0,0.299,0.375,234.3,79.0,65.3,0.418,2211.6,Road as Line,9.0,Brush,1,Held
CA-MNF-013028,August Complex,CA-MNF-013028_seg_01039,2020-08-28,train,26.7,1250.7,1837.1,0.46,0.437,287.5,151.0,46.5,0.688,1009.8,Dozer Line,6.5,Brush,1,Held
CA-MNF-013028,August Complex,CA-MNF-013028_seg_01040,2020-08-28,train,20.2,1139.6,3562.8,0.023,0.03,215.7,36.6,89.2,0.015,3520.6,Road as Line,9.0,Brush,1,Held
CA-MNF-013028,August Complex,CA-MNF-013028_seg_01041,2020-08-28,train,5.3,916.9,829.3,0.596,0.432,241.7,80.0,71.7,0.313,-243.7,Road as Line,9.0,Brush,1,Held
CA-MNF-013028,August Complex,CA-MNF-013028_seg_01042,2020-08-28,train,29.6,1646.4,625.4,0.833,0.199,228.9,130.9,8.0,0.99,-874.3,Dozer Line,6.5,Brush,0,Burned Over
CA-MNF-013028,August Complex,CA-MNF-013028_seg_01043,2020-08-28,train,40.8,784.7,3382.4,0.07,0.106,249.8,78.0,81.8,0.143,3257.0,Road as Line,9.0,Brush,1,Held
CA-MNF-013028,August Complex,CA-MNF-013028_seg_01044,2020-08-28,train,21.1,1070.6,716.3,0.709,0.22,273.0,24.6,21.6,0.93,-560.7,Dozer Line,6.5,Brush,0,Burned Over
CA-MNF-013028,August Complex,CA-MNF-013028_seg_01045,2020-08-28,train,27.9,1052.6,3765.0,0.058,0.044,265.7,157.7,18.1,0.951,3660.2,Dozer Line,6.5,Brush,1,Held
CA-MNF-013028,August Complex,CA-MNF-013028_seg_01046,2020-08-28,train,30.4,1259.0,724.2,0.552,0.318,220.4,47.4,83.0,0.122,-268.7,Road as Line,9.0,Brush,1,Held
CA-MNF-013028,August Complex,CA-MNF-013028_seg_01047,2020-08-28,train,29.4,1133.0,2062.0,0.416,0.311,230.3,87.3,53.0,0.601,1313.4,Dozer Line,6.5,Brush,1,Held
CA-MNF-013028,August Complex,CA-MNF-013028_seg_01048,2020-08-28,train,14.6,1109.0,622.4,0.681,0.275,239.8,174.5,24.7,0.909,-603.4,Dozer Line,6.5,Brush,1,Held
CA-MNF-013028,August Complex,CA-MNF-013028_seg_01049,2020-08-28,train,7.1,931.0,2110.0,0.197,0.164,224.4,87.1,47.4,0.677,1755.9,Dozer Line,6.5,Brush,1,Held
CA-MNF-013028,August Complex,CA-MNF-013028_seg_01050,2020-08-28,train,18.9,1125.4,513.9,0.844,0.163,236.8,138.9,7.9,0.991,-1005.8,Dozer Line,6.5,Brush,0,Burned Over
CA-MNF-013028,August Complex,CA-MNF-013028_seg_01051,2020-08-28,train,13.9,1056.4,592.7,0.784,0.164,223.0,147.3,14.3,0.969,-817.7,Dozer Line,6.5,Brush,0,Burned Over
CA-MNF-013028,August Complex,CA-MNF-013028_seg_01052,2020-08-28,train,16.7,863.0,174.1,0.662,0.199,238.7,108.9,39.9,0.768,-1017.6,Road as Line,9.0,Brush,0,Burned Over
CA-MNF-013028,August Complex,CA-MNF-013028_seg_01053,2020-08-28,train,17.7,617.4,689.5,0.646,0.305,248.7,93.4,65.4,0.417,-474.0,Completed Hand Line,2.0,Brush,1,Held
CA-MNF-013028,August Complex,CA-MNF-013028_seg_01054,2020-08-28,train,17.7,1365.9,1736.1,0.312,0.176,250.0,38.8,58.8,0.518,1175.4,Completed Hand Line,2.0,Brush,1,Held
CA-MNF-013028,August Complex,CA-MNF-013028_seg_01055,2020-08-28,train,22.5,896.4,463.6,0.577,0.262,247.1,54.3,77.1,0.222,-575.6,Dozer Line,6.5,Brush,1,Held
CA-MNF-013028,August Complex,CA-MNF-013028_seg_01056,2020-08-28,train,32.9,1490.4,256.5,0.895,0.147,273.6,48.6,45.0,0.707,-1354.3,Dozer Line,6.5,Brush,1,Held
CA-MNF-013028,August Complex,CA-MNF-013028_seg_01057,2020-08-28,train,18.8,941.2,2037.8,0.46,0.276,254.4,132.5,31.9,0.849,1209.9,Dozer Line,6.5,Brush,1,Held
CA-MNF-013028,August Complex,CA-MNF-013028_seg_01058,2020-08-28,train,28.0,1064.5,1430.7,0.374,0.209,228.7,47.6,88.9,0.019,757.4,Completed Hand Line,2.0,Brush,1,Held
CA-MNF-013028,August Complex,CA-MNF-013028_seg_01059,2020-08-28,train,15.9,1461.3,170.8,0.613,0.278,225.0,44.0,89.0,0.017,-932.2,Dozer Line,6.5,Brush,1,Held
CA-MNF-013028,August Complex,CA-MNF-013028_seg_01060,2020-08-28,train,20.6,1448.0,704.1,0.456,0.281,218.5,41.8,86.8,0.057,-117.4,Road as Line,9.0,Brush,1,Held
CA-MNF-013028,August Complex,CA-MNF-013028_seg_01061,2020-08-28,train,37.7,1440.2,495.2,0.812,0.194,262.5,88.2,84.3,0.099,-966.7,Road as Line,9.0,Brush,1,Held
CA-MNF-013028,August Complex,CA-MNF-013028_seg_01062,2020-08-28,train,15.2,1129.1,644.7,0.626,0.32,255.3,56.1,70.8,0.329,-481.9,Dozer Line,6.5,Brush,1,Held
CA-MNF-013028,August Complex,CA-MNF-013028_seg_01063,2020-08-28,train,6.0,1119.7,600.5,0.514,0.377,234.8,98.2,46.6,0.687,-324.5,Dozer Line,6.5,Brush,0,Burned Over
CA-MNF-013028,August Complex,CA-MNF-013028_seg_01064,2020-08-28,train,24.1,1243.8,715.3,0.713,0.317,245.5,125.9,29.6,0.869,-568.0,Dozer Line,6.5,Brush,0,Burned Over
CA-MNF-013028,August Complex,CA-MNF-013028_seg_01065,2020-08-28,train,24.3,1456.7,2100.4,0.187,0.205,211.9,30.7,88.9,0.02,1764.3,Dozer Line,6.5,Brush,1,Held
CA-MNF-013028,August Complex,CA-MNF-013028_seg_01066,2020-08-28,train,41.5,883.2,1037.0,0.786,0.244,230.5,121.8,18.7,0.947,-377.1,Dozer Line,6.5,Brush,0,Burned Over
CA-MNF-013028,August Complex,CA-MNF-013028_seg_01067,2020-08-28,train,12.6,682.0,497.2,0.783,0.294,199.3,93.5,15.9,0.962,-911.3,Road as Line,9.0,Brush,1,Held
CA-MNF-013028,August Complex,CA-MNF-013028_seg_01068,2020-08-28,train,19.4,449.5,796.0,0.741,0.341,249.4,1.8,22.4,0.925,-537.9,Dozer Line,6.5,Brush,1,Held
CA-MNF-013028,August Complex,CA-MNF-013028_seg_01069,2020-08-28,train,20.1,794.9,908.9,0.751,0.254,255.3,11.0,25.7,0.901,-442.9,Dozer Line,6.5,Brush,0,Burned Over
CA-MNF-013028,August Complex,CA-MNF-013028_seg_01070,2020-08-28,train,38.5,1000.2,1203.8,0.858,0.147,235.4,156.3,10.9,0.982,-340.7,Dozer Line,6.5,Brush,0,Burned Over
CA-MNF-013028,August Complex,CA-MNF-013028_seg_01071,2020-08-28,train,24.4,1277.9,544.2,0.834,0.221,244.2,131.5,22.7,0.922,-957.4,Road as Line,9.0,Brush,0,Burned Over
CA-MNF-013028,August Complex,CA-MNF-013028_seg_01072,2020-08-28,train,10.1,1164.5,2125.9,0.132,0.146,265.5,49.9,54.4,0.582,1887.6,Dozer Line,6.5,Brush,0,Burned Over
CA-MNF-013028,August Complex,CA-MNF-013028_seg_01073,2020-08-28,train,30.8,1630.1,366.1,0.814,0.257,257.5,26.4,38.9,0.778,-1099.1,Dozer Line,6.5,Brush,0,Burned Over
CA-MNF-013028,August Complex,CA-MNF-013028_seg_01074,2020-08-28,train,15.1,941.1,299.7,0.715,0.241,226.9,90.1,46.8,0.684,-988.0,Dozer Line,6.5,Brush,1,Held
CA-MNF-013028,August Complex,CA-MNF-013028_seg_01075,2020-08-28,train,18.4,388.0,3881.0,0.038,0.055,280.7,151.6,39.1,0.776,3813.3,Road as Line,9.0,Brush,1,Held
CA-MNF-013028,August Complex,CA-MNF-013028_seg_01076,2020-08-28,train,8.7,1229.0,836.0,0.54,0.29,242.4,100.4,52.0,0.616,-135.4,Dozer Line,6.5,Brush,1,Held
CA-MNF-013028,August Complex,CA-MNF-013028_seg_01077,2020-08-28,train,33.2,1201.2,3514.3,0.152,0.199,235.7,179.6,33.9,0.83,3241.6,Dozer Line,6.5,Brush,1,Held
CA-MNF-013028,August Complex,CA-MNF-013028_seg_01078,2020-08-28,train,22.3,1401.6,702.3,0.862,0.168,243.9,16.9,43.0,0.731,-848.5,Dozer Line,6.5,Brush,1,Held
CA-MNF-013028,August Complex,CA-MNF-013028_seg_01079,2020-08-28,train,25.8,1619.3,1327.9,0.574,0.407,281.6,45.5,33.9,0.83,294.2,Completed Hand Line,2.0,Brush,0,Burned Over
CA-MNF-013028,August Complex,CA-MNF-013028_seg_01080,2020-08-28,train,22.6,704.3,1816.4,0.455,0.206,247.0,157.5,0.5,1.0,996.8,Completed Hand Line,2.0,Brush,1,Held
CA-MNF-013028,August Complex,CA-MNF-013028_seg_01081,2020-08-28,train,18.5,1228.1,2393.4,0.168,0.121,271.7,75.5,73.8,0.279,2090.8,Dozer Line,6.5,Brush,1,Held
CA-MNF-013028,August Complex,CA-MNF-013028_seg_01082,2020-08-28,train,33.7,1265.9,2328.8,0.356,0.346,255.1,3.0,17.9,0.952,1687.2,Completed Hand Line,2.0,Brush,0,Burned Over
CA-MNF-013028,August Complex,CA-MNF-013028_seg_01083,2020-08-28,train,19.8,272.8,2332.1,0.13,0.184,241.5,72.6,78.9,0.193,2098.5,Dozer Line,6.5,Brush,1,Held
CA-MNF-013028,August Complex,CA-MNF-013028_seg_01084,2020-08-28,train,24.5,836.6,995.0,0.772,0.289,260.4,35.8,45.3,0.703,-393.8,Dozer Line,6.5,Brush,1,Held
CA-MNF-013028,August Complex,CA-MNF-013028_seg_01085,2020-08-28,train,31.8,853.5,1152.2,0.743,0.17,235.3,125.3,20.0,0.94,-185.5,Road as Line,9.0,Brush,1,Held
CA-MNF-013028,August Complex,CA-MNF-013028_seg_01086,2020-08-28,train,18.7,1683.4,444.4,0.821,0.224,239.2,142.0,7.2,0.992,-1033.4,Dozer Line,6.5,Brush,0,Burned Over
CA-MNF-013028,August Complex,CA-MNF-013028_seg_01087,2020-08-28,train,18.6,1285.6,320.9,0.796,0.159,274.6,136.0,48.5,0.663,-1111.4,Dozer Line,6.5,Brush,1,Held
CA-MNF-013028,August Complex,CA-MNF-013028_seg_01088,2020-08-28,train,39.3,1374.6,569.4,0.76,0.235,239.9,31.9,62.0,0.47,-799.5,Road as Line,9.0,Brush,1,Held
CA-MNF-013028,August Complex,CA-MNF-013028_seg_01089,2020-08-28,train,26.0,630.3,194.9,0.835,0.184,255.0,149.7,15.3,0.965,-1308.1,Dozer Line,6.5,Brush,0,Burned Over
CA-MNF-013028,August Complex,CA-MNF-013028_seg_01090,2020-08-28,train,7.1,1333.1,1593.4,0.192,0.247,207.4,37.3,80.0,0.173,1248.0,Dozer Line,6.5,Brush,1,Held
CA-MNF-013028,August Complex,CA-MNF-013028_seg_01091,2020-08-28,train,22.5,1013.3,1438.7,0.568,0.34,249.3,20.8,41.5,0.749,416.6,Dozer Line,6.5,Brush,1,Held
CA-MNF-013028,August Complex,CA-MNF-013028_seg_01092,2020-08-28,train,25.0,1631.8,2592.1,0.177,0.165,265.9,113.3,62.6,0.46,2274.1,Road as Line,9.0,Brush,1,Held
CA-MNF-013028,August Complex,CA-MNF-013028_seg_01093,2020-08-28,train,31.5,964.1,176.4,0.802,0.218,253.0,33.5,50.5,0.636,-1267.3,Dozer Line,6.5,Brush,0,Burned Over
CA-MNF-013028,August Complex,CA-MNF-013028_seg_01094,2020-08-28,train,30.7,1094.5,1511.9,0.664,0.374,228.5,60.8,77.7,0.213,317.2,Road as Line,9.0,Brush,1,Held
CA-MNF-013028,August Complex,CA-MNF-013028_seg_01095,2020-08-28,train,29.4,569.2,764.5,0.823,0.251,268.6,171.7,6.9,0.993,-716.5,Completed Hand Line,2.0,Brush,0,Burned Over
CA-MNF-013028,August Complex,CA-MNF-013028_seg_01096,2020-08-28,train,44.9,1398.5,317.0,0.97,0.051,219.7,135.3,5.6,0.995,-1429.6,Dozer Line,6.5,Brush,0,Burned Over
CA-MNF-013028,August Complex,CA-MNF-013028_seg_01097,2020-08-28,train,23.4,896.6,341.5,0.813,0.134,257.6,0.2,12.6,0.976,-1121.9,Dozer Line,6.5,Brush,1,Held
CA-MNF-013028,August Complex,CA-MNF-013028_seg_01098,2020-08-28,train,35.7,1117.6,712.6,0.856,0.157,226.8,152.2,15.4,0.964,-827.8,Road as Line,9.0,Brush,0,Burned Over
CA-MNF-013028,August Complex,CA-MNF-013028_seg_01099,2020-08-28,train,7.2,776.2,1877.9,0.293,0.324,253.6,127.1,36.5,0.804,1351.1,Dozer Line,6.5,Brush,1,Held
CA-MNF-013028,August Complex,CA-MNF-013028_seg_01100,2020-08-28,train,8.8,1340.6,750.8,0.462,0.383,265.8,76.4,80.6,0.164,-81.5,Road as Line,9.0,Brush,1,Held
CA-MNF-013028,August Complex,CA-MNF-013028_seg_01101,2020-08-28,train,13.4,1137.6,2229.5,0.107,0.164,219.4,61.2,68.2,0.372,2036.7,Road as Line,9.0,Brush,1,Held
CA-MNF-013028,August Complex,CA-MNF-013028_seg_01102,2020-08-28,train,31.3,1190.3,1423.7,0.479,0.296,230.4,61.1,79.2,0.187,561.3,Road as Line,9.0,Brush,1,Held
CA-MNF-013028,August Complex,CA-MNF-013028_seg_01103,2020-08-28,train,24.5,915.6,2306.6,0.342,0.334,236.9,122.8,24.1,0.913,1691.0,Dozer Line,6.5,Brush,1,Held
CA-MNF-013028,August Complex,CA-MNF-013028_seg_01104,2020-08-28,train,22.6,1405.9,731.4,0.769,0.313,222.8,103.4,29.4,0.871,-652.5,Dozer Line,6.5,Brush,0,Burned Over
CA-MNF-013028,August Complex,CA-MNF-013028_seg_01105,2020-08-28,train,34.7,1073.0,2095.9,0.513,0.318,226.6,108.7,28.0,0.883,1171.9,Dozer Line,6.5,Brush,1,Held
CA-MNF-013028,August Complex,CA-MNF-013028_seg_01106,2020-08-28,train,1.0,1317.6,730.4,0.417,0.276,239.8,95.7,54.1,0.587,-19.9,Completed Hand Line,2.0,Brush,1,Held
CA-MNF-013028,August Complex,CA-MNF-013028_seg_01107,2020-08-28,train,8.6,1317.1,209.7,0.664,0.288,243.0,81.9,71.1,0.324,-985.4,Dozer Line,6.5,Brush,1,Held
CA-MNF-013028,August Complex,CA-MNF-013028_seg_01108,2020-08-28,train,30.2,1095.4,2202.2,0.183,0.173,232.9,53.3,89.6,0.007,1872.3,Dozer Line,6.5,Brush,1,Held
CA-MNF-013028,August Complex,CA-MNF-013028_seg_01109,2020-08-28,train,17.2,828.7,1760.4,0.442,0.221,245.1,6.6,31.5,0.852,965.0,Road as Line,9.0,Brush,1,Held
CA-MNF-013028,August Complex,CA-MNF-013028_seg_01110,2020-08-28,train,45.8,955.5,485.8,0.797,0.248,262.4,124.0,48.3,0.665,-949.4,Dozer Line,6.5,Brush,0,Burned Over
CA-MNF-013028,August Complex,CA-MNF-013028_seg_01111,2020-08-28,train,25.6,962.5,1368.7,0.577,0.435,259.5,175.8,6.4,0.994,330.1,Dozer Line,6.5,Brush,0,Burned Over
CA-MNF-013028,August Complex,CA-MNF-013028_seg_01112,2020-08-28,train,22.9,1034.2,506.2,0.634,0.38,221.3,171.1,39.8,0.768,-635.7,Dozer Line,6.5,Brush,1,Held
CA-MNF-013028,August Complex,CA-MNF-013028_seg_01113,2020-08-28,train,29.6,1079.5,2461.0,0.372,0.274,246.4,92.5,63.9,0.44,1791.4,Dozer Line,6.5,Brush,1,Held
CA-MNF-013028,August Complex,CA-MNF-013028_seg_01114,2020-08-28,train,6.4,1088.1,1485.6,0.16,0.198,210.3,49.8,70.4,0.335,1198.5,Dozer Line,6.5,Brush,1,Held
CA-MNF-013028,August Complex,CA-MNF-013028_seg_01115,2020-08-28,train,24.4,941.6,1246.8,0.526,0.255,262.3,48.1,55.8,0.563,300.3,Dozer Line,6.5,Brush,1,Held
CA-MNF-013028,August Complex,CA-MNF-013028_seg_01116,2020-08-28,train,35.8,970.0,1213.8,0.711,0.244,233.2,148.9,5.7,0.995,-66.6,Completed Hand Line,2.0,Brush,1,Held
CA-MNF-013028,August Complex,CA-MNF-013028_seg_01117,2020-08-28,train,30.0,884.0,1778.4,0.472,0.367,252.6,83.2,79.4,0.184,929.2,Dozer Line,6.5,Brush,1,Held
CA-MNF-013028,August Complex,CA-MNF-013028_seg_01118,2020-08-28,train,19.4,1584.3,658.3,0.822,0.171,260.3,101.0,69.2,0.355,-821.4,Dozer Line,6.5,Brush,1,Held
CA-MNF-013028,August Complex,CA-MNF-013028_seg_01119,2020-08-28,train,24.3,1581.7,669.9,0.774,0.144,184.8,30.0,64.8,0.426,-723.6,Completed Hand Line,2.0,Brush,0,Burned Over
CA-MNF-013028,August Complex,CA-MNF-013028_seg_01120,2020-08-28,train,42.2,1175.6,1271.1,0.708,0.21,250.3,23.7,43.4,0.726,-4.1,Completed Hand Line,2.0,Brush,0,Burned Over
CA-MNF-013028,August Complex,CA-MNF-013028_seg_01121,2020-08-28,train,35.1,1428.0,765.2,0.885,0.124,217.0,132.2,5.2,0.996,-828.5,Road as Line,9.0,Brush,0,Burned Over
CA-MNF-013028,August Complex,CA-MNF-013028_seg_01122,2020-08-28,train,33.5,1673.1,1871.3,0.647,0.272,234.8,172.8,28.1,0.882,706.9,Completed Hand Line,2.0,Brush,0,Burned Over
CA-MNF-013028,August Complex,CA-MNF-013028_seg_01123,2020-08-28,train,13.3,1276.0,384.7,0.845,0.149,239.1,166.3,17.2,0.955,-1136.0,Dozer Line,6.5,Brush,0,Burned Over
CA-MNF-013028,August Complex,CA-MNF-013028_seg_01124,2020-08-28,train,30.8,721.5,783.8,0.692,0.2,226.8,175.4,38.5,0.782,-461.4,Road as Line,9.0,Brush,0,Burned Over
CA-MNF-013028,August Complex,CA-MNF-013028_seg_01125,2020-08-28,train,1.0,1005.5,495.1,0.388,0.212,224.5,58.5,76.0,0.242,-203.8,Dozer Line,6.5,Brush,1,Held
CA-MNF-013028,August Complex,CA-MNF-013028_seg_01126,2020-08-28,train,12.6,848.6,2429.0,0.289,0.344,255.1,155.4,9.7,0.986,1909.5,Dozer Line,6.5,Brush,0,Burned Over
CA-MNF-013028,August Complex,CA-MNF-013028_seg_01127,2020-08-28,train,28.7,971.4,428.3,0.862,0.167,230.4,161.0,20.6,0.936,-1123.1,Completed Hand Line,2.0,Brush,0,Burned Over
CA-MNF-013028,August Complex,CA-MNF-013028_seg_01128,2020-08-28,train,22.0,930.1,632.8,0.661,0.283,255.3,108.7,56.6,0.55,-556.9,Completed Hand Line,2.0,Brush,1,Held
CA-MNF-013028,August Complex,CA-MNF-013028_seg_01129,2020-08-28,train,5.8,788.2,2528.1,0.193,0.165,263.8,179.2,5.4,0.996,2180.3,Road as Line,9.0,Brush,1,Held
CA-MNF-013028,August Complex,CA-MNF-013028_seg_01130,2020-08-28,train,13.1,839.4,936.6,0.523,0.299,242.5,4.3,31.8,0.85,-4.7,Road as Line,9.0,Brush,1,Held
CA-MNF-013028,August Complex,CA-MNF-013028_seg_01131,2020-08-28,train,11.5,1012.8,821.6,0.614,0.252,253.0,116.9,46.1,0.694,-283.2,Road as Line,9.0,Brush,1,Held
CA-MNF-013028,August Complex,CA-MNF-013028_seg_01132,2020-08-28,train,30.1,1276.1,3079.9,0.07,0.058,248.9,61.2,82.3,0.134,2954.7,Road as Line,9.0,Brush,1,Held
CA-MNF-013028,August Complex,CA-MNF-013028_seg_01133,2020-08-28,train,22.4,838.1,570.0,0.681,0.326,211.9,46.8,75.1,0.257,-655.9,Road as Line,9.0,Brush,1,Held
CA-MNF-013028,August Complex,CA-MNF-013028_seg_01134,2020-08-28,train,28.0,1272.6,706.1,0.695,0.37,234.2,39.8,75.6,0.249,-544.2,Dozer Line,6.5,Brush,1,Held
CA-MNF-013028,August Complex,CA-MNF-013028_seg_01135,2020-08-28,train,24.8,828.1,1575.3,0.597,0.285,255.1,133.9,31.2,0.855,501.1,Road as Line,9.0,Brush,1,Held
CA-MNF-013028,August Complex,CA-MNF-013028_seg_01136,2020-08-28,train,33.3,948.5,1682.5,0.157,0.16,243.1,46.7,73.6,0.282,1400.1,Road as Line,9.0,Brush,1,Held
CA-MNF-013028,August Complex,CA-MNF-013028_seg_01137,2020-08-28,train,36.6,1481.8,712.8,0.679,0.211,260.3,56.6,66.3,0.402,-508.6,Dozer Line,6.5,Brush,1,Held
CA-MNF-013028,August Complex,CA-MNF-013028_seg_01138,2020-08-28,train,23.9,1944.8,594.1,0.666,0.351,247.6,61.6,84.0,0.104,-604.1,Road as Line,9.0,Brush,1,Held
CA-MNF-013028,August Complex,CA-MNF-013028_seg_01139,2020-08-28,train,27.0,352.2,2348.9,0.243,0.243,264.8,163.1,11.7,0.979,1912.4,Dozer Line,6.5,Brush,1,Held
CA-MNF-013028,August Complex,CA-MNF-013028_seg_01140,2020-08-28,train,24.4,971.7,233.5,0.711,0.317,221.6,59.3,72.3,0.304,-1046.0,Completed Hand Line,2.0,Brush,0,Burned Over
CA-MNF-013028,August Complex,CA-MNF-013028_seg_01141,2020-08-28,train,19.2,858.6,1763.9,0.152,0.135,234.3,46.1,81.8,0.142,1489.5,Road as Line,9.0,Brush,1,Held
CA-MNF-013028,August Complex,CA-MNF-013028_seg_01142,2020-08-28,train,14.8,756.7,402.9,0.717,0.346,248.5,16.4,37.9,0.789,-886.9,Dozer Line,6.5,Brush,1,Held
CA-MNF-013028,August Complex,CA-MNF-013028_seg_01143,2020-08-28,train,15.9,703.5,1073.9,0.336,0.32,248.4,83.6,74.9,0.261,469.7,Dozer Line,6.5,Brush,1,Held
CA-MNF-013028,August Complex,CA-MNF-013028_seg_01144,2020-08-28,train,32.6,1242.0,951.5,0.498,0.415,221.1,38.7,87.6,0.041,55.8,Dozer Line,6.5,Brush,1,Held
CA-MNF-013028,August Complex,CA-MNF-013028_seg_01145,2020-08-28,train,37.3,1315.4,881.1,0.666,0.312,278.5,110.6,77.9,0.209,-317.1,Dozer Line,6.5,Brush,1,Held
CA-MNF-013028,August Complex,CA-MNF-013028_seg_01146,2020-08-28,train,20.0,242.6,2573.2,0.15,0.174,245.1,53.9,78.8,0.194,2303.0,Dozer Line,6.5,Brush,1,Held
CA-MNF-013028,August Complex,CA-MNF-013028_seg_01147,2020-08-28,train,18.5,1481.4,4546.1,0.01,0.009,233.3,57.5,85.8,0.073,4527.8,Dozer Line,6.5,Brush,1,Held
CA-MNF-013028,August Complex,CA-MNF-013028_seg_01148,2020-08-28,train,26.5,632.6,392.0,0.609,0.241,251.1,96.9,64.2,0.436,-704.7,Dozer Line,6.5,Brush,1,Held
CA-MNF-013028,August Complex,CA-MNF-013028_seg_01149,2020-08-28,train,26.6,1336.0,1165.6,0.645,0.359,251.6,109.7,51.9,0.618,4.2,Road as Line,9.0,Brush,1,Held
CA-MNF-013028,August Complex,CA-MNF-013028_seg_01150,2020-08-28,train,40.8,1583.2,1421.8,0.603,0.256,253.4,176.6,13.2,0.973,335.7,Completed Hand Line,2.0,Brush,0,Burned Over
CA-MNF-013028,August Complex,CA-MNF-013028_seg_01151,2020-08-28,train,26.8,1035.2,674.2,0.478,0.306,244.3,60.1,85.7,0.075,-186.9,Dozer Line,6.5,Brush,1,Held
CA-MNF-013028,August Complex,CA-MNF-013028_seg_01152,2020-08-28,train,35.4,341.1,2114.0,0.369,0.191,278.7,63.7,54.9,0.575,1450.0,Road as Line,9.0,Brush,1,Held
CA-MNF-013028,August Complex,CA-MNF-013028_seg_01153,2020-08-28,train,30.4,1006.0,2028.0,0.339,0.224,233.3,57.9,85.3,0.081,1417.1,Dozer Line,6.5,Brush,1,Held
CA-MNF-013028,August Complex,CA-MNF-013028_seg_01154,2020-08-28,train,26.2,1304.6,934.0,0.385,0.419,241.0,58.6,87.6,0.041,240.6,Dozer Line,6.5,Brush,1,Held
CA-MNF-013028,August Complex,CA-MNF-013028_seg_01155,2020-08-28,train,16.4,1439.9,1269.8,0.361,0.332,238.5,50.4,82.0,0.14,619.9,Dozer Line,6.5,Brush,1,Held
CA-MNF-013028,August Complex,CA-MNF-013028_seg_01156,2020-08-28,train,25.1,1244.0,620.8,0.722,0.191,248.3,135.0,23.3,0.918,-678.3,Dozer Line,6.5,Brush,1,Held
CA-MNF-013028,August Complex,CA-MNF-013028_seg_01157,2020-08-28,train,25.5,1323.4,1876.6,0.507,0.273,243.3,103.1,50.3,0.639,963.8,Dozer Line,6.5,Brush,1,Held
CA-MNF-013028,August Complex,CA-MNF-013028_seg_01158,2020-08-28,train,8.2,1223.4,2454.3,0.089,0.136,263.0,56.5,63.5,0.446,2294.4,Dozer Line,6.5,Brush,1,Held
CA-MNF-013028,August Complex,CA-MNF-013028_seg_01159,2020-08-28,train,33.7,837.6,503.8,0.848,0.119,244.9,126.7,28.2,0.881,-1021.9,Dozer Line,6.5,Brush,0,Burned Over
CA-MNF-013028,August Complex,CA-MNF-013028_seg_01160,2020-08-28,train,25.3,1509.7,1011.6,0.734,0.162,266.3,164.3,12.0,0.978,-309.5,Dozer Line,6.5,Brush,0,Burned Over
CA-MNF-013028,August Complex,CA-MNF-013028_seg_01161,2020-08-28,train,22.6,642.8,1741.1,0.394,0.377,195.4,114.2,8.8,0.988,1032.2,Dozer Line,6.5,Brush,0,Burned Over
CA-MNF-013028,August Complex,CA-MNF-013028_seg_01162,2020-08-28,train,32.7,1774.3,5000.0,0.011,0.013,245.4,109.8,45.6,0.7,4980.9,Dozer Line,6.5,Brush,1,Held
CA-MNF-013028,August Complex,CA-MNF-013028_seg_01163,2020-08-28,train,9.0,1064.8,1402.4,0.46,0.371,231.9,13.1,51.2,0.626,573.5,Road as Line,9.0,Brush,1,Held
CA-MNF-013028,August Complex,CA-MNF-013028_seg_01164,2020-08-28,train,21.5,1064.8,172.9,0.905,0.091,248.3,149.1,9.2,0.987,-1456.4,Dozer Line,6.5,Brush,0,Burned Over
CA-MNF-013028,August Complex,CA-MNF-013028_seg_01165,2020-08-28,train,25.5,600.2,1175.2,0.81,0.257,219.8,138.6,8.8,0.988,-282.2,Dozer Line,6.5,Brush,0,Burned Over
CA-MNF-013028,August Complex,CA-MNF-013028_seg_01166,2020-08-28,train,23.9,1133.6,2384.9,0.162,0.238,249.6,108.3,51.2,0.626,2093.7,Dozer Line,6.5,Brush,1,Held
CA-MNF-013028,August Complex,CA-MNF-013028_seg_01167,2020-08-28,train,29.4,1176.1,529.4,0.614,0.274,257.9,76.4,88.5,0.027,-575.3,Dozer Line,6.5,Brush,1,Held
CA-MNF-013028,August Complex,CA-MNF-013028_seg_01168,2020-08-28,train,14.5,1271.2,1784.8,0.165,0.172,243.8,79.9,73.8,0.278,1487.5,Dozer Line,6.5,Brush,1,Held
CA-MNF-013028,August Complex,CA-MNF-013028_seg_01169,2020-08-28,train,18.3,1160.9,3084.1,0.073,0.106,243.4,31.5,58.1,0.528,2951.9,Dozer Line,6.5,Brush,1,Held
CA-MNF-013028,August Complex,CA-MNF-013028_seg_01170,2020-08-28,train,14.1,1099.4,5000.0,0.006,0.006,250.8,34.4,53.6,0.594,4988.9,Dozer Line,6.5,Brush,1,Held
CA-MNF-013028,August Complex,CA-MNF-013028_seg_01171,2020-08-28,train,13.4,1216.6,675.6,0.607,0.294,280.9,154.3,36.5,0.804,-417.2,Road as Line,9.0,Brush,0,Burned Over
CA-MNF-013028,August Complex,CA-MNF-013028_seg_01172,2020-08-28,train,28.5,1533.6,914.9,0.54,0.36,260.3,70.1,79.9,0.176,-56.2,Dozer Line,6.5,Brush,1,Held
CA-MNF-013028,August Complex,CA-MNF-013028_seg_01173,2020-08-28,train,20.1,931.7,1575.2,0.379,0.377,245.5,28.0,52.5,0.609,893.8,Completed Hand Line,2.0,Brush,1,Held
CA-MNF-013028,August Complex,CA-MNF-013028_seg_01174,2020-08-28,train,24.7,923.7,3454.1,0.099,0.144,277.1,31.0,23.9,0.914,3275.0,Dozer Line,6.5,Brush,1,Held
CA-MNF-013028,August Complex,CA-MNF-013028_seg_01175,2020-08-28,train,31.0,1314.8,1328.0,0.487,0.28,258.2,55.1,66.9,0.393,451.7,Road as Line,9.0,Brush,1,Held
CA-MNF-013028,August Complex,CA-MNF-013028_seg_01176,2020-08-28,train,25.9,1793.4,207.1,0.902,0.117,225.7,164.4,28.8,0.876,-1415.9,Dozer Line,6.5,Brush,1,Held
CA-MNF-013028,August Complex,CA-MNF-013028_seg_01177,2020-08-28,train,36.7,1973.0,924.8,0.813,0.203,284.2,20.2,6.1,0.994,-538.2,Dozer Line,6.5,Brush,0,Burned Over
CA-MNF-013028,August Complex,CA-MNF-013028_seg_01178,2020-08-28,train,31.4,951.6,314.6,0.846,0.184,234.4,162.5,18.1,0.95,-1207.6,Road as Line,9.0,Brush,0,Burned Over
CA-MNF-013028,August Complex,CA-MNF-013028_seg_01179,2020-08-28,train,17.2,1238.3,316.8,0.723,0.177,258.4,39.5,51.1,0.628,-985.1,Dozer Line,6.5,Brush,0,Burned Over
CA-MNF-013028,August Complex,CA-MNF-013028_seg_01180,2020-08-28,train,26.0,1297.8,1442.3,0.596,0.354,219.4,33.2,83.8,0.107,370.2,Dozer Line,6.5,Brush,1,Held
CA-MNF-013028,August Complex,CA-MNF-013028_seg_01181,2020-08-28,train,17.2,1111.6,1448.8,0.366,0.193,204.0,76.0,38.0,0.788,790.6,Completed Hand Line,2.0,Brush,1,Held
CA-MNF-013028,August Complex,CA-MNF-013028_seg_01182,2020-08-28,train,27.4,1171.4,191.7,0.81,0.173,248.3,25.7,47.4,0.676,-1266.2,Road as Line,9.0,Brush,1,Held
CA-MNF-013028,August Complex,CA-MNF-013028_seg_01183,2020-08-28,train,10.0,654.7,872.0,0.634,0.312,251.1,103.9,57.2,0.542,-268.3,Dozer Line,6.5,Brush,1,Held
CA-MNF-013028,August Complex,CA-MNF-013028_seg_01184,2020-08-28,train,18.2,1381.8,503.7,0.709,0.278,253.1,160.7,2.4,0.999,-772.7,Road as Line,9.0,Brush,1,Held
CA-MNF-013028,August Complex,CA-MNF-013028_seg_01185,2020-08-28,train,21.6,974.5,1383.6,0.344,0.232,255.1,65.8,80.6,0.163,764.8,Dozer Line,6.5,Brush,1,Held
CA-MNF-013028,August Complex,CA-MNF-013028_seg_01186,2020-08-28,train,39.5,898.5,837.6,0.717,0.338,253.3,55.3,72.0,0.309,-453.7,Dozer Line,6.5,Brush,0,Burned Over
CA-MNF-013028,August Complex,CA-MNF-013028_seg_01187,2020-08-28,train,21.9,1330.4,451.0,0.798,0.186,277.3,151.2,36.1,0.808,-985.4,Road as Line,9.0,Brush,1,Held
CA-MNF-013028,August Complex,CA-MNF-013028_seg_01188,2020-08-28,train,19.5,479.6,464.3,0.629,0.274,268.3,65.3,67.0,0.39,-668.7,Dozer Line,6.5,Brush,1,Held
CA-MNF-013028,August Complex,CA-MNF-013028_seg_01189,2020-08-28,train,10.3,603.6,347.9,0.655,0.375,270.6,135.2,45.4,0.702,-831.0,Dozer Line,6.5,Brush,0,Burned Over
CA-MNF-013028,August Complex,CA-MNF-013028_seg_01190,2020-08-28,train,40.5,883.2,2840.3,0.329,0.384,234.4,175.0,30.6,0.861,2247.2,Dozer Line,6.5,Brush,1,Held
CA-MNF-013028,August Complex,CA-MNF-013028_seg_01191,2020-08-28,train,40.9,800.8,3991.1,0.078,0.068,264.2,110.4,63.8,0.442,3851.4,Road as Line,9.0,Brush,1,Held
CA-MNF-013028,August Complex,CA-MNF-013028_seg_01192,2020-08-28,train,20.0,1348.5,1396.4,0.619,0.385,234.8,141.5,3.3,0.998,281.6,Dozer Line,6.5,Brush,1,Held
CA-MNF-013028,August Complex,CA-MNF-013028_seg_01193,2020-08-28,train,19.1,1240.3,3616.2,0.097,0.129,257.5,133.1,34.4,0.825,3441.7,Road as Line,9.0,Brush,1,Held
CA-MNF-013028,August Complex,CA-MNF-013028_seg_01194,2020-08-28,train,25.9,1038.9,914.4,0.659,0.208,236.0,113.1,32.9,0.84,-272.7,Road as Line,9.0,Brush,1,Held
CA-MNF-013028,August Complex,CA-MNF-013028_seg_01195,2020-08-28,train,19.4,1862.3,531.1,0.641,0.389,264.5,61.4,66.9,0.392,-622.7,Dozer Line,6.5,Brush,1,Held
CA-MNF-013028,August Complex,CA-MNF-013028_seg_01196,2020-08-28,train,12.3,1482.5,1854.9,0.406,0.433,246.5,143.0,13.5,0.972,1124.7,Road as Line,9.0,Brush,1,Held
CA-MNF-013028,August Complex,CA-MNF-013028_seg_01197,2020-08-28,train,12.3,1452.8,4114.2,0.045,0.072,219.9,150.6,20.7,0.935,4033.1,Dozer Line,6.5,Brush,1,Held
CA-MNF-013028,August Complex,CA-MNF-013028_seg_01198,2020-08-28,train,32.7,1095.6,2321.6,0.19,0.139,253.3,75.5,87.7,0.039,1979.0,Road as Line,9.0,Brush,1,Held
CA-MNF-013028,August Complex,CA-MNF-013028_seg_01199,2020-08-28,train,14.8,664.5,1972.0,0.182,0.244,238.4,18.7,50.3,0.638,1644.8,Dozer Line,6.5,Brush,1,Held
CA-MNF-013028,August Complex,CA-MNF-013028_seg_01200,2020-08-28,train,30.2,748.6,2043.5,0.258,0.175,270.1,106.3,73.8,0.278,1580.0,Road as Line,9.0,Brush,1,Held
CA-MNF-013028,August Complex,CA-MNF-013028_seg_01201,2020-08-28,train,16.6,1401.4,1786.5,0.408,0.399,224.8,70.9,63.9,0.44,1052.5,Road as Line,9.0,Brush,1,Held
CA-MNF-013028,August Complex,CA-MNF-013028_seg_01202,2020-08-28,train,10.3,1290.3,1477.0,0.41,0.199,270.5,140.0,40.6,0.76,739.4,Completed Hand Line,2.0,Brush,1,Held
CA-MNF-013028,August Complex,CA-MNF-013028_seg_01203,2020-08-28,train,8.2,1281.2,500.9,0.64,0.408,252.6,152.9,9.8,0.986,-651.6,Dozer Line,6.5,Brush,1,Held
CA-MNF-013028,August Complex,CA-MNF-013028_seg_01204,2020-08-28,train,29.2,62.8,2043.8,0.478,0.336,253.7,47.4,63.7,0.443,1184.1,Dozer Line,6.5,Brush,1,Held
CA-MNF-013028,August Complex,CA-MNF-013028_seg_01205,2020-08-28,train,6.1,1370.1,637.3,0.535,0.407,220.6,154.2,23.6,0.916,-325.3,Dozer Line,6.5,Brush,1,Held
CA-MNF-013028,August Complex,CA-MNF-013028_seg_01206,2020-08-28,train,9.3,1012.3,975.1,0.476,0.266,252.7,56.3,73.7,0.281,118.7,Road as Line,9.0,Brush,1,Held
CA-MNF-013028,August Complex,CA-MNF-013028_seg_01207,2020-08-28,train,12.8,1565.4,617.7,0.788,0.286,265.2,172.7,2.5,0.999,-800.0,Road as Line,9.0,Brush,0,Burned Over
CA-MNF-013028,August Complex,CA-MNF-013028_seg_01208,2020-08-28,train,19.8,757.5,415.7,0.788,0.28,267.7,125.2,52.5,0.608,-1003.5,Dozer Line,6.5,Brush,1,Held
CA-MNF-013028,August Complex,CA-MNF-013028_seg_01209,2020-08-28,train,20.1,755.6,281.3,0.796,0.274,280.3,165.8,24.5,0.91,-1151.1,Dozer Line,6.5,Brush,0,Burned Over
CA-MNF-013028,August Complex,CA-MNF-013028_seg_01210,2020-08-28,train,22.0,1478.4,1102.9,0.548,0.321,237.1,7.3,40.3,0.763,116.3,Road as Line,9.0,Brush,1,Held
CA-MNF-013028,August Complex,CA-MNF-013028_seg_01211,2020-08-28,train,34.9,1176.5,165.0,0.859,0.171,245.2,38.9,63.7,0.443,-1381.8,Road as Line,9.0,Brush,1,Held
CA-MNF-013028,August Complex,CA-MNF-013028_seg_01212,2020-08-28,train,18.2,771.6,1193.6,0.441,0.439,215.8,152.6,26.8,0.892,399.4,Road as Line,9.0,Brush,0,Burned Over
CA-MNF-013028,August Complex,CA-MNF-013028_seg_01213,2020-08-28,train,15.4,1190.2,2913.7,0.062,0.067,261.2,66.6,75.4,0.252,2802.1,Completed Hand Line,2.0,Brush,1,Held
CA-MNF-013028,August Complex,CA-MNF-013028_seg_01214,2020-08-28,train,21.4,1362.6,315.4,0.612,0.311,279.8,96.9,87.1,0.05,-786.0,Dozer Line,6.5,Brush,1,Held
CA-MNF-013028,August Complex,CA-MNF-013028_seg_01215,2020-08-28,train,13.3,656.7,1392.6,0.383,0.299,190.3,129.2,28.8,0.876,703.0,Road as Line,9.0,Brush,1,Held
CA-MNF-013028,August Complex,CA-MNF-013028_seg_01216,2020-08-28,train,22.2,725.4,375.5,0.762,0.156,221.2,171.6,40.4,0.762,-995.6,Dozer Line,6.5,Brush,0,Burned Over
CA-MNF-013028,August Complex,CA-MNF-013028_seg_01217,2020-08-28,train,19.0,1046.7,1162.1,0.456,0.376,275.5,129.4,56.1,0.558,340.9,Dozer Line,6.5,Brush,0,Burned Over
CA-MNF-013028,August Complex,CA-MNF-013028_seg_01218,2020-08-28,train,21.5,1342.7,1077.7,0.437,0.337,236.8,81.4,65.5,0.415,291.9,Completed Hand Line,2.0,Brush,1,Held
CA-MNF-013028,August Complex,CA-MNF-013028_seg_01219,2020-08-28,train,18.6,587.0,158.2,0.619,0.273,220.6,56.6,74.0,0.275,-956.0,Dozer Line,6.5,Brush,1,Held
CA-MNF-013028,August Complex,CA-MNF-013028_seg_01220,2020-08-28,train,19.3,543.2,493.3,0.726,0.195,217.9,131.9,4.0,0.998,-813.7,Dozer Line,6.5,Brush,0,Burned Over
CA-MNF-013028,August Complex,CA-MNF-013028_seg_01221,2020-08-28,train,24.7,1210.6,1174.0,0.657,0.272,263.8,170.3,3.5,0.998,-8.8,Road as Line,9.0,Brush,1,Held
CA-MNF-013028,August Complex,CA-MNF-013028_seg_01222,2020-08-28,train,26.8,1370.2,2685.0,0.271,0.237,232.2,127.3,14.9,0.966,2197.7,Dozer Line,6.5,Brush,1,Held
CA-MNF-013028,August Complex,CA-MNF-013028_seg_01223,2020-08-28,train,34.7,787.8,174.7,0.836,0.118,200.5,94.3,16.2,0.96,-1330.2,Dozer Line,6.5,Brush,0,Burned Over
CA-MNF-013028,August Complex,CA-MNF-013028_seg_01224,2020-08-28,train,21.8,1066.7,183.7,0.672,0.366,266.3,69.3,72.9,0.293,-1025.5,Completed Hand Line,2.0,Brush,1,Held
CA-MNF-013028,August Complex,CA-MNF-013028_seg_01225,2020-08-28,train,27.7,1202.1,2617.8,0.143,0.169,268.1,62.1,64.1,0.437,2360.0,Completed Hand Line,2.0,Brush,1,Held
CA-MNF-013028,August Complex,CA-MNF-013028_seg_01226,2020-08-28,train,26.6,1187.4,187.0,0.879,0.187,269.1,147.4,31.7,0.851,-1394.7,Completed Hand Line,2.0,Brush,0,Burned Over
CA-MNF-013028,August Complex,CA-MNF-013028_seg_01227,2020-08-28,train,30.1,1016.5,1027.0,0.653,0.318,264.0,32.5,38.5,0.783,-149.2,Completed Hand Line,2.0,Brush,0,Burned Over
CA-MNF-013028,August Complex,CA-MNF-013028_seg_01228,2020-08-28,train,17.1,1497.4,862.9,0.569,0.279,263.9,70.0,76.1,0.241,-160.7,Dozer Line,6.5,Brush,1,Held
CA-MNF-013028,August Complex,CA-MNF-013028_seg_01229,2020-08-28,train,30.5,1234.6,3131.1,0.096,0.149,277.1,64.5,57.4,0.539,2957.6,Road as Line,9.0,Brush,1,Held
CA-MNF-013028,August Complex,CA-MNF-013028_seg_01230,2020-08-28,train,20.3,587.4,1049.2,0.41,0.289,223.0,57.7,75.3,0.253,312.0,Dozer Line,6.5,Brush,1,Held
CA-MNF-013028,August Complex,CA-MNF-013028_seg_01231,2020-08-28,train,23.9,879.8,816.8,0.76,0.15,237.4,170.0,22.6,0.923,-550.5,Dozer Line,6.5,Brush,0,Burned Over
CA-MNF-013028,August Complex,CA-MNF-013028_seg_01232,2020-08-28,train,48.4,724.4,1918.0,0.588,0.204,237.3,138.7,8.5,0.989,860.1,Completed Hand Line,2.0,Brush,0,Burned Over
CA-MNF-013028,August Complex,CA-MNF-013028_seg_01233,2020-08-28,train,15.4,1454.7,1763.1,0.371,0.257,238.9,115.4,33.6,0.833,1094.6,Dozer Line,6.5,Brush,1,Held
CA-MNF-013028,August Complex,CA-MNF-013028_seg_01234,2020-08-28,train,5.7,1424.8,1040.8,0.589,0.363,253.4,132.9,30.4,0.862,-19.7,Completed Hand Line,2.0,Brush,0,Burned Over
CA-MNF-013028,August Complex,CA-MNF-013028_seg_01235,2020-08-28,train,13.1,1530.9,423.2,0.832,0.114,252.7,13.1,30.5,0.862,-1074.9,Completed Hand Line,2.0,Brush,0,Burned Over
CA-MNF-013028,August Complex,CA-MNF-013028_seg_01236,2020-08-28,train,21.6,1130.3,2166.1,0.139,0.214,273.2,43.3,40.1,0.765,1915.8,Road as Line,9.0,Brush,1,Held
CA-MNF-013028,August Complex,CA-MNF-013028_seg_01237,2020-08-28,train,23.4,1285.9,1475.1,0.399,0.329,260.5,44.3,53.9,0.59,757.2,Completed Hand Line,2.0,Brush,1,Held
CA-MNF-013028,August Complex,CA-MNF-013028_seg_01238,2020-08-28,train,11.8,1513.5,1556.5,0.241,0.197,227.2,49.1,88.1,0.033,1122.1,Completed Hand Line,2.0,Brush,1,Held
CA-MNF-013028,August Complex,CA-MNF-013028_seg_01239,2020-08-28,train,14.6,702.8,1578.9,0.389,0.243,217.0,71.2,55.8,0.562,879.0,Road as Line,9.0,Brush,1,Held
CA-MNF-013028,August Complex,CA-MNF-013028_seg_01240,2020-08-28,train,22.4,877.8,3598.3,0.062,0.101,243.8,58.9,85.2,0.084,3486.6,Dozer Line,6.5,Brush,1,Held
CA-MNF-013028,August Complex,CA-MNF-013028_seg_01241,2020-08-28,train,20.2,948.3,2227.1,0.208,0.223,281.5,21.5,9.9,0.985,1852.6,Dozer Line,6.5,Brush,0,Burned Over
CA-MNF-013028,August Complex,CA-MNF-013028_seg_01242,2020-08-28,train,22.8,934.8,2298.4,0.379,0.378,258.6,41.2,52.6,0.608,1616.2,Dozer Line,6.5,Brush,1,Held
CA-MNF-013028,August Complex,CA-MNF-013028_seg_01243,2020-08-28,train,31.5,1394.4,3404.8,0.113,0.102,246.4,7.4,31.0,0.857,3200.5,Dozer Line,6.5,Brush,1,Held
CA-MNF-013028,August Complex,CA-MNF-013028_seg_01244,2020-08-28,train,40.5,634.2,667.2,0.929,0.079,253.8,165.9,2.2,0.999,-1004.5,Dozer Line,6.5,Brush,0,Burned Over
CA-MNF-013028,August Complex,CA-MNF-013028_seg_01245,2020-08-28,train,27.4,1192.8,843.4,0.705,0.218,250.2,118.4,41.8,0.746,-425.0,Dozer Line,6.5,Brush,1,Held
CA-MNF-013028,August Complex,CA-MNF-013028_seg_01246,2020-08-28,train,21.3,1216.6,783.0,0.729,0.192,217.9,123.3,4.6,0.997,-529.5,Completed Hand Line,2.0,Brush,0,Burned Over
CA-MNF-013028,August Complex,CA-MNF-013028_seg_01247,2020-08-28,train,26.0,1302.9,1142.6,0.319,0.2,258.3,68.6,80.3,0.169,568.8,Dozer Line,6.5,Brush,1,Held
CA-MNF-013028,August Complex,CA-MNF-013028_seg_01248,2020-08-28,train,27.8,1552.7,3471.6,0.102,0.13,235.0,163.9,19.0,0.946,3287.9,Dozer Line,6.5,Brush,1,Held
CA-MNF-013028,August Complex,CA-MNF-013028_seg_01249,2020-08-28,train,16.6,855.3,878.3,0.661,0.299,255.1,177.8,12.8,0.975,-312.1,Dozer Line,6.5,Brush,1,Held
CA-MNF-013028,August Complex,CA-MNF-013028_seg_01250,2020-08-28,train,42.9,1519.0,2713.8,0.398,0.385,242.2,179.8,27.6,0.886,1998.1,Dozer Line,6.5,Brush,1,Held
CA-MNF-013028,August Complex,CA-MNF-013028_seg_01251,2020-08-28,train,20.3,857.3,2350.1,0.369,0.284,216.2,72.4,53.8,0.59,1686.3,Dozer Line,6.5,Brush,1,Held
CA-MNF-013028,August Complex,CA-MNF-013028_seg_01252,2020-08-28,train,27.5,845.7,760.8,0.501,0.254,242.7,58.7,85.9,0.071,-141.4,Dozer Line,6.5,Brush,1,Held
CA-MNF-013028,August Complex,CA-MNF-013028_seg_01253,2020-08-28,train,11.5,837.8,1103.4,0.48,0.36,246.8,162.1,5.3,0.996,238.7,Dozer Line,6.5,Brush,1,Held
CA-MNF-013028,August Complex,CA-MNF-013028_seg_01254,2020-08-28,train,15.8,929.5,1937.7,0.358,0.234,240.4,149.9,0.5,1.0,1293.5,Road as Line,9.0,Brush,1,Held
CA-MNF-013028,August Complex,CA-MNF-013028_seg_01255,2020-08-28,train,21.4,880.6,1570.9,0.521,0.268,222.6,79.7,52.9,0.603,633.3,Road as Line,9.0,Brush,1,Held
CA-MNF-013028,August Complex,CA-MNF-013028_seg_01256,2020-08-28,train,31.1,601.7,785.8,0.661,0.208,205.5,35.6,79.9,0.175,-404.2,Completed Hand Line,2.0,Brush,0,Burned Over
CA-MNF-013028,August Complex,CA-MNF-013028_seg_01257,2020-08-28,train,12.5,665.7,1503.1,0.433,0.199,246.9,157.7,0.7,1.0,723.6,Completed Hand Line,2.0,Brush,1,Held
CA-MNF-013028,August Complex,CA-MNF-013028_seg_01258,2020-08-28,train,39.9,808.0,345.9,0.934,0.071,253.8,36.5,52.7,0.606,-1335.7,Completed Hand Line,2.0,Brush,0,Burned Over
CA-MNF-013028,August Complex,CA-MNF-013028_seg_01259,2020-08-28,train,24.2,560.8,278.4,0.701,0.2,205.2,52.2,63.1,0.453,-983.0,Dozer Line,6.5,Brush,1,Held
CA-MNF-013028,August Complex,CA-MNF-013028_seg_01260,2020-08-28,train,31.6,1341.8,5000.0,0.008,0.014,229.1,84.5,54.5,0.58,4986.0,Road as Line,9.0,Brush,1,Held
CA-MNF-013028,August Complex,CA-MNF-013028_seg_01261,2020-08-28,train,17.1,1106.7,722.4,0.481,0.371,246.9,68.6,88.4,0.029,-143.3,Road as Line,9.0,Brush,1,Held
CA-MNF-013028,August Complex,CA-MNF-013028_seg_01262,2020-08-28,train,39.3,1408.0,3666.0,0.074,0.123,207.0,174.7,57.7,0.535,3532.4,Completed Hand Line,2.0,Brush,1,Held
CA-MNF-013028,August Complex,CA-MNF-013028_seg_01263,2020-08-28,train,30.6,991.6,5000.0,0.011,0.019,252.6,26.9,44.3,0.715,4980.1,Dozer Line,6.5,Brush,1,Held
CA-MNF-013028,August Complex,CA-MNF-013028_seg_01264,2020-08-28,train,28.1,1512.3,169.3,0.849,0.124,261.1,143.9,27.2,0.889,-1358.4,Completed Hand Line,2.0,Brush,0,Burned Over
CA-MNF-013028,August Complex,CA-MNF-013028_seg_01265,2020-08-28,train,19.4,327.5,2985.0,0.075,0.076,259.0,88.1,80.9,0.159,2850.9,Dozer Line,6.5,Brush,1,Held
CA-MNF-013028,August Complex,CA-MNF-013028_seg_01266,2020-08-28,train,6.8,1100.0,250.4,0.613,0.422,235.0,82.5,62.5,0.462,-852.4,Road as Line,9.0,Brush,1,Held
CA-MNF-013028,August Complex,CA-MNF-013028_seg_01267,2020-08-28,train,35.3,544.8,194.0,0.732,0.223,230.4,68.4,72.0,0.308,-1123.3,Road as Line,9.0,Brush,0,Burned Over
CA-MNF-013028,August Complex,CA-MNF-013028_seg_01268,2020-08-28,train,26.5,832.6,1673.8,0.467,0.265,223.1,169.7,36.6,0.802,834.1,Completed Hand Line,2.0,Brush,0,Burned Over
CA-MNF-013028,August Complex,CA-MNF-013028_seg_01269,2020-08-28,train,15.2,946.0,294.6,0.463,0.226,258.5,91.6,76.9,0.226,-539.4,Dozer Line,6.5,Brush,1,Held
CA-MNF-013028,August Complex,CA-MNF-013028_seg_01270,2020-08-28,train,7.2,1293.2,161.6,0.756,0.308,281.1,155.5,35.7,0.812,-1198.5,Road as Line,9.0,Brush,1,Held
CA-MNF-013028,August Complex,CA-MNF-013028_seg_01271,2020-08-28,train,14.8,1368.7,2000.9,0.38,0.354,253.0,157.2,5.8,0.995,1317.3,Dozer Line,6.5,Brush,1,Held
CA-MNF-013028,August Complex,CA-MNF-013028_seg_01272,2020-08-28,train,34.1,1821.8,2031.9,0.535,0.219,245.7,0.7,25.0,0.906,1069.5,Dozer Line,6.5,Brush,1,Held
CA-MNF-013028,August Complex,CA-MNF-013028_seg_01273,2020-08-28,train,47.3,1438.2,397.0,0.949,0.08,237.9,109.0,38.9,0.778,-1312.0,Dozer Line,6.5,Brush,0,Burned Over
CA-MNF-013028,August Complex,CA-MNF-013028_seg_01274,2020-08-28,train,27.3,1204.4,1087.1,0.692,0.32,275.6,25.9,20.3,0.938,-158.2,Dozer Line,6.5,Brush,1,Held
CA-MNF-013028,August Complex,CA-MNF-013028_seg_01275,2020-08-28,train,21.7,1308.1,1226.7,0.557,0.268,225.9,114.4,21.5,0.93,223.6,Dozer Line,6.5,Brush,0,Burned Over
CA-MNF-013028,August Complex,CA-MNF-013028_seg_01276,2020-08-28,train,19.5,598.9,497.9,0.763,0.156,245.2,174.3,19.1,0.945,-875.9,Dozer Line,6.5,Brush,0,Burned Over
CA-MNF-013028,August Complex,CA-MNF-013028_seg_01277,2020-08-28,train,18.7,1159.0,1661.0,0.394,0.212,277.9,137.6,50.3,0.638,952.2,Road as Line,9.0,Brush,1,Held
CA-MNF-013028,August Complex,CA-MNF-013028_seg_01278,2020-08-28,train,9.7,878.8,515.3,0.619,0.364,256.7,11.9,25.2,0.905,-599.0,Dozer Line,6.5,Brush,0,Burned Over
CA-MNF-013028,August Complex,CA-MNF-013028_seg_01279,2020-08-28,train,53.1,591.1,1211.8,0.841,0.169,263.0,34.3,41.3,0.752,-302.8,Dozer Line,6.5,Brush,0,Burned Over
CA-MNF-013028,August Complex,CA-MNF-013028_seg_01280,2020-08-28,train,20.3,1484.7,872.2,0.81,0.188,265.9,161.8,14.1,0.97,-585.0,Dozer Line,6.5,Brush,1,Held
CA-MNF-013028,August Complex,CA-MNF-013028_seg_01281,2020-08-28,train,21.2,1594.0,166.9,0.523,0.243,252.6,71.9,89.3,0.012,-774.5,Road as Line,9.0,Brush,1,Held
CA-MNF-013028,August Complex,CA-MNF-013028_seg_01282,2020-08-28,train,25.2,945.3,176.3,0.768,0.313,231.7,60.7,81.0,0.156,-1206.5,Dozer Line,6.5,Brush,1,Held
CA-MNF-013028,August Complex,CA-MNF-013028_seg_01283,2020-08-28,train,12.5,1038.7,359.0,0.774,0.308,251.9,170.5,8.6,0.989,-1034.0,Dozer Line,6.5,Brush,1,Held
CA-MNF-013028,August Complex,CA-MNF-013028_seg_01284,2020-08-28,train,28.4,1037.3,2103.3,0.447,0.274,242.2,169.8,17.6,0.953,1298.3,Dozer Line,6.5,Brush,1,Held
CA-MNF-013028,August Complex,CA-MNF-013028_seg_01285,2020-08-28,train,24.0,939.0,547.4,0.572,0.407,239.3,23.3,54.0,0.587,-482.5,Dozer Line,6.5,Brush,1,Held
CA-MNF-013028,August Complex,CA-MNF-013028_seg_01286,2020-08-28,train,25.1,756.3,623.8,0.844,0.147,249.2,37.7,58.5,0.523,-895.1,Completed Hand Line,2.0,Brush,0,Burned Over
CA-MNF-013028,August Complex,CA-MNF-013028_seg_01287,2020-08-28,train,18.0,667.9,409.4,0.7,0.301,257.3,59.6,72.3,0.304,-850.2,Completed Hand Line,2.0,Brush,1,Held
CA-MNF-013028,August Complex,CA-MNF-013028_seg_01288,2020-08-28,train,38.6,1152.8,911.3,0.628,0.209,268.7,87.9,89.2,0.014,-219.9,Road as Line,9.0,Brush,1,Held
CA-MNF-013028,August Complex,CA-MNF-013028_seg_01289,2020-08-28,train,22.7,625.3,3961.9,0.098,0.139,242.8,160.4,7.6,0.991,3785.9,Road as Line,9.0,Brush,1,Held
CA-MNF-013028,August Complex,CA-MNF-013028_seg_01290,2020-08-28,train,19.4,1170.4,1353.1,0.47,0.32,227.6,44.4,86.8,0.056,506.5,Dozer Line,6.5,Brush,1,Held
CA-MNF-013028,August Complex,CA-MNF-013028_seg_01291,2020-08-28,train,20.9,1574.9,2235.7,0.17,0.197,214.4,96.5,27.8,0.884,1929.6,Dozer Line,6.5,Brush,1,Held
CA-MNF-013028,August Complex,CA-MNF-013028_seg_01292,2020-08-28,train,37.2,1312.5,2026.8,0.445,0.2,212.3,50.8,71.4,0.318,1225.4,Dozer Line,6.5,Brush,1,Held
CA-MNF-013028,August Complex,CA-MNF-013028_seg_01293,2020-08-28,train,9.6,756.2,900.5,0.556,0.352,254.5,14.2,29.6,0.869,-99.8,Road as Line,9.0,Brush,1,Held
CA-MNF-013028,August Complex,CA-MNF-013028_seg_01294,2020-08-28,train,26.5,1318.1,1620.2,0.324,0.204,233.6,49.7,86.1,0.068,1036.1,Completed Hand Line,2.0,Brush,1,Held
CA-MNF-013028,August Complex,CA-MNF-013028_seg_01295,2020-08-28,train,19.2,782.4,1679.7,0.261,0.279,218.2,56.7,71.5,0.318,1210.0,Dozer Line,6.5,Brush,1,Held
CA-MNF-013028,August Complex,CA-MNF-013028_seg_01296,2020-08-28,train,23.6,1378.7,1158.7,0.523,0.378,250.0,101.8,58.2,0.527,216.4,Dozer Line,6.5,Brush,1,Held
CA-MNF-013028,August Complex,CA-MNF-013028_seg_01297,2020-08-28,train,30.9,1346.8,471.5,0.684,0.246,246.6,169.2,12.7,0.976,-759.2,Dozer Line,6.5,Brush,0,Burned Over
CA-MNF-013028,August Complex,CA-MNF-013028_seg_01298,2020-08-28,train,18.9,690.2,755.0,0.743,0.309,265.9,115.5,60.4,0.494,-581.7,Dozer Line,6.5,Brush,1,Held
CA-MNF-013028,August Complex,CA-MNF-013028_seg_01299,2020-08-28,train,28.6,1082.5,1128.9,0.585,0.249,281.4,116.1,75.3,0.253,75.7,Dozer Line,6.5,Brush,1,Held
CA-MNF-013028,August Complex,CA-MNF-013028_seg_01300,2020-08-28,train,36.9,1506.4,618.0,0.652,0.186,246.1,90.1,66.0,0.407,-555.1,Road as Line,9.0,Brush,1,Held
CA-MNF-013028,August Complex,CA-MNF-013028_seg_01301,2020-08-28,train,11.2,955.7,1218.9,0.642,0.186,251.8,7.2,25.5,0.903,64.2,Road as Line,9.0,Brush,1,Held
CA-MNF-013028,August Complex,CA-MNF-013028_seg_01302,2020-08-28,train,18.8,1268.5,1072.0,0.529,0.269,273.4,38.3,34.9,0.821,120.6,Road as Line,9.0,Brush,1,Held
CA-MNF-013028,August Complex,CA-MNF-013028_seg_01303,2020-08-28,train,33.7,1243.4,625.3,0.708,0.224,244.3,60.2,85.9,0.072,-649.6,Dozer Line,6.5,Brush,1,Held
CA-MNF-013028,August Complex,CA-MNF-013028_seg_01304,2020-08-28,train,21.3,743.9,201.1,0.691,0.357,256.1,33.3,47.2,0.68,-1043.4,Dozer Line,6.5,Brush,0,Burned Over
CA-MNF-013028,August Complex,CA-MNF-013028_seg_01305,2020-08-28,train,10.3,1360.9,2193.6,0.283,0.289,240.7,159.6,8.9,0.988,1685.0,Road as Line,9.0,Brush,1,Held
CA-MNF-013028,August Complex,CA-MNF-013028_seg_01306,2020-08-28,train,21.5,799.3,389.5,0.749,0.286,233.2,39.0,75.8,0.245,-958.3,Road as Line,9.0,Brush,1,Held
CA-MNF-013028,August Complex,CA-MNF-013028_seg_01307,2020-08-28,train,1.7,1119.1,1239.8,0.153,0.225,253.3,86.4,76.8,0.228,965.2,Dozer Line,6.5,Brush,1,Held
CA-MNF-013028,August Complex,CA-MNF-013028_seg_01308,2020-08-28,train,22.6,1210.0,534.6,0.811,0.234,266.7,2.0,5.3,0.996,-925.0,Completed Hand Line,2.0,Brush,0,Burned Over
CA-MNF-013028,August Complex,CA-MNF-013028_seg_01309,2020-08-28,train,3.0,532.9,709.8,0.73,0.216,239.5,133.5,16.0,0.961,-604.0,Dozer Line,6.5,Brush,1,Held
CA-MNF-013028,August Complex,CA-MNF-013028_seg_01310,2020-08-28,train,27.6,317.5,3102.0,0.263,0.34,265.7,177.0,1.3,1.0,2628.1,Road as Line,9.0,Brush,0,Burned Over
CA-MNF-013028,August Complex,CA-MNF-013028_seg_01311,2020-08-28,train,25.9,1178.1,878.9,0.595,0.259,268.3,130.5,47.8,0.671,-191.8,Dozer Line,6.5,Brush,1,Held
CA-MNF-013028,August Complex,CA-MNF-013028_seg_01312,2020-08-28,train,16.1,1012.8,718.7,0.544,0.314,265.7,71.6,75.8,0.245,-260.0,Dozer Line,6.5,Brush,1,Held
CA-MNF-013028,August Complex,CA-MNF-013028_seg_01313,2020-08-28,train,3.0,609.4,1635.0,0.287,0.218,242.4,157.7,5.4,0.996,1118.6,Road as Line,9.0,Brush,1,Held
CA-MNF-013028,August Complex,CA-MNF-013028_seg_01314,2020-08-28,train,6.8,863.8,204.2,0.577,0.332,208.6,179.3,60.6,0.491,-833.6,Road as Line,9.0,Brush,1,Held
CA-MNF-013028,August Complex,CA-MNF-013028_seg_01315,2020-08-28,train,14.6,1086.5,699.3,0.582,0.285,255.8,15.9,30.1,0.865,-348.0,Completed Hand Line,2.0,Brush,0,Burned Over
CA-MNF-013028,August Complex,CA-MNF-013028_seg_01316,2020-08-28,train,33.6,885.2,1191.6,0.836,0.214,205.2,73.3,42.0,0.744,-313.9,Dozer Line,6.5,Brush,0,Burned Over
CA-MNF-013028,August Complex,CA-MNF-013028_seg_01317,2020-08-28,train,13.8,938.8,258.5,0.832,0.241,244.8,173.0,18.3,0.95,-1238.6,Road as Line,9.0,Brush,1,Held
CA-MNF-013028,August Complex,CA-MNF-013028_seg_01318,2020-08-28,train,4.9,788.5,3155.6,0.035,0.038,256.1,61.8,75.7,0.247,3092.8,Road as Line,9.0,Brush,1,Held
CA-MNF-013028,August Complex,CA-MNF-013028_seg_01319,2020-08-28,train,10.9,238.7,2239.4,0.343,0.379,215.4,142.6,17.2,0.955,1622.8,Completed Hand Line,2.0,Brush,1,Held
CA-MNF-013028,August Complex,CA-MNF-013028_seg_01320,2020-08-28,train,18.8,861.2,3572.8,0.031,0.048,243.0,99.1,54.0,0.588,3516.5,Dozer Line,6.5,Brush,1,Held
CA-MNF-013028,August Complex,CA-MNF-013028_seg_01321,2020-08-28,train,37.1,524.3,2203.5,0.431,0.296,248.6,94.2,64.4,0.432,1427.2,Road as Line,9.0,Brush,1,Held
CA-MNF-013028,August Complex,CA-MNF-013028_seg_01322,2020-08-28,train,26.9,464.3,400.4,0.838,0.177,280.5,161.1,29.4,0.871,-1108.1,Dozer Line,6.5,Brush,1,Held
CA-MNF-013028,August Complex,CA-MNF-013028_seg_01323,2020-08-28,train,19.9,1347.7,2243.2,0.169,0.226,236.3,73.1,73.2,0.289,1939.4,Dozer Line,6.5,Brush,1,Held
CA-MNF-013028,August Complex,CA-MNF-013028_seg_01324,2020-08-28,train,36.3,1338.0,500.7,0.866,0.134,265.0,12.8,17.9,0.952,-1058.3,Dozer Line,6.5,Brush,0,Burned Over
CA-MNF-013028,August Complex,CA-MNF-013028_seg_01325,2020-08-28,train,26.0,917.8,1219.0,0.602,0.202,217.6,77.1,50.5,0.636,135.0,Dozer Line,6.5,Brush,1,Held
CA-MNF-013028,August Complex,CA-MNF-013028_seg_01326,2020-08-28,train,24.7,1633.3,730.9,0.778,0.257,236.2,155.0,8.8,0.988,-669.1,Road as Line,9.0,Brush,0,Burned Over
CA-MNF-013028,August Complex,CA-MNF-013028_seg_01327,2020-08-28,train,22.1,1017.8,952.0,0.659,0.302,263.8,7.0,13.1,0.974,-234.0,Dozer Line,6.5,Brush,0,Burned Over
CA-MNF-013028,August Complex,CA-MNF-013028_seg_01328,2020-08-28,train,17.4,1440.4,481.5,0.767,0.199,250.3,134.8,25.4,0.903,-898.4,Road as Line,9.0,Brush,1,Held
CA-MNF-013028,August Complex,CA-MNF-013028_seg_01329,2020-08-28,train,22.7,1057.4,2532.9,0.107,0.119,254.0,23.1,39.1,0.776,2339.9,Dozer Line,6.5,Brush,1,Held
CA-MNF-013028,August Complex,CA-MNF-013028_seg_01330,2020-08-28,train,35.2,492.1,209.9,0.883,0.134,218.4,117.7,10.8,0.982,-1379.1,Completed Hand Line,2.0,Brush,0,Burned Over
CA-MNF-013028,August Complex,CA-MNF-013028_seg_01331,2020-08-28,train,29.8,1021.3,351.8,0.816,0.193,252.0,19.7,37.8,0.79,-1117.5,Dozer Line,6.5,Brush,0,Burned Over
CA-MNF-013028,August Complex,CA-MNF-013028_seg_01332,2020-08-28,train,13.3,1599.0,392.1,0.796,0.268,228.7,7.9,49.2,0.654,-1040.1,Dozer Line,6.5,Brush,1,Held
CA-MNF-013028,August Complex,CA-MNF-013028_seg_01333,2020-08-28,train,19.8,1237.6,1768.1,0.397,0.296,269.3,25.1,25.8,0.901,1053.5,Dozer Line,6.5,Brush,1,Held
CA-MNF-013028,August Complex,CA-MNF-013028_seg_01334,2020-08-28,train,19.8,568.2,284.9,0.831,0.19,229.0,114.3,24.8,0.908,-1211.1,Dozer Line,6.5,Brush,1,Held
CA-MNF-013028,August Complex,CA-MNF-013028_seg_01335,2020-08-28,train,19.3,1412.3,3170.0,0.05,0.044,279.0,72.2,63.2,0.45,3079.9,Dozer Line,6.5,Brush,1,Held
CA-MNF-013028,August Complex,CA-MNF-013028_seg_01336,2020-08-28,train,32.1,50.0,516.2,0.825,0.142,277.3,67.2,59.9,0.501,-969.2,Dozer Line,6.5,Brush,1,Held
CA-MNF-013028,August Complex,CA-MNF-013028_seg_01337,2020-08-28,train,25.8,1212.5,163.5,0.842,0.122,277.8,126.3,61.5,0.477,-1351.3,Road as Line,9.0,Brush,1,Held
CA-MNF-013028,August Complex,CA-MNF-013028_seg_01338,2020-08-28,train,18.7,1238.8,2514.4,0.21,0.212,249.1,165.7,6.6,0.993,2136.1,Dozer Line,6.5,Brush,1,Held
CA-MNF-013028,August Complex,CA-MNF-013028_seg_01339,2020-08-28,train,13.6,807.7,339.5,0.825,0.24,261.7,144.7,27.0,0.891,-1145.2,Dozer Line,6.5,Brush,0,Burned Over
CA-MNF-013028,August Complex,CA-MNF-013028_seg_01340,2020-08-28,train,19.3,858.8,2347.4,0.344,0.24,235.8,135.6,10.2,0.984,1728.7,Dozer Line,6.5,Brush,1,Held
CA-MNF-013028,August Complex,CA-MNF-013028_seg_01341,2020-08-28,train,19.9,1115.9,3354.6,0.153,0.216,223.9,120.9,13.0,0.974,3079.7,Road as Line,9.0,Brush,1,Held
CA-MNF-013028,August Complex,CA-MNF-013028_seg_01342,2020-08-28,train,3.7,1284.5,1839.9,0.29,0.224,259.9,116.3,53.6,0.594,1317.5,Road as Line,9.0,Brush,1,Held
CA-MNF-013028,August Complex,CA-MNF-013028_seg_01343,2020-08-28,train,23.5,1234.8,338.8,0.799,0.192,232.9,160.5,17.6,0.953,-1099.5,Dozer Line,6.5,Brush,0,Burned Over
CA-MNF-013028,August Complex,CA-MNF-013028_seg_01344,2020-08-28,train,32.5,957.1,592.0,0.734,0.231,267.7,58.9,61.2,0.482,-729.7,Completed Hand Line,2.0,Brush,0,Burned Over
CA-MNF-013028,August Complex,CA-MNF-013028_seg_01345,2020-08-28,train,16.3,1523.0,1173.9,0.585,0.313,236.4,119.0,27.4,0.887,121.3,Dozer Line,6.5,Brush,1,Held
CA-MNF-013028,August Complex,CA-MNF-013028_seg_01346,2020-08-28,train,29.1,1097.2,559.2,0.619,0.402,227.7,48.8,88.9,0.019,-555.7,Completed Hand Line,2.0,Brush,1,Held
CA-MNF-013028,August Complex,CA-MNF-013028_seg_01347,2020-08-28,train,37.8,873.2,786.3,0.83,0.206,243.2,93.2,60.0,0.5,-707.9,Road as Line,9.0,Brush,1,Held
CA-MNF-013028,August Complex,CA-MNF-013028_seg_01348,2020-08-28,train,14.5,1136.5,688.3,0.695,0.339,228.0,123.7,14.4,0.969,-563.0,Road as Line,9.0,Brush,1,Held
CA-MNF-013028,August Complex,CA-MNF-013028_seg_01349,2020-08-28,train,13.0,1455.6,2022.5,0.189,0.222,251.2,37.0,55.9,0.561,1682.4,Dozer Line,6.5,Brush,1,Held
CA-MNF-013028,August Complex,CA-MNF-013028_seg_01350,2020-08-28,train,33.6,1041.1,339.9,0.829,0.251,233.0,96.7,46.3,0.691,-1151.6,Road as Line,9.0,Brush,0,Burned Over
CA-MNF-013028,August Complex,CA-MNF-013028_seg_01351,2020-08-28,train,41.5,1405.6,877.8,0.85,0.137,271.4,167.0,14.4,0.968,-652.7,Road as Line,9.0,Brush,1,Held
CA-MNF-013028,August Complex,CA-MNF-013028_seg_01352,2020-08-28,train,33.2,210.4,926.4,0.78,0.169,237.4,107.1,40.2,0.764,-476.9,Dozer Line,6.5,Brush,0,Burned Over
CA-MNF-013028,August Complex,CA-MNF-013028_seg_01353,2020-08-28,train,16.1,1261.7,525.0,0.404,0.358,254.6,98.7,65.9,0.408,-201.9,Dozer Line,6.5,Brush,1,Held
CA-MNF-013028,August Complex,CA-MNF-013028_seg_01354,2020-08-28,train,22.5,1417.1,539.5,0.805,0.222,231.9,112.4,29.5,0.87,-910.3,Road as Line,9.0,Brush,1,Held
CA-MNF-013028,August Complex,CA-MNF-013028_seg_01355,2020-08-28,train,17.7,1208.4,607.0,0.777,0.281,251.8,99.7,62.1,0.467,-792.0,Dozer Line,6.5,Brush,0,Burned Over
CA-MNF-013028,August Complex,CA-MNF-013028_seg_01356,2020-08-28,train,30.0,1583.1,527.2,0.835,0.227,236.1,176.2,30.1,0.865,-975.8,Dozer Line,6.5,Brush,0,Burned Over
CA-MNF-013028,August Complex,CA-MNF-013028_seg_01357,2020-08-28,train,27.6,1214.1,477.4,0.85,0.179,235.5,19.3,53.8,0.591,-1052.2,Dozer Line,6.5,Brush,1,Held
CA-MNF-013028,August Complex,CA-MNF-013028_seg_01358,2020-08-28,train,29.0,1580.8,1762.6,0.526,0.294,224.3,79.7,54.7,0.578,815.2,Dozer Line,6.5,Brush,1,Held
CA-MNF-013028,August Complex,CA-MNF-013028_seg_01359,2020-08-28,train,22.8,482.9,616.5,0.766,0.294,217.3,94.3,33.0,0.838,-761.6,Road as Line,9.0,Brush,1,Held
CA-MNF-013028,August Complex,CA-MNF-013028_seg_01360,2020-08-28,train,13.7,663.2,2011.8,0.183,0.18,249.6,68.0,88.4,0.029,1682.2,Dozer Line,6.5,Brush,1,Held
CA-MNF-013028,August Complex,CA-MNF-013028_seg_01361,2020-08-28,train,16.0,781.7,3435.0,0.141,0.152,246.2,4.4,28.2,0.881,3180.8,Road as Line,9.0,Brush,1,Held
CA-MNF-013028,August Complex,CA-MNF-013028_seg_01362,2020-08-28,train,29.1,801.8,3028.8,0.205,0.168,258.0,130.4,37.6,0.792,2660.0,Dozer Line,6.5,Brush,1,Held
CA-MNF-013028,August Complex,CA-MNF-013028_seg_01363,2020-08-28,train,37.4,1436.1,1246.9,0.5,0.445,259.3,116.1,53.2,0.599,347.1,Dozer Line,6.5,Brush,1,Held
CA-MNF-013028,August Complex,CA-MNF-013028_seg_01364,2020-08-28,train,20.0,1233.1,211.6,0.8,0.2,285.7,125.2,70.6,0.332,-1228.8,Dozer Line,6.5,Brush,1,Held
CA-MNF-013028,August Complex,CA-MNF-013028_seg_01365,2020-08-28,train,18.7,1318.1,1032.0,0.473,0.212,246.0,56.1,80.1,0.172,180.5,Road as Line,9.0,Brush,1,Held
CA-MNF-013028,August Complex,CA-MNF-013028_seg_01366,2020-08-28,train,20.0,1303.2,3567.1,0.039,0.06,256.6,98.6,68.0,0.375,3497.3,Dozer Line,6.5,Brush,1,Held
CA-MNF-013028,August Complex,CA-MNF-013028_seg_01367,2020-08-28,train,31.9,1618.5,309.1,0.743,0.291,212.1,32.2,89.9,0.001,-1029.0,Dozer Line,6.5,Brush,1,Held
CA-MNF-013028,August Complex,CA-MNF-013028_seg_01368,2020-08-28,train,23.0,1787.3,1014.0,0.663,0.192,268.5,137.9,40.6,0.76,-178.9,Dozer Line,6.5,Brush,1,Held
CA-MNF-013028,August Complex,CA-MNF-013028_seg_01369,2020-08-28,train,35.2,1569.2,1173.6,0.817,0.146,242.3,150.2,2.1,0.999,-296.8,Dozer Line,6.5,Brush,0,Burned Over
CA-MNF-013028,August Complex,CA-MNF-013028_seg_01370,2020-08-28,train,18.6,1103.7,150.7,0.814,0.224,210.3,67.9,52.3,0.611,-1313.7,Dozer Line,6.5,Brush,1,Held
CA-MNF-013028,August Complex,CA-MNF-013028_seg_01371,2020-08-28,train,18.4,215.6,674.2,0.612,0.368,219.9,169.8,39.9,0.767,-427.2,Road as Line,9.0,Brush,1,Held
CA-MNF-013028,August Complex,CA-MNF-013028_seg_01372,2020-08-28,train,21.8,688.1,428.2,0.79,0.182,229.5,144.9,5.4,0.996,-994.7,Road as Line,9.0,Brush,1,Held
CA-MNF-013028,August Complex,CA-MNF-013028_seg_01373,2020-08-28,train,27.6,886.8,169.4,0.766,0.17,218.8,35.8,87.0,0.053,-1210.0,Completed Hand Line,2.0,Brush,0,Burned Over
CA-MNF-013028,August Complex,CA-MNF-013028_seg_01374,2020-08-28,train,15.9,924.2,169.8,0.793,0.211,248.1,44.0,65.9,0.408,-1258.3,Dozer Line,6.5,Brush,0,Burned Over
CA-MNF-013028,August Complex,CA-MNF-013028_seg_01375,2020-08-28,train,24.1,746.7,3691.5,0.057,0.059,281.1,9.2,1.9,0.999,3589.3,Dozer Line,6.5,Brush,1,Held
CA-MNF-013028,August Complex,CA-MNF-013028_seg_01376,2020-08-28,train,14.1,887.3,675.8,0.692,0.37,222.3,107.7,24.6,0.909,-569.6,Completed Hand Line,2.0,Brush,0,Burned Over
CA-MNF-013028,August Complex,CA-MNF-013028_seg_01377,2020-08-28,train,41.1,1374.9,5000.0,0.053,0.054,264.2,29.9,35.7,0.812,4904.6,Dozer Line,6.5,Brush,1,Held
CA-MNF-013028,August Complex,CA-MNF-013028_seg_01378,2020-08-28,train,23.4,1451.7,890.1,0.699,0.179,233.2,143.7,0.5,1.0,-367.3,Dozer Line,6.5,Brush,1,Held
CA-MNF-013028,August Complex,CA-MNF-013028_seg_01379,2020-08-28,train,23.2,507.4,1963.2,0.277,0.174,241.5,6.5,35.0,0.82,1463.7,Completed Hand Line,2.0,Brush,1,Held
CA-MNF-013028,August Complex,CA-MNF-013028_seg_01380,2020-08-28,train,13.8,899.3,522.9,0.793,0.147,272.8,130.1,52.8,0.605,-904.3,Dozer Line,6.5,Brush,1,Held
CA-MNF-013028,August Complex,CA-MNF-013028_seg_01381,2020-08-28,train,43.1,817.0,1160.8,0.68,0.207,212.5,35.0,87.5,0.044,-62.8,Dozer Line,6.5,Brush,1,Held
CA-MNF-013028,August Complex,CA-MNF-013028_seg_01382,2020-08-28,train,22.0,1229.6,520.3,0.812,0.194,237.6,154.6,6.9,0.993,-941.4,Completed Hand Line,2.0,Brush,0,Burned Over
CA-MNF-013028,August Complex,CA-MNF-013028_seg_01383,2020-08-28,train,26.8,1440.3,1301.0,0.606,0.419,283.7,161.9,31.8,0.85,210.1,Dozer Line,6.5,Brush,0,Burned Over
CA-MNF-013028,August Complex,CA-MNF-013028_seg_01384,2020-08-28,train,14.6,1223.4,1047.7,0.454,0.345,226.2,119.7,16.5,0.959,230.2,Road as Line,9.0,Brush,1,Held
CA-MNF-013028,August Complex,CA-MNF-013028_seg_01385,2020-08-28,train,38.5,1119.0,531.3,0.697,0.374,260.7,78.1,87.4,0.046,-723.6,Completed Hand Line,2.0,Brush,1,Held
CA-MNF-013028,August Complex,CA-MNF-013028_seg_01386,2020-08-28,train,15.4,1186.2,1121.7,0.55,0.435,252.9,148.3,14.5,0.968,132.3,Dozer Line,6.5,Brush,1,Held
CA-MNF-013028,August Complex,CA-MNF-013028_seg_01387,2020-08-28,train,19.8,779.2,802.2,0.753,0.179,241.0,133.7,17.3,0.955,-553.9,Dozer Line,6.5,Brush,0,Burned Over
CA-MNF-013028,August Complex,CA-MNF-013028_seg_01388,2020-08-28,train,39.4,812.8,2175.3,0.343,0.187,257.8,78.4,89.4,0.01,1558.0,Completed Hand Line,2.0,Brush,1,Held
CA-MNF-013028,August Complex,CA-MNF-013028_seg_01389,2020-08-28,train,14.8,1395.3,1215.3,0.585,0.264,212.8,172.5,49.7,0.646,161.5,Road as Line,9.0,Brush,1,Held
CA-MNF-013028,August Complex,CA-MNF-013028_seg_01390,2020-08-28,train,29.7,941.4,252.8,0.854,0.167,245.7,14.9,39.2,0.775,-1284.5,Dozer Line,6.5,Brush,0,Burned Over
CA-MNF-013028,August Complex,CA-MNF-013028_seg_01391,2020-08-28,train,9.9,1280.5,152.5,0.823,0.259,249.7,178.5,18.8,0.947,-1329.5,Dozer Line,6.5,Brush,0,Burned Over
CA-MNF-013028,August Complex,CA-MNF-013028_seg_01392,2020-08-28,train,31.2,815.5,2830.6,0.256,0.263,242.3,7.3,35.0,0.819,2370.3,Completed Hand Line,2.0,Brush,0,Burned Over
CA-MNF-013028,August Complex,CA-MNF-013028_seg_01393,2020-08-28,train,27.1,1175.8,5000.0,0.014,0.019,265.9,70.4,74.4,0.269,4974.9,Dozer Line,6.5,Brush,1,Held
CA-MNF-013028,August Complex,CA-MNF-013028_seg_01394,2020-08-28,train,26.9,1538.6,1387.6,0.391,0.335,242.2,46.8,74.6,0.266,683.3,Road as Line,9.0,Brush,1,Held
CA-MNF-013028,August Complex,CA-MNF-013028_seg_01395,2020-08-28,train,10.1,825.5,683.2,0.68,0.328,228.3,145.8,7.5,0.991,-540.8,Dozer Line,6.5,Brush,1,Held
CA-MNF-013028,August Complex,CA-MNF-013028_seg_01396,2020-08-28,train,21.3,1399.7,480.4,0.675,0.193,251.9,58.8,76.9,0.227,-735.3,Road as Line,9.0,Brush,1,Held
CA-MNF-013028,August Complex,CA-MNF-013028_seg_01397,2020-08-28,train,23.6,911.1,1915.5,0.261,0.293,235.0,13.2,48.3,0.666,1446.0,Dozer Line,6.5,Brush,1,Held
CA-MNF-013028,August Complex,CA-MNF-013028_seg_01398,2020-08-28,train,18.0,1515.1,3475.9,0.089,0.068,250.7,105.8,54.9,0.575,3315.3,Dozer Line,6.5,Brush,1,Held
CA-MNF-013028,August Complex,CA-MNF-013028_seg_01399,2020-08-28,train,25.5,1772.2,397.8,0.68,0.261,215.7,45.4,80.3,0.168,-825.4,Road as Line,9.0,Brush,1,Held
CA-MNF-013028,August Complex,CA-MNF-013028_seg_01400,2020-08-28,train,42.8,675.8,603.6,0.723,0.3,267.3,76.0,78.7,0.196,-698.0,Dozer Line,6.5,Brush,0,Burned Over
CA-MNF-013028,August Complex,CA-MNF-013028_seg_01401,2020-08-28,train,27.2,750.9,342.4,0.84,0.189,256.1,177.9,11.8,0.979,-1169.1,Completed Hand Line,2.0,Brush,0,Burned Over
CA-MNF-013028,August Complex,CA-MNF-013028_seg_01402,2020-08-28,train,29.6,577.4,1641.1,0.416,0.195,251.0,113.7,47.3,0.678,891.9,Dozer Line,6.5,Brush,1,Held
CA-MNF-013028,August Complex,CA-MNF-013028_seg_01403,2020-08-28,train,29.9,1176.2,1750.6,0.563,0.416,220.4,118.6,11.8,0.979,737.7,Completed Hand Line,2.0,Brush,0,Burned Over
CA-MNF-013028,August Complex,CA-MNF-013028_seg_01404,2020-08-28,train,30.8,314.4,878.3,0.706,0.278,240.1,144.1,6.1,0.994,-392.3,Road as Line,9.0,Brush,1,Held
CA-MNF-013028,August Complex,CA-MNF-013028_seg_01405,2020-08-28,train,29.0,689.4,922.1,0.563,0.422,278.2,142.5,45.7,0.699,-91.1,Road as Line,9.0,Brush,1,Held
CA-MNF-013028,August Complex,CA-MNF-013028_seg_01406,2020-08-28,train,16.7,778.4,1416.9,0.388,0.405,259.0,54.1,65.0,0.422,718.9,Dozer Line,6.5,Brush,1,Held
CA-MNF-013028,August Complex,CA-MNF-013028_seg_01407,2020-08-28,train,27.6,1934.7,757.0,0.843,0.212,199.3,80.9,28.5,0.879,-760.3,Dozer Line,6.5,Brush,0,Burned Over
CA-MNF-013028,August Complex,CA-MNF-013028_seg_01408,2020-08-28,train,27.3,742.1,2049.5,0.362,0.324,234.1,171.5,27.4,0.888,1397.2,Dozer Line,6.5,Brush,1,Held
CA-MNF-013028,August Complex,CA-MNF-013028_seg_01409,2020-08-28,train,15.7,947.5,471.2,0.76,0.206,270.6,20.9,20.3,0.938,-897.3,Dozer Line,6.5,Brush,1,Held
CA-MNF-013028,August Complex,CA-MNF-013028_seg_01410,2020-08-28,train,28.2,1543.0,175.1,0.93,0.068,267.8,170.4,7.4,0.992,-1499.8,Road as Line,9.0,Brush,0,Burned Over
CA-MNF-013028,August Complex,CA-MNF-013028_seg_01411,2020-08-28,train,18.6,1296.4,273.2,0.77,0.238,260.7,29.5,38.8,0.779,-1112.7,Dozer Line,6.5,Brush,0,Burned Over
CA-MNF-013028,August Complex,CA-MNF-013028_seg_01412,2020-08-28,train,9.4,1579.2,478.6,0.558,0.43,251.4,0.6,19.2,0.944,-526.5,Completed Hand Line,2.0,Brush,1,Held
CA-MNF-013028,August Complex,CA-MNF-013028_seg_01413,2020-08-28,train,32.6,1531.1,901.3,0.833,0.15,266.4,140.3,36.1,0.808,-597.6,Dozer Line,6.5,Brush,0,Burned Over
CA-MNF-013028,August Complex,CA-MNF-013028_seg_01414,2020-08-28,train,25.8,927.2,1700.6,0.47,0.441,268.6,170.1,8.5,0.989,853.8,Road as Line,9.0,Brush,1,Held
CA-MNF-013028,August Complex,CA-MNF-013028_seg_01415,2020-08-28,train,31.2,867.4,409.1,0.775,0.201,278.6,124.1,64.5,0.431,-985.3,Dozer Line,6.5,Brush,0,Burned Over
CA-MNF-013028,August Complex,CA-MNF-013028_seg_01416,2020-08-28,train,28.5,1433.8,436.5,0.907,0.132,255.5,146.1,19.3,0.944,-1196.5,Road as Line,9.0,Brush,0,Burned Over
CA-MNF-013028,August Complex,CA-MNF-013028_seg_01417,2020-08-28,train,35.0,1174.5,968.4,0.739,0.279,247.6,164.3,6.7,0.993,-361.0,Dozer Line,6.5,Brush,1,Held
CA-MNF-013028,August Complex,CA-MNF-013028_seg_01418,2020-08-28,train,22.2,1427.9,3410.3,0.072,0.109,232.7,177.8,35.1,0.818,3280.6,Completed Hand Line,2.0,Brush,1,Held
CA-MNF-013028,August Complex,CA-MNF-013028_seg_01419,2020-08-28,train,11.9,1359.5,298.6,0.71,0.37,260.4,101.1,69.3,0.353,-978.9,Road as Line,9.0,Brush,1,Held
CA-MNF-013028,August Complex,CA-MNF-013028_seg_01420,2020-08-28,train,25.5,1750.9,598.9,0.578,0.405,252.3,57.1,74.8,0.263,-441.9,Dozer Line,6.5,Brush,0,Burned Over
CA-SHU-007808,Carr Fire,CA-SHU-007808_seg_00001,2018-07-27,train,23.7,540.8,349.3,0.859,0.106,119.0,68.3,39.4,0.773,-1196.3,Dozer Line,6.5,Timber,1,Held
CA-SHU-007808,Carr Fire,CA-SHU-007808_seg_00002,2018-07-27,train,20.6,438.1,626.6,0.571,0.424,120.4,176.6,33.8,0.831,-401.6,Road as Line,9.0,Timber,1,Held
CA-SHU-007808,Carr Fire,CA-SHU-007808_seg_00003,2018-07-27,train,22.5,566.5,2781.5,0.265,0.311,135.7,60.1,14.4,0.969,2305.3,Dozer Line,6.5,Timber,1,Held
CA-SHU-007808,Carr Fire,CA-SHU-007808_seg_00004,2018-07-27,train,15.9,236.4,2152.9,0.233,0.266,105.0,154.7,40.3,0.762,1733.4,Dozer Line,6.5,Timber,1,Held
CA-SHU-007808,Carr Fire,CA-SHU-007808_seg_00005,2018-07-27,train,10.8,688.0,3163.6,0.131,0.122,104.3,7.3,7.0,0.993,2927.4,Dozer Line,6.5,Timber,1,Held
CA-SHU-007808,Carr Fire,CA-SHU-007808_seg_00006,2018-07-27,train,17.0,377.3,910.1,0.631,0.248,113.9,85.9,61.9,0.471,-225.2,Dozer Line,6.5,Timber,1,Held
CA-SHU-007808,Carr Fire,CA-SHU-007808_seg_00007,2018-07-27,train,21.4,545.1,1160.0,0.421,0.199,148.9,116.7,57.8,0.532,401.5,Dozer Line,6.5,Timber,1,Held
CA-SHU-007808,Carr Fire,CA-SHU-007808_seg_00008,2018-07-27,train,14.8,796.6,5000.0,0.013,0.014,154.3,91.7,27.4,0.888,4976.6,Road as Line,9.0,Timber,1,Held
CA-SHU-007808,Carr Fire,CA-SHU-007808_seg_00009,2018-07-27,train,18.2,389.8,1469.1,0.646,0.262,138.7,38.0,10.7,0.983,306.3,Dozer Line,6.5,Timber,0,Burned Over
CA-SHU-007808,Carr Fire,CA-SHU-007808_seg_00010,2018-07-27,train,24.9,418.1,309.8,0.86,0.156,104.6,154.1,40.5,0.76,-1237.9,Completed Hand Line,2.0,Timber,0,Burned Over
CA-SHU-007808,Carr Fire,CA-SHU-007808_seg_00011,2018-07-27,train,23.2,448.3,1378.7,0.676,0.204,151.7,33.2,28.6,0.878,162.0,Dozer Line,6.5,Timber,0,Burned Over
CA-SHU-007808,Carr Fire,CA-SHU-007808_seg_00012,2018-07-27,train,6.9,417.9,445.3,0.625,0.34,155.3,23.9,41.4,0.75,-680.1,Road as Line,9.0,Timber,1,Held
CA-SHU-007808,Carr Fire,CA-SHU-007808_seg_00013,2018-07-27,train,22.4,545.8,1696.2,0.306,0.239,138.9,26.0,23.0,0.921,1146.2,Dozer Line,6.5,Timber,1,Held
CA-SHU-007808,Carr Fire,CA-SHU-007808_seg_00014,2018-07-27,train,20.9,336.8,428.0,0.759,0.303,105.6,114.3,81.3,0.151,-938.1,Road as Line,9.0,Timber,0,Burned Over
CA-SHU-007808,Carr Fire,CA-SHU-007808_seg_00015,2018-07-27,train,21.3,323.3,357.2,0.672,0.342,137.4,78.0,30.6,0.861,-851.5,Dozer Line,6.5,Timber,1,Held
CA-SHU-007808,Carr Fire,CA-SHU-007808_seg_00016,2018-07-27,train,25.4,416.0,1908.7,0.481,0.216,96.6,31.9,25.3,0.904,1043.7,Dozer Line,6.5,Timber,1,Held
CA-SHU-007808,Carr Fire,CA-SHU-007808_seg_00017,2018-07-27,train,34.2,559.1,4122.8,0.067,0.077,127.2,151.1,66.1,0.405,4002.6,Dozer Line,6.5,Timber,1,Held
CA-SHU-007808,Carr Fire,CA-SHU-007808_seg_00018,2018-07-27,train,34.6,54.8,1382.3,0.679,0.255,139.7,99.3,49.6,0.648,159.5,Dozer Line,6.5,Timber,1,Held
CA-SHU-007808,Carr Fire,CA-SHU-007808_seg_00019,2018-07-27,train,18.3,295.7,228.0,0.819,0.252,139.2,72.7,23.5,0.917,-1245.7,Dozer Line,6.5,Timber,0,Burned Over
CA-SHU-007808,Carr Fire,CA-SHU-007808_seg_00020,2018-07-27,train,12.4,771.8,3249.2,0.061,0.102,154.8,103.4,38.6,0.781,3139.0,Dozer Line,6.5,Timber,1,Held
CA-SHU-007808,Carr Fire,CA-SHU-007808_seg_00021,2018-07-27,train,9.6,365.3,151.8,0.731,0.218,133.3,102.2,58.9,0.517,-1164.1,Road as Line,9.0,Timber,1,Held
CA-SHU-007808,Carr Fire,CA-SHU-007808_seg_00022,2018-07-27,train,13.2,232.8,4032.4,0.013,0.016,112.8,120.6,82.2,0.136,4008.3,Road as Line,9.0,Timber,1,Held
CA-SHU-007808,Carr Fire,CA-SHU-007808_seg_00023,2018-07-27,train,13.1,556.0,1062.4,0.457,0.338,108.8,136.6,62.2,0.467,239.1,Road as Line,9.0,Timber,1,Held
CA-SHU-007808,Carr Fire,CA-SHU-007808_seg_00024,2018-07-27,train,34.9,492.3,788.0,0.836,0.203,137.8,36.9,10.9,0.982,-716.3,Completed Hand Line,2.0,Timber,0,Burned Over
CA-SHU-007808,Carr Fire,CA-SHU-007808_seg_00025,2018-07-27,train,13.4,440.5,505.6,0.655,0.405,147.9,17.4,40.4,0.761,-673.3,Road as Line,9.0,Timber,0,Burned Over
CA-SHU-007808,Carr Fire,CA-SHU-007808_seg_00026,2018-07-27,train,29.1,789.8,267.8,0.857,0.19,129.9,110.1,70.2,0.339,-1274.2,Completed Hand Line,2.0,Timber,0,Burned Over
CA-SHU-007808,Carr Fire,CA-SHU-007808_seg_00027,2018-07-27,train,23.8,431.6,1715.3,0.266,0.35,150.7,136.3,75.6,0.249,1236.8,Road as Line,9.0,Timber,1,Held
CA-SHU-007808,Carr Fire,CA-SHU-007808_seg_00028,2018-07-27,train,18.9,320.1,150.1,0.48,0.388,114.6,103.6,79.1,0.19,-714.1,Dozer Line,6.5,Timber,1,Held
CA-SHU-007808,Carr Fire,CA-SHU-007808_seg_00029,2018-07-27,train,17.7,682.7,406.6,0.573,0.207,136.4,120.1,73.7,0.281,-625.5,Dozer Line,6.5,Timber,1,Held
CA-SHU-007808,Carr Fire,CA-SHU-007808_seg_00030,2018-07-27,train,21.7,432.1,1306.8,0.648,0.347,161.5,80.9,9.4,0.987,139.9,Dozer Line,6.5,Timber,0,Burned Over
CA-SHU-007808,Carr Fire,CA-SHU-007808_seg_00031,2018-07-27,train,11.7,547.2,2302.2,0.165,0.134,140.5,123.8,73.3,0.288,2005.5,Dozer Line,6.5,Timber,1,Held
CA-SHU-007808,Carr Fire,CA-SHU-007808_seg_00032,2018-07-27,train,20.6,383.5,241.2,0.875,0.164,111.6,28.4,6.7,0.993,-1333.4,Dozer Line,6.5,Timber,0,Burned Over
CA-SHU-007808,Carr Fire,CA-SHU-007808_seg_00033,2018-07-27,train,12.4,615.0,1224.9,0.276,0.226,155.8,162.2,83.6,0.111,728.3,Dozer Line,6.5,Timber,1,Held
CA-SHU-007808,Carr Fire,CA-SHU-007808_seg_00034,2018-07-27,train,14.3,383.1,376.7,0.688,0.239,141.2,80.8,29.6,0.87,-862.0,Road as Line,9.0,Timber,0,Burned Over
CA-SHU-007808,Carr Fire,CA-SHU-007808_seg_00035,2018-07-27,train,14.5,511.0,1927.0,0.359,0.318,121.5,53.2,21.7,0.929,1281.4,Road as Line,9.0,Timber,1,Held
CA-SHU-007808,Carr Fire,CA-SHU-007808_seg_00036,2018-07-27,train,9.2,431.9,1135.4,0.56,0.373,107.2,154.3,42.9,0.733,128.1,Road as Line,9.0,Timber,1,Held
CA-SHU-007808,Carr Fire,CA-SHU-007808_seg_00037,2018-07-27,train,8.9,679.1,212.5,0.708,0.181,145.8,43.3,12.5,0.976,-1061.2,Dozer Line,6.5,Timber,1,Held
CA-SHU-007808,Carr Fire,CA-SHU-007808_seg_00038,2018-07-27,train,22.5,566.5,2263.1,0.326,0.36,152.3,98.8,36.5,0.804,1676.0,Dozer Line,6.5,Timber,1,Held
CA-SHU-007808,Carr Fire,CA-SHU-007808_seg_00039,2018-07-27,train,21.4,536.2,808.1,0.648,0.356,124.5,79.6,45.1,0.706,-359.2,Dozer Line,6.5,Timber,0,Burned Over
CA-SHU-007808,Carr Fire,CA-SHU-007808_seg_00040,2018-07-27,train,20.8,425.5,183.2,0.819,0.239,127.7,2.1,35.7,0.812,-1291.0,Dozer Line,6.5,Timber,0,Burned Over
CA-SHU-007808,Carr Fire,CA-SHU-007808_seg_00041,2018-07-27,train,9.1,535.1,403.5,0.695,0.336,138.7,14.9,33.8,0.831,-847.2,Dozer Line,6.5,Timber,0,Burned Over
CA-SHU-007808,Carr Fire,CA-SHU-007808_seg_00042,2018-07-27,train,8.1,447.6,5000.0,0.007,0.012,118.5,129.5,79.0,0.19,4986.7,Dozer Line,6.5,Timber,1,Held
CA-SHU-007808,Carr Fire,CA-SHU-007808_seg_00043,2018-07-27,train,27.5,572.0,1473.7,0.61,0.315,114.1,26.6,2.6,0.999,375.8,Road as Line,9.0,Timber,1,Held
CA-SHU-007808,Carr Fire,CA-SHU-007808_seg_00044,2018-07-27,train,29.8,389.2,722.6,0.76,0.151,150.7,7.6,53.0,0.601,-646.1,Dozer Line,6.5,Timber,1,Held
CA-SHU-007808,Carr Fire,CA-SHU-007808_seg_00045,2018-07-27,train,26.4,454.6,688.3,0.734,0.235,105.5,61.5,45.9,0.696,-632.6,Dozer Line,6.5,Timber,1,Held
CA-SHU-007808,Carr Fire,CA-SHU-007808_seg_00046,2018-07-27,train,24.7,434.3,1449.3,0.665,0.353,105.2,57.9,42.7,0.735,252.5,Dozer Line,6.5,Timber,1,Held
CA-SHU-007808,Carr Fire,CA-SHU-007808_seg_00047,2018-07-27,train,17.1,408.0,783.5,0.618,0.335,145.8,37.4,18.4,0.949,-329.2,Road as Line,9.0,Timber,1,Held
CA-SHU-007808,Carr Fire,CA-SHU-007808_seg_00048,2018-07-27,train,4.7,171.3,395.1,0.571,0.207,144.5,166.4,68.1,0.373,-633.4,Dozer Line,6.5,Timber,1,Held
CA-SHU-007808,Carr Fire,CA-SHU-007808_seg_00049,2018-07-27,train,26.2,612.9,156.0,0.755,0.307,119.1,95.3,66.2,0.404,-1202.8,Dozer Line,6.5,Timber,0,Burned Over
CA-SHU-007808,Carr Fire,CA-SHU-007808_seg_00050,2018-07-27,train,14.9,646.6,1882.0,0.33,0.236,122.8,68.1,35.2,0.817,1287.1,Dozer Line,6.5,Timber,1,Held
CA-SHU-007808,Carr Fire,CA-SHU-007808_seg_00051,2018-07-27,train,14.4,339.7,1166.7,0.451,0.299,114.3,30.8,6.5,0.994,354.8,Dozer Line,6.5,Timber,1,Held
CA-SHU-007808,Carr Fire,CA-SHU-007808_seg_00052,2018-07-27,train,11.5,414.5,1051.7,0.402,0.379,133.9,130.5,86.7,0.058,328.1,Dozer Line,6.5,Timber,1,Held
CA-SHU-007808,Carr Fire,CA-SHU-007808_seg_00053,2018-07-27,train,40.9,317.9,675.6,0.767,0.298,130.1,70.2,30.1,0.865,-704.9,Dozer Line,6.5,Timber,0,Burned Over
CA-SHU-007808,Carr Fire,CA-SHU-007808_seg_00054,2018-07-27,train,12.5,376.2,567.5,0.625,0.193,172.6,123.0,40.4,0.762,-557.0,Dozer Line,6.5,Timber,1,Held
CA-SHU-007808,Carr Fire,CA-SHU-007808_seg_00055,2018-07-27,train,25.5,422.2,2173.1,0.225,0.274,85.3,103.6,71.7,0.315,1768.7,Road as Line,9.0,Timber,1,Held
CA-SHU-007808,Carr Fire,CA-SHU-007808_seg_00056,2018-07-27,train,19.0,337.1,633.4,0.604,0.39,152.1,176.8,65.2,0.419,-454.7,Dozer Line,6.5,Timber,1,Held
CA-SHU-007808,Carr Fire,CA-SHU-007808_seg_00057,2018-07-27,train,16.5,426.0,477.5,0.548,0.388,141.9,153.5,78.3,0.202,-508.3,Dozer Line,6.5,Timber,1,Held
CA-SHU-007808,Carr Fire,CA-SHU-007808_seg_00058,2018-07-27,train,30.5,337.6,451.0,0.871,0.101,135.9,71.0,25.2,0.905,-1116.8,Dozer Line,6.5,Timber,0,Burned Over
CA-SHU-007808,Carr Fire,CA-SHU-007808_seg_00059,2018-07-27,train,9.2,502.5,415.7,0.405,0.24,106.5,109.2,87.3,0.047,-313.0,Dozer Line,6.5,Timber,1,Held
CA-SHU-007808,Carr Fire,CA-SHU-007808_seg_00060,2018-07-27,train,35.4,506.6,1692.0,0.386,0.335,173.1,153.9,70.8,0.329,997.5,Dozer Line,6.5,Timber,1,Held
CA-SHU-007808,Carr Fire,CA-SHU-007808_seg_00061,2018-07-27,train,24.7,296.2,777.5,0.46,0.42,92.2,90.1,87.9,0.036,-50.6,Dozer Line,6.5,Timber,1,Held
CA-SHU-007808,Carr Fire,CA-SHU-007808_seg_00062,2018-07-27,train,19.0,494.0,1959.5,0.4,0.335,138.0,19.2,28.8,0.877,1239.5,Completed Hand Line,2.0,Timber,1,Held
CA-SHU-007808,Carr Fire,CA-SHU-007808_seg_00063,2018-07-27,train,21.2,173.8,550.3,0.795,0.248,140.0,47.5,2.5,0.999,-881.6,Dozer Line,6.5,Timber,1,Held
CA-SHU-007808,Carr Fire,CA-SHU-007808_seg_00064,2018-07-27,train,26.5,489.0,322.5,0.705,0.181,146.1,142.6,86.4,0.062,-945.7,Dozer Line,6.5,Timber,1,Held
CA-SHU-007808,Carr Fire,CA-SHU-007808_seg_00065,2018-07-27,train,28.7,398.6,757.0,0.784,0.235,92.2,40.7,38.4,0.783,-653.7,Road as Line,9.0,Timber,1,Held
CA-SHU-007808,Carr Fire,CA-SHU-007808_seg_00066,2018-07-27,train,1.0,377.4,995.9,0.455,0.281,149.6,109.2,49.6,0.649,177.4,Dozer Line,6.5,Timber,1,Held
CA-SHU-007808,Carr Fire,CA-SHU-007808_seg_00067,2018-07-27,train,4.1,330.6,1030.0,0.551,0.403,102.3,52.9,40.6,0.759,37.8,Road as Line,9.0,Timber,1,Held
CA-SHU-007808,Carr Fire,CA-SHU-007808_seg_00068,2018-07-27,train,19.4,269.6,2027.0,0.427,0.224,159.5,78.4,8.9,0.988,1258.6,Dozer Line,6.5,Timber,1,Held
CA-SHU-007808,Carr Fire,CA-SHU-007808_seg_00069,2018-07-27,train,20.4,563.7,1031.4,0.683,0.365,135.8,178.2,47.5,0.675,-198.3,Dozer Line,6.5,Timber,1,Held
CA-SHU-007808,Carr Fire,CA-SHU-007808_seg_00070,2018-07-27,train,26.3,562.6,1790.5,0.559,0.251,140.1,57.7,7.6,0.991,784.2,Road as Line,9.0,Timber,0,Burned Over
CA-SHU-007808,Carr Fire,CA-SHU-007808_seg_00071,2018-07-27,train,18.7,335.6,947.2,0.506,0.34,142.1,103.0,50.9,0.631,36.1,Completed Hand Line,2.0,Timber,0,Burned Over
CA-SHU-007808,Carr Fire,CA-SHU-007808_seg_00072,2018-07-27,train,13.2,523.0,297.7,0.831,0.224,121.5,173.4,38.2,0.786,-1198.6,Completed Hand Line,2.0,Timber,0,Burned Over
CA-SHU-007808,Carr Fire,CA-SHU-007808_seg_00073,2018-07-27,train,34.9,478.3,1751.2,0.549,0.251,109.9,164.3,35.6,0.813,762.7,Road as Line,9.0,Timber,1,Held
CA-SHU-007808,Carr Fire,CA-SHU-007808_seg_00074,2018-07-27,train,23.6,588.5,171.9,0.655,0.405,140.4,124.4,74.0,0.276,-1007.7,Dozer Line,6.5,Timber,1,Held
CA-SHU-007808,Carr Fire,CA-SHU-007808_seg_00075,2018-07-27,train,10.6,74.0,874.2,0.526,0.3,128.8,128.6,89.8,0.003,-72.6,Dozer Line,6.5,Timber,1,Held
CA-SHU-007808,Carr Fire,CA-SHU-007808_seg_00076,2018-07-27,train,24.3,228.7,2594.4,0.113,0.145,109.2,145.5,53.7,0.592,2390.4,Road as Line,9.0,Timber,1,Held
CA-SHU-007808,Carr Fire,CA-SHU-007808_seg_00077,2018-07-27,train,3.3,474.6,1036.3,0.571,0.338,151.4,16.1,45.3,0.704,7.7,Road as Line,9.0,Timber,1,Held
CA-SHU-007808,Carr Fire,CA-SHU-007808_seg_00078,2018-07-27,train,16.3,312.2,2770.0,0.101,0.151,97.9,139.0,48.9,0.658,2587.4,Completed Hand Line,2.0,Timber,1,Held
CA-SHU-007808,Carr Fire,CA-SHU-007808_seg_00079,2018-07-27,train,6.7,623.6,1969.8,0.212,0.227,133.5,40.1,3.3,0.998,1589.1,Completed Hand Line,2.0,Timber,1,Held
CA-SHU-007808,Carr Fire,CA-SHU-007808_seg_00080,2018-07-27,train,20.5,677.6,1376.8,0.614,0.401,109.9,27.9,8.0,0.99,270.9,Road as Line,9.0,Timber,1,Held
CA-SHU-007808,Carr Fire,CA-SHU-007808_seg_00081,2018-07-27,train,9.2,50.0,1269.9,0.63,0.398,116.5,41.1,14.6,0.968,136.8,Road as Line,9.0,Timber,1,Held
CA-SHU-007808,Carr Fire,CA-SHU-007808_seg_00082,2018-07-27,train,10.4,322.9,2199.6,0.227,0.201,129.7,3.1,36.5,0.804,1791.6,Dozer Line,6.5,Timber,0,Burned Over
CA-SHU-007808,Carr Fire,CA-SHU-007808_seg_00083,2018-07-27,train,13.0,640.1,186.5,0.671,0.266,141.8,78.1,26.4,0.896,-1021.6,Road as Line,9.0,Timber,1,Held
CA-SHU-007808,Carr Fire,CA-SHU-007808_seg_00084,2018-07-27,train,16.0,407.7,1170.9,0.504,0.431,114.2,99.1,74.9,0.26,264.6,Dozer Line,6.5,Timber,1,Held
CA-SHU-007808,Carr Fire,CA-SHU-007808_seg_00085,2018-07-27,train,27.7,726.6,1895.4,0.264,0.221,136.1,158.8,67.3,0.386,1420.9,Completed Hand Line,2.0,Timber,1,Held
CA-SHU-007808,Carr Fire,CA-SHU-007808_seg_00086,2018-07-27,train,11.0,480.9,1212.9,0.343,0.242,135.6,26.8,18.8,0.946,594.9,Road as Line,9.0,Timber,0,Burned Over
CA-SHU-007808,Carr Fire,CA-SHU-007808_seg_00087,2018-07-27,train,30.5,604.3,1472.1,0.64,0.393,103.0,0.2,12.8,0.975,320.2,Dozer Line,6.5,Timber,0,Burned Over
CA-SHU-007808,Carr Fire,CA-SHU-007808_seg_00088,2018-07-27,train,18.0,626.7,251.6,0.891,0.158,139.6,36.4,13.2,0.973,-1352.3,Road as Line,9.0,Timber,0,Burned Over
CA-SHU-007808,Carr Fire,CA-SHU-007808_seg_00089,2018-07-27,train,20.9,406.7,250.2,0.643,0.353,124.7,116.7,82.0,0.139,-907.5,Dozer Line,6.5,Timber,1,Held
CA-SHU-007808,Carr Fire,CA-SHU-007808_seg_00090,2018-07-27,train,15.2,368.4,852.9,0.506,0.382,120.6,104.8,74.3,0.271,-58.7,Dozer Line,6.5,Timber,1,Held
CA-SHU-007808,Carr Fire,CA-SHU-007808_seg_00091,2018-07-27,train,19.3,255.4,362.5,0.744,0.179,125.1,50.7,15.5,0.964,-976.3,Dozer Line,6.5,Timber,0,Burned Over
CA-SHU-007808,Carr Fire,CA-SHU-007808_seg_00092,2018-07-27,train,14.8,313.9,265.9,0.682,0.353,152.4,100.0,37.6,0.792,-961.4,Completed Hand Line,2.0,Timber,0,Burned Over
CA-SHU-007808,Carr Fire,CA-SHU-007808_seg_00093,2018-07-27,train,11.6,66.9,1954.7,0.193,0.23,176.5,12.0,74.5,0.268,1606.4,Dozer Line,6.5,Timber,1,Held
CA-SHU-007808,Carr Fire,CA-SHU-007808_seg_00094,2018-07-27,train,20.0,375.4,3365.1,0.206,0.164,101.0,23.9,12.9,0.975,2994.2,Completed Hand Line,2.0,Timber,1,Held
CA-SHU-007808,Carr Fire,CA-SHU-007808_seg_00095,2018-07-27,train,15.1,630.4,5000.0,0.009,0.008,155.2,36.9,28.3,0.881,4983.3,Dozer Line,6.5,Timber,1,Held
CA-SHU-007808,Carr Fire,CA-SHU-007808_seg_00096,2018-07-27,train,26.0,153.5,608.8,0.824,0.257,105.4,176.3,19.1,0.945,-875.1,Dozer Line,6.5,Timber,0,Burned Over
CA-SHU-007808,Carr Fire,CA-SHU-007808_seg_00097,2018-07-27,train,12.7,625.4,1227.4,0.485,0.344,128.2,55.3,17.1,0.956,354.3,Dozer Line,6.5,Timber,1,Held
CA-SHU-007808,Carr Fire,CA-SHU-007808_seg_00098,2018-07-27,train,22.9,769.9,552.2,0.824,0.215,150.7,77.6,16.9,0.957,-931.7,Road as Line,9.0,Timber,0,Burned Over
CA-SHU-007808,Carr Fire,CA-SHU-007808_seg_00099,2018-07-27,train,11.4,801.0,981.0,0.522,0.218,85.7,133.4,42.4,0.739,40.5,Road as Line,9.0,Timber,0,Burned Over
CA-SHU-007808,Carr Fire,CA-SHU-007808_seg_00100,2018-07-27,train,12.4,639.0,279.6,0.697,0.374,138.4,148.9,79.5,0.182,-975.3,Dozer Line,6.5,Timber,1,Held
CA-SHU-007808,Carr Fire,CA-SHU-007808_seg_00101,2018-07-27,train,19.7,158.6,469.7,0.695,0.355,96.5,109.2,77.4,0.219,-780.9,Dozer Line,6.5,Timber,0,Burned Over
CA-SHU-007808,Carr Fire,CA-SHU-007808_seg_00102,2018-07-27,train,29.9,570.2,185.5,0.943,0.095,134.4,57.3,12.9,0.975,-1511.5,Dozer Line,6.5,Timber,0,Burned Over
CA-SHU-007808,Carr Fire,CA-SHU-007808_seg_00103,2018-07-27,train,10.7,413.4,5000.0,0.007,0.008,100.3,122.5,67.7,0.379,4987.2,Completed Hand Line,2.0,Timber,1,Held
CA-SHU-007808,Carr Fire,CA-SHU-007808_seg_00104,2018-07-27,train,14.6,468.9,695.1,0.503,0.221,154.9,142.6,77.7,0.213,-210.2,Road as Line,9.0,Timber,1,Held
CA-SHU-007808,Carr Fire,CA-SHU-007808_seg_00105,2018-07-27,train,23.2,400.2,1512.6,0.495,0.284,128.1,178.6,39.6,0.771,622.5,Completed Hand Line,2.0,Timber,0,Burned Over
CA-SHU-007808,Carr Fire,CA-SHU-007808_seg_00106,2018-07-27,train,21.6,365.0,1414.3,0.525,0.342,137.2,13.1,34.1,0.828,469.3,Dozer Line,6.5,Timber,1,Held
CA-SHU-007808,Carr Fire,CA-SHU-007808_seg_00107,2018-07-27,train,17.7,407.6,1927.1,0.321,0.307,127.5,106.3,68.8,0.362,1348.6,Dozer Line,6.5,Timber,1,Held
CA-SHU-007808,Carr Fire,CA-SHU-007808_seg_00108,2018-07-27,train,33.2,656.9,632.2,0.783,0.26,156.6,6.8,59.8,0.502,-778.1,Road as Line,9.0,Timber,0,Burned Over
CA-SHU-007808,Carr Fire,CA-SHU-007808_seg_00109,2018-07-27,train,11.9,224.9,564.1,0.819,0.169,158.3,91.3,23.0,0.921,-909.4,Road as Line,9.0,Timber,0,Burned Over
CA-SHU-007808,Carr Fire,CA-SHU-007808_seg_00110,2018-07-27,train,13.8,361.6,1096.8,0.427,0.419,94.8,81.3,76.5,0.233,328.4,Road as Line,9.0,Timber,1,Held
CA-SHU-007808,Carr Fire,CA-SHU-007808_seg_00111,2018-07-27,train,34.3,614.9,744.1,0.904,0.126,141.4,72.3,20.9,0.934,-883.8,Dozer Line,6.5,Timber,0,Burned Over
CA-SHU-007808,Carr Fire,CA-SHU-007808_seg_00112,2018-07-27,train,1.0,537.5,1336.0,0.29,0.274,153.0,11.4,51.6,0.621,814.3,Dozer Line,6.5,Timber,1,Held
CA-SHU-007808,Carr Fire,CA-SHU-007808_seg_00113,2018-07-27,train,14.2,634.2,350.6,0.51,0.344,138.9,129.3,80.5,0.165,-568.1,Dozer Line,6.5,Timber,1,Held
CA-SHU-007808,Carr Fire,CA-SHU-007808_seg_00114,2018-07-27,train,16.6,183.2,1387.9,0.363,0.27,115.4,0.1,25.3,0.904,734.9,Road as Line,9.0,Timber,1,Held
CA-SHU-007808,Carr Fire,CA-SHU-007808_seg_00115,2018-07-27,train,9.1,653.8,1711.0,0.401,0.201,119.1,70.2,41.1,0.754,989.0,Road as Line,9.0,Timber,1,Held
CA-SHU-007808,Carr Fire,CA-SHU-007808_seg_00116,2018-07-27,train,30.8,583.9,524.9,0.79,0.209,140.0,153.4,76.6,0.232,-897.6,Dozer Line,6.5,Timber,1,Held
CA-SHU-007808,Carr Fire,CA-SHU-007808_seg_00117,2018-07-27,train,15.7,361.7,3784.9,0.033,0.053,116.7,44.4,17.7,0.953,3725.1,Road as Line,9.0,Timber,1,Held
CA-SHU-007808,Carr Fire,CA-SHU-007808_seg_00118,2018-07-27,train,15.3,660.7,1170.0,0.447,0.262,146.2,162.3,74.0,0.276,365.7,Road as Line,9.0,Timber,1,Held
CA-SHU-007808,Carr Fire,CA-SHU-007808_seg_00119,2018-07-27,train,6.2,470.8,385.1,0.511,0.442,148.7,167.8,70.9,0.327,-535.3,Dozer Line,6.5,Timber,1,Held
CA-SHU-007808,Carr Fire,CA-SHU-007808_seg_00120,2018-07-27,train,12.1,393.7,1541.7,0.515,0.435,161.8,109.4,37.6,0.792,614.8,Dozer Line,6.5,Timber,1,Held
CA-SHU-007808,Carr Fire,CA-SHU-007808_seg_00121,2018-07-27,train,20.9,706.0,3905.4,0.049,0.038,154.3,93.4,29.1,0.874,3817.0,Dozer Line,6.5,Timber,1,Held
CA-SHU-007808,Carr Fire,CA-SHU-007808_seg_00122,2018-07-27,train,13.9,508.1,1337.0,0.607,0.313,151.9,34.9,26.9,0.892,245.2,Dozer Line,6.5,Timber,1,Held
CA-SHU-007808,Carr Fire,CA-SHU-007808_seg_00123,2018-07-27,train,20.1,244.3,1034.6,0.537,0.266,122.6,8.4,24.1,0.913,67.3,Dozer Line,6.5,Timber,0,Burned Over
CA-SHU-007808,Carr Fire,CA-SHU-007808_seg_00124,2018-07-27,train,25.6,393.5,624.8,0.782,0.261,125.5,81.7,46.1,0.693,-782.2,Dozer Line,6.5,Timber,0,Burned Over
CA-SHU-007808,Carr Fire,CA-SHU-007808_seg_00125,2018-07-27,train,21.3,105.9,476.4,0.656,0.191,95.1,94.4,89.4,0.011,-704.0,Completed Hand Line,2.0,Timber,1,Held
CA-SHU-007808,Carr Fire,CA-SHU-007808_seg_00126,2018-07-27,train,8.1,365.7,3754.2,0.04,0.045,131.4,19.6,21.8,0.929,3681.5,Dozer Line,6.5,Timber,1,Held
CA-SHU-007808,Carr Fire,CA-SHU-007808_seg_00127,2018-07-27,train,26.4,623.5,224.4,0.803,0.202,128.8,85.1,46.3,0.691,-1221.2,Dozer Line,6.5,Timber,0,Burned Over
CA-SHU-007808,Carr Fire,CA-SHU-007808_seg_00128,2018-07-27,train,16.4,100.4,363.2,0.841,0.215,141.7,62.7,11.0,0.982,-1151.2,Road as Line,9.0,Timber,1,Held
CA-SHU-007808,Carr Fire,CA-SHU-007808_seg_00129,2018-07-27,train,31.3,310.2,2036.0,0.336,0.245,109.5,91.2,71.7,0.314,1430.9,Dozer Line,6.5,Timber,1,Held
CA-SHU-007808,Carr Fire,CA-SHU-007808_seg_00130,2018-07-27,train,30.2,295.8,1085.4,0.612,0.419,115.8,120.5,85.3,0.082,-16.0,Road as Line,9.0,Timber,1,Held
CA-SHU-007808,Carr Fire,CA-SHU-007808_seg_00131,2018-07-27,train,15.7,364.9,3954.2,0.016,0.026,174.3,23.2,61.1,0.483,3924.8,Dozer Line,6.5,Timber,1,Held
CA-SHU-007808,Carr Fire,CA-SHU-007808_seg_00132,2018-07-27,train,5.7,670.9,2091.1,0.276,0.289,119.9,7.7,22.2,0.926,1594.3,Dozer Line,6.5,Timber,1,Held
CA-SHU-007808,Carr Fire,CA-SHU-007808_seg_00133,2018-07-27,train,7.5,717.6,2077.2,0.117,0.083,135.1,148.9,76.3,0.238,1866.5,Dozer Line,6.5,Timber,1,Held
CA-SHU-007808,Carr Fire,CA-SHU-007808_seg_00134,2018-07-27,train,11.4,296.3,276.9,0.887,0.133,117.2,32.8,5.6,0.995,-1319.1,Dozer Line,6.5,Timber,0,Burned Over
CA-SHU-007808,Carr Fire,CA-SHU-007808_seg_00135,2018-07-27,train,19.6,238.6,5000.0,0.012,0.017,133.8,153.1,70.7,0.33,4978.0,Dozer Line,6.5,Timber,1,Held
CA-SHU-007808,Carr Fire,CA-SHU-007808_seg_00136,2018-07-27,train,19.7,462.0,1019.1,0.598,0.281,129.1,65.9,26.8,0.893,-56.7,Dozer Line,6.5,Timber,0,Burned Over
CA-SHU-007808,Carr Fire,CA-SHU-007808_seg_00137,2018-07-27,train,14.4,487.8,2183.7,0.157,0.114,128.9,97.8,58.9,0.517,1902.0,Dozer Line,6.5,Timber,1,Held
CA-SHU-007808,Carr Fire,CA-SHU-007808_seg_00138,2018-07-27,train,19.3,603.4,718.2,0.718,0.211,138.7,16.7,32.0,0.848,-575.1,Dozer Line,6.5,Timber,1,Held
CA-SHU-007808,Carr Fire,CA-SHU-007808_seg_00139,2018-07-27,train,19.4,411.2,915.6,0.702,0.263,121.5,29.7,1.8,1.0,-348.0,Road as Line,9.0,Timber,0,Burned Over
CA-SHU-007808,Carr Fire,CA-SHU-007808_seg_00140,2018-07-27,train,31.0,321.5,1335.8,0.629,0.388,110.6,65.4,44.8,0.71,204.0,Completed Hand Line,2.0,Timber,0,Burned Over
CA-SHU-007808,Carr Fire,CA-SHU-007808_seg_00141,2018-07-27,train,18.1,139.6,875.2,0.493,0.382,150.5,120.6,60.0,0.499,-11.9,Dozer Line,6.5,Timber,1,Held
CA-SHU-007808,Carr Fire,CA-SHU-007808_seg_00142,2018-07-27,train,20.5,365.1,228.5,0.747,0.3,124.9,84.4,49.5,0.65,-1115.2,Road as Line,9.0,Timber,0,Burned Over
CA-SHU-007808,Carr Fire,CA-SHU-007808_seg_00143,2018-07-27,train,14.8,891.2,623.1,0.691,0.292,142.3,166.7,65.6,0.414,-620.8,Road as Line,9.0,Timber,0,Burned Over
CA-SHU-007808,Carr Fire,CA-SHU-007808_seg_00144,2018-07-27,train,15.4,731.0,1434.9,0.343,0.233,105.4,143.9,51.5,0.622,817.8,Dozer Line,6.5,Timber,1,Held
CA-SHU-007808,Carr Fire,CA-SHU-007808_seg_00145,2018-07-27,train,8.8,290.0,1184.2,0.489,0.339,140.6,44.0,6.6,0.993,304.0,Dozer Line,6.5,Timber,1,Held
CA-SHU-007808,Carr Fire,CA-SHU-007808_seg_00146,2018-07-27,train,8.7,269.1,446.4,0.493,0.435,135.9,158.9,67.1,0.39,-440.2,Dozer Line,6.5,Timber,1,Held
CA-SHU-007808,Carr Fire,CA-SHU-007808_seg_00147,2018-07-27,train,6.2,565.8,1699.3,0.307,0.346,139.2,110.0,60.8,0.488,1146.0,Road as Line,9.0,Timber,1,Held
CA-SHU-007808,Carr Fire,CA-SHU-007808_seg_00148,2018-07-27,train,21.7,481.4,489.6,0.694,0.282,148.3,10.0,48.3,0.665,-758.9,Dozer Line,6.5,Timber,1,Held
CA-SHU-007808,Carr Fire,CA-SHU-007808_seg_00149,2018-07-27,train,14.7,576.8,1130.6,0.456,0.235,142.8,104.3,51.5,0.623,309.3,Road as Line,9.0,Timber,1,Held
CA-SHU-007808,Carr Fire,CA-SHU-007808_seg_00150,2018-07-27,train,11.2,498.6,2535.1,0.102,0.154,118.2,142.3,65.9,0.408,2351.6,Dozer Line,6.5,Timber,1,Held
CA-SHU-007808,Carr Fire,CA-SHU-007808_seg_00151,2018-07-27,train,12.9,797.7,996.1,0.394,0.241,113.2,93.4,70.2,0.339,286.6,Road as Line,9.0,Timber,1,Held
CA-SHU-007808,Carr Fire,CA-SHU-007808_seg_00152,2018-07-27,train,18.5,335.5,751.7,0.741,0.297,165.4,114.7,39.3,0.773,-582.5,Completed Hand Line,2.0,Timber,0,Burned Over
CA-SHU-007808,Carr Fire,CA-SHU-007808_seg_00153,2018-07-27,train,25.7,423.2,1394.1,0.279,0.277,145.5,166.1,69.5,0.35,891.2,Dozer Line,6.5,Timber,1,Held
CA-SHU-007808,Carr Fire,CA-SHU-007808_seg_00154,2018-07-27,train,23.7,514.3,2895.7,0.072,0.064,132.9,131.0,88.1,0.033,2765.5,Dozer Line,6.5,Timber,1,Held
CA-SHU-007808,Carr Fire,CA-SHU-007808_seg_00155,2018-07-27,train,15.2,307.7,582.8,0.765,0.276,101.1,4.3,6.8,0.993,-793.7,Dozer Line,6.5,Timber,0,Burned Over
CA-SHU-007808,Carr Fire,CA-SHU-007808_seg_00156,2018-07-27,train,19.3,636.5,433.5,0.709,0.365,122.6,84.6,52.0,0.616,-843.0,Dozer Line,6.5,Timber,1,Held
CA-SHU-007808,Carr Fire,CA-SHU-007808_seg_00157,2018-07-27,train,23.4,521.0,1543.0,0.459,0.315,123.2,21.3,11.9,0.978,716.1,Road as Line,9.0,Timber,1,Held
CA-SHU-007808,Carr Fire,CA-SHU-007808_seg_00158,2018-07-27,train,15.5,448.1,768.4,0.719,0.186,138.7,20.3,28.4,0.88,-525.6,Road as Line,9.0,Timber,0,Burned Over
CA-SHU-007808,Carr Fire,CA-SHU-007808_seg_00159,2018-07-27,train,3.5,233.9,3383.0,0.034,0.05,139.0,136.8,87.8,0.038,3321.7,Dozer Line,6.5,Timber,1,Held
CA-SHU-007808,Carr Fire,CA-SHU-007808_seg_00160,2018-07-27,train,27.5,333.6,879.1,0.565,0.388,156.1,118.9,52.7,0.606,-137.1,Dozer Line,6.5,Timber,1,Held
CA-SHU-007808,Carr Fire,CA-SHU-007808_seg_00161,2018-07-27,train,22.9,568.9,1528.8,0.339,0.255,122.2,142.2,70.1,0.341,918.2,Dozer Line,6.5,Timber,0,Burned Over
CA-SHU-007808,Carr Fire,CA-SHU-007808_seg_00162,2018-07-27,train,24.3,536.9,2349.0,0.269,0.229,103.9,23.2,9.3,0.987,1864.6,Completed Hand Line,2.0,Timber,0,Burned Over
CA-SHU-007808,Carr Fire,CA-SHU-007808_seg_00163,2018-07-27,train,24.3,721.2,2113.9,0.354,0.319,136.5,117.9,71.4,0.319,1477.3,Dozer Line,6.5,Timber,1,Held
CA-SHU-007808,Carr Fire,CA-SHU-007808_seg_00164,2018-07-27,train,19.4,530.9,301.6,0.848,0.15,126.7,174.4,42.3,0.74,-1224.3,Dozer Line,6.5,Timber,0,Burned Over
CA-SHU-007808,Carr Fire,CA-SHU-007808_seg_00165,2018-07-27,train,16.5,560.4,3556.7,0.03,0.024,156.5,4.9,61.6,0.475,3503.4,Completed Hand Line,2.0,Timber,1,Held
CA-SHU-007808,Carr Fire,CA-SHU-007808_seg_00166,2018-07-27,train,22.6,380.9,969.5,0.739,0.166,155.1,41.5,23.6,0.917,-361.0,Road as Line,9.0,Timber,0,Burned Over
CA-SHU-007808,Carr Fire,CA-SHU-007808_seg_00167,2018-07-27,train,17.7,474.8,312.3,0.89,0.166,124.3,41.1,6.8,0.993,-1290.2,Dozer Line,6.5,Timber,0,Burned Over
CA-SHU-007808,Carr Fire,CA-SHU-007808_seg_00168,2018-07-27,train,8.3,578.3,451.0,0.423,0.256,126.0,115.6,79.6,0.18,-309.8,Dozer Line,6.5,Timber,1,Held
CA-SHU-007808,Carr Fire,CA-SHU-007808_seg_00169,2018-07-27,train,24.2,275.2,1375.4,0.733,0.217,101.3,164.6,26.8,0.893,55.2,Dozer Line,6.5,Timber,0,Burned Over
CA-SHU-007808,Carr Fire,CA-SHU-007808_seg_00170,2018-07-27,train,18.9,623.6,377.2,0.85,0.116,130.6,76.5,36.0,0.809,-1152.2,Road as Line,9.0,Timber,1,Held
CA-SHU-007808,Carr Fire,CA-SHU-007808_seg_00171,2018-07-27,train,25.5,626.0,2065.0,0.236,0.149,124.4,138.4,76.0,0.243,1640.6,Completed Hand Line,2.0,Timber,1,Held
CA-SHU-007808,Carr Fire,CA-SHU-007808_seg_00172,2018-07-27,train,23.8,596.6,263.1,0.76,0.245,142.7,137.4,84.7,0.092,-1105.4,Dozer Line,6.5,Timber,1,Held
CA-SHU-007808,Carr Fire,CA-SHU-007808_seg_00173,2018-07-27,train,20.5,353.5,1676.7,0.311,0.271,160.8,5.5,65.3,0.417,1116.1,Dozer Line,6.5,Timber,1,Held
CA-SHU-007808,Carr Fire,CA-SHU-007808_seg_00174,2018-07-27,train,27.9,454.4,249.7,0.882,0.121,168.6,41.3,37.4,0.795,-1337.6,Dozer Line,6.5,Timber,0,Burned Over
CA-SHU-007808,Carr Fire,CA-SHU-007808_seg_00175,2018-07-27,train,14.3,485.2,180.1,0.606,0.318,118.4,126.7,81.6,0.145,-910.0,Dozer Line,6.5,Timber,1,Held
CA-SHU-007808,Carr Fire,CA-SHU-007808_seg_00176,2018-07-27,train,21.6,325.6,304.1,0.788,0.246,143.3,5.3,48.0,0.67,-1114.2,Road as Line,9.0,Timber,1,Held
CA-SHU-007808,Carr Fire,CA-SHU-007808_seg_00177,2018-07-27,train,2.9,627.9,502.0,0.577,0.396,111.5,79.1,57.6,0.536,-536.0,Dozer Line,6.5,Timber,1,Held
CA-SHU-007808,Carr Fire,CA-SHU-007808_seg_00178,2018-07-27,train,8.2,585.5,189.1,0.756,0.226,150.2,85.5,25.3,0.904,-1172.2,Dozer Line,6.5,Timber,0,Burned Over
CA-SHU-007808,Carr Fire,CA-SHU-007808_seg_00179,2018-07-27,train,4.8,460.3,1215.6,0.41,0.254,124.8,9.1,25.7,0.901,478.3,Dozer Line,6.5,Timber,1,Held
CA-SHU-007808,Carr Fire,CA-SHU-007808_seg_00180,2018-07-27,train,13.8,50.0,1655.9,0.235,0.257,131.8,12.2,29.6,0.87,1232.9,Dozer Line,6.5,Timber,1,Held
CA-SHU-007808,Carr Fire,CA-SHU-007808_seg_00181,2018-07-27,train,19.0,516.4,201.9,0.69,0.344,111.9,141.2,60.7,0.49,-1040.7,Dozer Line,6.5,Timber,0,Burned Over
CA-SHU-007808,Carr Fire,CA-SHU-007808_seg_00182,2018-07-27,train,15.6,612.9,5000.0,0.003,0.003,111.4,109.1,87.7,0.04,4994.4,Dozer Line,6.5,Timber,1,Held
CA-SHU-007808,Carr Fire,CA-SHU-007808_seg_00183,2018-07-27,train,25.9,280.5,785.0,0.794,0.166,123.2,52.7,19.4,0.943,-644.1,Dozer Line,6.5,Timber,1,Held
CA-SHU-007808,Carr Fire,CA-SHU-007808_seg_00184,2018-07-27,train,24.8,436.7,616.9,0.877,0.191,143.4,31.4,22.0,0.927,-961.1,Road as Line,9.0,Timber,0,Burned Over
CA-SHU-007808,Carr Fire,CA-SHU-007808_seg_00185,2018-07-27,train,5.1,955.3,167.7,0.477,0.241,119.5,80.3,50.8,0.632,-690.7,Dozer Line,6.5,Timber,1,Held
CA-SHU-007808,Carr Fire,CA-SHU-007808_seg_00186,2018-07-27,train,20.5,649.3,2206.5,0.201,0.143,118.1,92.8,64.7,0.428,1843.9,Dozer Line,6.5,Timber,1,Held
CA-SHU-007808,Carr Fire,CA-SHU-007808_seg_00187,2018-07-27,train,21.5,769.8,269.9,0.764,0.314,172.6,113.0,30.4,0.863,-1105.4,Road as Line,9.0,Timber,0,Burned Over
CA-SHU-007808,Carr Fire,CA-SHU-007808_seg_00188,2018-07-27,train,8.6,451.4,2744.9,0.055,0.05,134.1,107.2,63.1,0.453,2645.1,Dozer Line,6.5,Timber,1,Held
CA-SHU-007808,Carr Fire,CA-SHU-007808_seg_00189,2018-07-27,train,9.1,423.3,4158.6,0.017,0.026,151.4,112.7,51.3,0.626,4128.8,Road as Line,9.0,Timber,1,Held
CA-SHU-007808,Carr Fire,CA-SHU-007808_seg_00190,2018-07-27,train,14.8,570.6,1851.8,0.429,0.283,90.7,24.9,24.2,0.912,1080.1,Dozer Line,6.5,Timber,1,Held
CA-SHU-007808,Carr Fire,CA-SHU-007808_seg_00191,2018-07-27,train,22.5,250.8,163.9,0.922,0.077,147.1,78.8,21.7,0.929,-1494.9,Dozer Line,6.5,Timber,0,Burned Over
CA-SHU-007808,Carr Fire,CA-SHU-007808_seg_00192,2018-07-27,train,27.5,737.9,724.1,0.632,0.207,153.2,151.6,88.4,0.027,-413.2,Road as Line,9.0,Timber,1,Held
CA-SHU-007808,Carr Fire,CA-SHU-007808_seg_00193,2018-07-27,train,11.4,658.8,2031.2,0.11,0.167,113.0,106.3,83.3,0.117,1832.4,Dozer Line,6.5,Timber,1,Held
CA-SHU-007808,Carr Fire,CA-SHU-007808_seg_00194,2018-07-27,train,14.8,701.3,1460.9,0.316,0.25,135.6,152.6,73.0,0.292,892.1,Road as Line,9.0,Timber,1,Held
CA-SHU-007808,Carr Fire,CA-SHU-007808_seg_00195,2018-07-27,train,10.9,497.1,204.0,0.741,0.187,153.2,63.8,0.7,1.0,-1129.9,Dozer Line,6.5,Timber,0,Burned Over
CA-SHU-007808,Carr Fire,CA-SHU-007808_seg_00196,2018-07-27,train,16.4,298.6,285.8,0.784,0.281,153.9,67.9,4.0,0.998,-1125.5,Road as Line,9.0,Timber,0,Burned Over
CA-SHU-007808,Carr Fire,CA-SHU-007808_seg_00197,2018-07-27,train,6.2,211.5,1602.8,0.418,0.288,124.3,166.7,47.6,0.674,850.1,Dozer Line,6.5,Timber,1,Held
CA-SHU-007808,Carr Fire,CA-SHU-007808_seg_00198,2018-07-27,train,20.4,645.2,230.3,0.853,0.113,155.6,56.2,9.4,0.987,-1305.7,Dozer Line,6.5,Timber,0,Burned Over
CA-SHU-007808,Carr Fire,CA-SHU-007808_seg_00199,2018-07-27,train,4.1,471.2,1088.7,0.585,0.334,146.7,73.2,16.5,0.959,36.4,Road as Line,9.0,Timber,1,Held
CA-SHU-007808,Carr Fire,CA-SHU-007808_seg_00200,2018-07-27,train,17.1,242.0,2697.7,0.151,0.164,140.0,110.5,60.5,0.493,2426.1,Completed Hand Line,2.0,Timber,1,Held
CA-SHU-007808,Carr Fire,CA-SHU-007808_seg_00201,2018-07-27,train,15.1,281.7,228.6,0.706,0.338,125.7,112.2,76.5,0.234,-1042.4,Dozer Line,6.5,Timber,1,Held
CA-SHU-007808,Carr Fire,CA-SHU-007808_seg_00202,2018-07-27,train,29.5,260.7,2174.0,0.408,0.366,170.6,107.9,27.3,0.889,1439.1,Dozer Line,6.5,Timber,1,Held
CA-SHU-007808,Carr Fire,CA-SHU-007808_seg_00203,2018-07-27,train,14.5,579.7,203.7,0.849,0.115,129.3,176.6,42.7,0.735,-1324.5,Dozer Line,6.5,Timber,0,Burned Over
CA-SHU-007808,Carr Fire,CA-SHU-007808_seg_00204,2018-07-27,train,34.0,648.2,581.6,0.883,0.093,136.3,50.1,3.8,0.998,-1008.2,Dozer Line,6.5,Timber,1,Held
CA-SHU-007808,Carr Fire,CA-SHU-007808_seg_00205,2018-07-27,train,20.9,439.5,767.1,0.769,0.228,161.0,102.1,31.1,0.856,-616.4,Completed Hand Line,2.0,Timber,0,Burned Over
CA-SHU-007808,Carr Fire,CA-SHU-007808_seg_00206,2018-07-27,train,23.4,547.4,1828.1,0.215,0.296,112.8,96.9,74.0,0.275,1441.0,Road as Line,9.0,Timber,1,Held
CA-SHU-007808,Carr Fire,CA-SHU-007808_seg_00207,2018-07-27,train,17.9,372.9,529.1,0.704,0.331,64.9,14.3,39.4,0.773,-738.4,Road as Line,9.0,Timber,0,Burned Over
CA-SHU-007808,Carr Fire,CA-SHU-007808_seg_00208,2018-07-27,train,5.1,144.4,1300.0,0.189,0.161,94.9,98.3,86.6,0.059,959.8,Completed Hand Line,2.0,Timber,1,Held
CA-SHU-007808,Carr Fire,CA-SHU-007808_seg_00209,2018-07-27,train,25.8,63.4,599.4,0.789,0.19,136.8,68.6,21.8,0.928,-820.1,Dozer Line,6.5,Timber,0,Burned Over
CA-SHU-007808,Carr Fire,CA-SHU-007808_seg_00210,2018-07-27,train,26.1,640.6,1515.5,0.504,0.319,158.5,130.0,61.6,0.476,608.8,Dozer Line,6.5,Timber,1,Held
CA-SHU-007808,Carr Fire,CA-SHU-007808_seg_00211,2018-07-27,train,12.0,393.0,248.2,0.759,0.299,127.1,12.7,24.4,0.911,-1117.1,Dozer Line,6.5,Timber,0,Burned Over
CA-SHU-007808,Carr Fire,CA-SHU-007808_seg_00212,2018-07-27,train,25.7,491.6,1632.8,0.636,0.245,146.9,73.9,17.0,0.956,488.1,Dozer Line,6.5,Timber,1,Held
CA-SHU-007808,Carr Fire,CA-SHU-007808_seg_00213,2018-07-27,train,22.3,680.3,580.0,0.759,0.253,146.2,117.2,61.1,0.484,-785.7,Dozer Line,6.5,Timber,1,Held
CA-SHU-007808,Carr Fire,CA-SHU-007808_seg_00214,2018-07-27,train,30.3,195.1,1769.1,0.393,0.31,110.0,141.4,58.6,0.521,1061.2,Dozer Line,6.5,Timber,1,Held
CA-SHU-007808,Carr Fire,CA-SHU-007808_seg_00215,2018-07-27,train,20.3,767.0,811.1,0.784,0.193,107.9,55.9,38.0,0.788,-600.1,Road as Line,9.0,Timber,0,Burned Over
CA-SHU-007808,Carr Fire,CA-SHU-007808_seg_00216,2018-07-27,train,25.5,393.3,1973.8,0.441,0.229,131.6,39.7,1.9,0.999,1180.7,Road as Line,9.0,Timber,1,Held
CA-SHU-007808,Carr Fire,CA-SHU-007808_seg_00217,2018-07-27,train,9.2,673.8,394.5,0.755,0.158,102.9,153.8,39.1,0.776,-965.2,Dozer Line,6.5,Timber,1,Held
CA-SHU-007808,Carr Fire,CA-SHU-007808_seg_00218,2018-07-27,train,21.6,457.9,1499.7,0.384,0.231,136.9,125.1,78.2,0.205,807.9,Dozer Line,6.5,Timber,1,Held
CA-SHU-007808,Carr Fire,CA-SHU-007808_seg_00219,2018-07-27,train,26.2,115.5,920.8,0.69,0.302,102.4,124.9,67.4,0.384,-320.6,Dozer Line,6.5,Timber,1,Held
CA-SHU-007808,Carr Fire,CA-SHU-007808_seg_00220,2018-07-27,train,15.4,429.0,4458.5,0.011,0.015,79.9,67.1,77.1,0.223,4438.4,Dozer Line,6.5,Timber,1,Held
CA-SHU-007808,Carr Fire,CA-SHU-007808_seg_00221,2018-07-27,train,1.0,483.1,922.3,0.509,0.378,110.0,2.7,17.3,0.955,5.2,Completed Hand Line,2.0,Timber,0,Burned Over
CA-SHU-007808,Carr Fire,CA-SHU-007808_seg_00222,2018-07-27,train,28.5,562.8,854.6,0.691,0.342,130.7,169.5,51.2,0.626,-388.4,Dozer Line,6.5,Timber,0,Burned Over
CA-SHU-007808,Carr Fire,CA-SHU-007808_seg_00223,2018-07-27,train,23.8,441.1,245.0,0.552,0.211,124.5,146.2,68.3,0.369,-748.5,Dozer Line,6.5,Timber,1,Held
CA-SHU-007808,Carr Fire,CA-SHU-007808_seg_00224,2018-07-27,train,19.8,321.7,1216.2,0.642,0.195,104.8,62.2,47.4,0.677,61.3,Dozer Line,6.5,Timber,0,Burned Over
CA-SHU-007808,Carr Fire,CA-SHU-007808_seg_00225,2018-07-27,train,23.6,354.3,594.9,0.829,0.22,148.2,92.5,34.3,0.826,-897.6,Dozer Line,6.5,Timber,0,Burned Over
CA-SHU-007808,Carr Fire,CA-SHU-007808_seg_00226,2018-07-27,train,1.0,456.7,1501.7,0.386,0.277,114.6,8.5,16.1,0.961,806.1,Road as Line,9.0,Timber,1,Held
CA-SHU-007808,Carr Fire,CA-SHU-007808_seg_00227,2018-07-27,train,34.6,571.6,3618.9,0.184,0.187,147.9,20.1,37.8,0.79,3288.3,Road as Line,9.0,Timber,1,Held
CA-SHU-007808,Carr Fire,CA-SHU-007808_seg_00228,2018-07-27,train,17.3,719.7,2178.8,0.271,0.311,148.5,111.7,53.2,0.598,1690.2,Road as Line,9.0,Timber,1,Held
CA-SHU-007808,Carr Fire,CA-SHU-007808_seg_00229,2018-07-27,train,8.8,263.2,187.4,0.685,0.254,147.1,88.1,30.9,0.858,-1046.4,Dozer Line,6.5,Timber,1,Held
CA-SHU-007808,Carr Fire,CA-SHU-007808_seg_00230,2018-07-27,train,7.6,391.4,2401.2,0.16,0.141,114.5,10.9,13.6,0.972,2112.6,Dozer Line,6.5,Timber,1,Held
CA-SHU-007808,Carr Fire,CA-SHU-007808_seg_00231,2018-07-27,train,21.3,691.3,462.9,0.547,0.234,125.4,142.7,72.7,0.297,-521.0,Road as Line,9.0,Timber,1,Held
CA-SHU-007808,Carr Fire,CA-SHU-007808_seg_00232,2018-07-27,train,18.2,470.4,2537.3,0.068,0.084,137.7,154.4,73.3,0.287,2414.2,Road as Line,9.0,Timber,1,Held
CA-SHU-007808,Carr Fire,CA-SHU-007808_seg_00233,2018-07-27,train,35.9,361.0,658.4,0.771,0.303,137.2,151.7,75.5,0.25,-730.2,Completed Hand Line,2.0,Timber,0,Burned Over
CA-SHU-007808,Carr Fire,CA-SHU-007808_seg_00234,2018-07-27,train,14.1,506.7,688.6,0.727,0.202,154.9,96.3,31.4,0.853,-620.5,Road as Line,9.0,Timber,1,Held
CA-SHU-007808,Carr Fire,CA-SHU-007808_seg_00235,2018-07-27,train,6.6,332.2,1478.6,0.329,0.209,131.5,144.1,77.5,0.217,885.7,Dozer Line,6.5,Timber,1,Held
CA-SHU-007808,Carr Fire,CA-SHU-007808_seg_00236,2018-07-27,train,9.7,656.4,1156.9,0.497,0.329,106.3,144.7,51.6,0.621,263.2,Dozer Line,6.5,Timber,1,Held
CA-SHU-007808,Carr Fire,CA-SHU-007808_seg_00237,2018-07-27,train,28.4,977.6,1187.5,0.777,0.186,145.3,56.6,1.3,1.0,-212.0,Dozer Line,6.5,Timber,1,Held
CA-SHU-007808,Carr Fire,CA-SHU-007808_seg_00238,2018-07-27,train,19.8,525.9,1244.2,0.257,0.201,129.7,131.2,88.5,0.026,781.9,Dozer Line,6.5,Timber,1,Held
CA-SHU-007808,Carr Fire,CA-SHU-007808_seg_00239,2018-07-27,train,10.4,306.7,472.2,0.725,0.354,121.5,29.3,2.2,0.999,-833.2,Completed Hand Line,2.0,Timber,0,Burned Over
CA-SHU-007808,Carr Fire,CA-SHU-007808_seg_00240,2018-07-27,train,28.3,191.9,1153.3,0.506,0.329,154.0,169.9,74.1,0.273,242.3,Dozer Line,6.5,Timber,0,Burned Over
CA-SHU-007808,Carr Fire,CA-SHU-007808_seg_00241,2018-07-27,train,22.5,495.2,168.0,0.855,0.101,135.3,146.9,78.3,0.202,-1371.0,Road as Line,9.0,Timber,1,Held
CA-SHU-007808,Carr Fire,CA-SHU-007808_seg_00242,2018-07-27,train,30.6,747.0,1347.6,0.423,0.391,117.9,91.4,63.5,0.446,585.7,Dozer Line,6.5,Timber,1,Held
CA-SHU-007808,Carr Fire,CA-SHU-007808_seg_00243,2018-07-27,train,22.4,580.3,2062.6,0.558,0.255,119.2,67.1,37.8,0.79,1058.1,Dozer Line,6.5,Timber,0,Burned Over
CA-SHU-007808,Carr Fire,CA-SHU-007808_seg_00244,2018-07-27,train,16.4,402.0,208.2,0.692,0.331,109.2,91.9,72.6,0.298,-1037.2,Road as Line,9.0,Timber,1,Held
CA-SHU-007808,Carr Fire,CA-SHU-007808_seg_00245,2018-07-27,train,33.9,318.5,2291.0,0.273,0.198,131.3,106.0,64.6,0.428,1799.9,Road as Line,9.0,Timber,1,Held
CA-SHU-007808,Carr Fire,CA-SHU-007808_seg_00246,2018-07-27,train,21.9,355.8,2178.6,0.278,0.279,176.3,66.6,19.7,0.942,1677.8,Dozer Line,6.5,Timber,1,Held
CA-SHU-007808,Carr Fire,CA-SHU-007808_seg_00247,2018-07-27,train,11.1,378.0,1474.7,0.428,0.199,122.2,175.0,37.2,0.796,703.8,Road as Line,9.0,Timber,1,Held
CA-SHU-007808,Carr Fire,CA-SHU-007808_seg_00248,2018-07-27,train,20.8,517.0,5000.0,0.011,0.018,132.6,151.3,71.2,0.322,4979.4,Dozer Line,6.5,Timber,1,Held
CA-SHU-007808,Carr Fire,CA-SHU-007808_seg_00249,2018-07-27,train,14.0,662.8,910.6,0.43,0.385,126.6,139.0,77.5,0.216,137.5,Road as Line,9.0,Timber,1,Held
CA-SHU-007808,Carr Fire,CA-SHU-007808_seg_00250,2018-07-27,train,23.2,422.8,1155.7,0.473,0.351,121.5,96.2,64.7,0.428,303.9,Road as Line,9.0,Timber,1,Held
CA-SHU-007808,Carr Fire,CA-SHU-007808_seg_00251,2018-07-27,train,15.5,246.2,301.1,0.609,0.343,100.2,114.4,75.9,0.244,-795.0,Road as Line,9.0,Timber,1,Held
CA-SHU-007808,Carr Fire,CA-SHU-007808_seg_00252,2018-07-27,train,11.0,512.1,2378.7,0.096,0.071,91.4,65.3,64.0,0.439,2206.7,Dozer Line,6.5,Timber,1,Held
CA-SHU-007808,Carr Fire,CA-SHU-007808_seg_00253,2018-07-27,train,31.2,699.7,682.7,0.54,0.342,146.5,137.5,81.0,0.156,-288.4,Road as Line,9.0,Timber,1,Held
CA-SHU-007808,Carr Fire,CA-SHU-007808_seg_00254,2018-07-27,train,17.6,676.3,3600.5,0.041,0.037,145.3,1.1,54.3,0.584,3526.3,Dozer Line,6.5,Timber,1,Held
CA-SHU-007808,Carr Fire,CA-SHU-007808_seg_00255,2018-07-27,train,37.5,272.1,882.6,0.65,0.213,121.9,82.9,51.0,0.629,-288.1,Dozer Line,6.5,Timber,0,Burned Over
CA-SHU-007808,Carr Fire,CA-SHU-007808_seg_00256,2018-07-27,train,25.8,671.1,1112.0,0.68,0.303,124.8,150.3,64.5,0.43,-111.3,Completed Hand Line,2.0,Timber,1,Held
CA-SHU-007808,Carr Fire,CA-SHU-007808_seg_00257,2018-07-27,train,33.8,722.7,1213.0,0.694,0.357,95.3,60.2,54.8,0.576,-35.5,Completed Hand Line,2.0,Timber,0,Burned Over
CA-SHU-007808,Carr Fire,CA-SHU-007808_seg_00258,2018-07-27,train,23.2,440.2,660.7,0.746,0.31,123.7,148.2,65.6,0.414,-682.1,Dozer Line,6.5,Timber,1,Held
CA-SHU-007808,Carr Fire,CA-SHU-007808_seg_00259,2018-07-27,train,15.3,505.9,699.1,0.346,0.185,145.3,152.0,83.2,0.118,75.4,Road as Line,9.0,Timber,1,Held
CA-SHU-007808,Carr Fire,CA-SHU-007808_seg_00260,2018-07-27,train,11.3,793.4,3760.3,0.04,0.036,116.7,73.8,47.1,0.68,3688.2,Road as Line,9.0,Timber,1,Held
CA-SHU-007808,Carr Fire,CA-SHU-007808_seg_00261,2018-07-27,train,27.8,570.0,1682.4,0.547,0.22,130.5,59.1,18.6,0.948,697.3,Dozer Line,6.5,Timber,0,Burned Over
CA-SHU-007808,Carr Fire,CA-SHU-007808_seg_00262,2018-07-27,train,30.1,562.8,479.9,0.777,0.206,143.7,129.1,75.4,0.252,-918.5,Completed Hand Line,2.0,Timber,0,Burned Over
CA-SHU-007808,Carr Fire,CA-SHU-007808_seg_00263,2018-07-27,train,25.6,305.8,669.6,0.765,0.314,101.4,10.6,0.8,1.0,-708.0,Dozer Line,6.5,Timber,0,Burned Over
CA-SHU-007808,Carr Fire,CA-SHU-007808_seg_00264,2018-07-27,train,9.1,183.3,288.8,0.596,0.237,133.4,159.5,64.0,0.439,-784.7,Dozer Line,6.5,Timber,1,Held
CA-SHU-007808,Carr Fire,CA-SHU-007808_seg_00265,2018-07-27,train,33.6,496.9,215.7,0.814,0.126,117.9,142.9,65.0,0.423,-1250.4,Dozer Line,6.5,Timber,0,Burned Over
CA-SHU-007808,Carr Fire,CA-SHU-007808_seg_00266,2018-07-27,train,20.9,899.6,1597.4,0.526,0.325,138.5,46.2,2.3,0.999,651.0,Road as Line,9.0,Timber,1,Held
CA-SHU-007808,Carr Fire,CA-SHU-007808_seg_00267,2018-07-27,train,33.1,362.3,1155.8,0.772,0.242,103.7,25.4,11.6,0.979,-233.0,Road as Line,9.0,Timber,0,Burned Over
CA-SHU-007808,Carr Fire,CA-SHU-007808_seg_00268,2018-07-27,train,39.0,429.9,790.1,0.471,0.397,124.5,137.9,76.6,0.231,-57.5,Dozer Line,6.5,Timber,1,Held
CA-SHU-007808,Carr Fire,CA-SHU-007808_seg_00269,2018-07-27,train,5.3,560.8,2933.6,0.086,0.083,128.8,14.9,23.9,0.914,2779.0,Dozer Line,6.5,Timber,1,Held
CA-SHU-007808,Carr Fire,CA-SHU-007808_seg_00270,2018-07-27,train,15.4,352.2,907.9,0.849,0.203,114.6,33.0,8.4,0.989,-621.1,Road as Line,9.0,Timber,0,Burned Over
CA-SHU-007808,Carr Fire,CA-SHU-007808_seg_00271,2018-07-27,train,15.0,548.4,347.0,0.727,0.213,110.0,156.8,43.1,0.73,-962.4,Dozer Line,6.5,Timber,1,Held
CA-SHU-007808,Carr Fire,CA-SHU-007808_seg_00272,2018-07-27,train,28.5,528.5,5000.0,0.006,0.007,165.8,178.2,77.7,0.214,4990.0,Dozer Line,6.5,Timber,1,Held
CA-SHU-007808,Carr Fire,CA-SHU-007808_seg_00273,2018-07-27,train,36.9,506.3,1345.1,0.393,0.224,142.0,143.6,88.4,0.028,638.4,Dozer Line,6.5,Timber,1,Held
CA-SHU-007808,Carr Fire,CA-SHU-007808_seg_00274,2018-07-27,train,21.2,313.9,685.7,0.714,0.238,116.4,9.0,17.4,0.954,-599.7,Dozer Line,6.5,Timber,1,Held
CA-SHU-007808,Carr Fire,CA-SHU-007808_seg_00275,2018-07-27,train,9.4,559.3,636.5,0.522,0.323,130.9,97.4,56.4,0.553,-302.7,Road as Line,9.0,Timber,1,Held
CA-SHU-007808,Carr Fire,CA-SHU-007808_seg_00276,2018-07-27,train,9.1,144.5,254.4,0.775,0.304,158.1,18.0,50.1,0.641,-1140.8,Dozer Line,6.5,Timber,1,Held
CA-SHU-007808,Carr Fire,CA-SHU-007808_seg_00277,2018-07-27,train,24.9,378.7,1524.8,0.398,0.232,159.4,169.6,79.7,0.178,808.0,Dozer Line,6.5,Timber,1,Held
CA-SHU-007808,Carr Fire,CA-SHU-007808_seg_00278,2018-07-27,train,33.7,483.7,1589.3,0.527,0.2,140.8,167.8,63.0,0.453,640.4,Dozer Line,6.5,Timber,1,Held
CA-SHU-007808,Carr Fire,CA-SHU-007808_seg_00279,2018-07-27,train,32.1,325.3,2616.1,0.266,0.238,140.9,101.9,50.9,0.63,2137.0,Road as Line,9.0,Timber,1,Held
CA-SHU-007808,Carr Fire,CA-SHU-007808_seg_00280,2018-07-27,train,22.6,545.9,392.7,0.611,0.346,167.7,129.5,51.8,0.618,-707.4,Road as Line,9.0,Timber,1,Held
CA-SHU-007808,Carr Fire,CA-SHU-007808_seg_00281,2018-07-27,train,17.6,416.1,3894.5,0.044,0.063,96.0,50.9,44.9,0.709,3815.8,Road as Line,9.0,Timber,1,Held
CA-SHU-007808,Carr Fire,CA-SHU-007808_seg_00282,2018-07-27,train,13.7,706.2,697.1,0.623,0.364,144.3,106.2,51.9,0.617,-424.4,Dozer Line,6.5,Timber,1,Held
CA-SHU-007808,Carr Fire,CA-SHU-007808_seg_00283,2018-07-27,train,16.0,692.2,1928.6,0.208,0.228,160.5,174.6,76.0,0.243,1553.4,Dozer Line,6.5,Timber,1,Held
CA-SHU-007808,Carr Fire,CA-SHU-007808_seg_00284,2018-07-27,train,13.1,587.4,1589.7,0.317,0.291,130.5,91.2,50.7,0.633,1019.0,Road as Line,9.0,Timber,0,Burned Over
CA-SHU-007808,Carr Fire,CA-SHU-007808_seg_00285,2018-07-27,train,18.6,612.8,2819.7,0.119,0.163,148.3,110.8,52.5,0.609,2606.0,Dozer Line,6.5,Timber,1,Held
CA-SHU-007808,Carr Fire,CA-SHU-007808_seg_00286,2018-07-27,train,25.0,553.2,223.4,0.793,0.226,155.3,12.7,52.6,0.608,-1204.6,Road as Line,9.0,Timber,1,Held
CA-SHU-007808,Carr Fire,CA-SHU-007808_seg_00287,2018-07-27,train,11.3,737.8,1099.5,0.445,0.208,125.3,10.6,24.7,0.908,299.3,Road as Line,9.0,Timber,1,Held
CA-SHU-007808,Carr Fire,CA-SHU-007808_seg_00288,2018-07-27,train,31.0,420.9,3909.7,0.026,0.027,116.4,129.0,77.4,0.218,3863.3,Dozer Line,6.5,Timber,1,Held
CA-SHU-007808,Carr Fire,CA-SHU-007808_seg_00289,2018-07-27,train,19.6,452.1,717.8,0.652,0.256,136.8,88.3,41.6,0.748,-456.2,Dozer Line,6.5,Timber,0,Burned Over
CA-SHU-007808,Carr Fire,CA-SHU-007808_seg_00290,2018-07-27,train,21.4,561.6,503.4,0.776,0.157,140.3,68.3,18.1,0.951,-893.6,Dozer Line,6.5,Timber,1,Held
CA-SHU-007808,Carr Fire,CA-SHU-007808_seg_00291,2018-07-27,train,36.9,618.8,344.2,0.709,0.342,134.2,126.4,82.3,0.135,-932.2,Dozer Line,6.5,Timber,1,Held
CA-SHU-007808,Carr Fire,CA-SHU-007808_seg_00292,2018-07-27,train,23.2,820.3,1505.3,0.528,0.39,128.7,75.9,37.2,0.796,555.5,Dozer Line,6.5,Timber,0,Burned Over
CA-SHU-007808,Carr Fire,CA-SHU-007808_seg_00293,2018-07-27,train,23.6,454.6,261.0,0.837,0.128,119.0,162.5,46.5,0.689,-1244.7,Completed Hand Line,2.0,Timber,0,Burned Over
CA-SHU-007808,Carr Fire,CA-SHU-007808_seg_00294,2018-07-27,train,14.2,843.8,1834.1,0.379,0.419,155.5,82.2,16.7,0.958,1152.3,Dozer Line,6.5,Timber,0,Burned Over
CA-SHU-007808,Carr Fire,CA-SHU-007808_seg_00295,2018-07-27,train,24.6,655.7,810.9,0.657,0.395,133.1,106.8,63.8,0.442,-371.2,Dozer Line,6.5,Timber,0,Burned Over
CA-SHU-007808,Carr Fire,CA-SHU-007808_seg_00296,2018-07-27,train,3.1,559.7,704.5,0.611,0.3,122.0,25.5,6.6,0.993,-394.6,Dozer Line,6.5,Timber,1,Held
CA-SHU-007808,Carr Fire,CA-SHU-007808_seg_00297,2018-07-27,train,19.1,645.3,656.4,0.807,0.211,146.6,16.4,40.2,0.763,-795.8,Dozer Line,6.5,Timber,0,Burned Over
CA-SHU-007808,Carr Fire,CA-SHU-007808_seg_00298,2018-07-27,train,27.3,710.6,374.9,0.869,0.181,103.6,130.6,63.0,0.454,-1188.7,Dozer Line,6.5,Timber,0,Burned Over
CA-SHU-007808,Carr Fire,CA-SHU-007808_seg_00299,2018-07-27,train,9.5,359.6,1928.3,0.232,0.209,116.2,78.1,51.9,0.618,1511.3,Dozer Line,6.5,Timber,1,Held
CA-SHU-007808,Carr Fire,CA-SHU-007808_seg_00300,2018-07-27,train,31.3,334.6,912.9,0.513,0.339,127.5,124.2,86.8,0.056,-10.9,Dozer Line,6.5,Timber,0,Burned Over
CA-SHU-007808,Carr Fire,CA-SHU-007808_seg_00301,2018-07-27,train,24.0,379.4,2132.2,0.213,0.226,118.9,96.3,67.4,0.385,1749.0,Dozer Line,6.5,Timber,1,Held
CA-SHU-007808,Carr Fire,CA-SHU-007808_seg_00302,2018-07-27,train,10.6,114.3,537.7,0.435,0.21,146.8,144.7,87.9,0.036,-245.2,Dozer Line,6.5,Timber,1,Held
CA-SHU-007808,Carr Fire,CA-SHU-007808_seg_00303,2018-07-27,train,14.2,452.7,1111.4,0.521,0.356,111.4,9.7,11.7,0.979,174.2,Road as Line,9.0,Timber,1,Held
CA-SHU-007808,Carr Fire,CA-SHU-007808_seg_00304,2018-07-27,train,24.1,526.7,951.6,0.78,0.16,127.5,49.9,12.4,0.977,-451.6,Road as Line,9.0,Timber,1,Held
CA-SHU-007808,Carr Fire,CA-SHU-007808_seg_00305,2018-07-27,train,28.4,57.3,1256.9,0.685,0.2,130.9,64.8,23.8,0.915,23.1,Road as Line,9.0,Timber,1,Held
CA-SHU-007808,Carr Fire,CA-SHU-007808_seg_00306,2018-07-27,train,21.5,465.2,1578.4,0.472,0.378,132.1,168.7,53.4,0.597,728.0,Dozer Line,6.5,Timber,1,Held
CA-SHU-007808,Carr Fire,CA-SHU-007808_seg_00307,2018-07-27,train,14.8,545.6,200.8,0.549,0.221,131.8,129.2,87.4,0.045,-787.1,Dozer Line,6.5,Timber,1,Held
CA-SHU-007808,Carr Fire,CA-SHU-007808_seg_00308,2018-07-27,train,30.4,539.0,656.7,0.611,0.387,133.9,148.5,75.4,0.252,-443.8,Dozer Line,6.5,Timber,0,Burned Over
CA-SHU-007808,Carr Fire,CA-SHU-007808_seg_00309,2018-07-27,train,24.6,634.1,238.4,0.857,0.171,141.8,23.8,28.0,0.883,-1304.7,Dozer Line,6.5,Timber,0,Burned Over
CA-SHU-007808,Carr Fire,CA-SHU-007808_seg_00310,2018-07-27,train,10.0,440.2,1274.2,0.454,0.384,137.5,68.1,20.5,0.937,457.6,Dozer Line,6.5,Timber,1,Held
CA-SHU-007808,Carr Fire,CA-SHU-007808_seg_00311,2018-07-27,train,34.3,420.3,2215.6,0.305,0.204,148.1,133.5,75.5,0.251,1666.6,Dozer Line,6.5,Timber,1,Held
CA-SHU-007808,Carr Fire,CA-SHU-007808_seg_00312,2018-07-27,train,25.3,602.9,698.5,0.619,0.387,112.0,90.2,68.1,0.372,-415.1,Road as Line,9.0,Timber,1,Held
CA-SHU-007808,Carr Fire,CA-SHU-007808_seg_00313,2018-07-27,train,2.2,457.5,1596.5,0.314,0.282,137.6,69.0,21.4,0.931,1032.0,Dozer Line,6.5,Timber,1,Held
CA-SHU-007808,Carr Fire,CA-SHU-007808_seg_00314,2018-07-27,train,32.2,379.7,1430.6,0.692,0.38,110.2,45.9,25.7,0.901,185.8,Road as Line,9.0,Timber,1,Held
CA-SHU-007808,Carr Fire,CA-SHU-007808_seg_00315,2018-07-27,train,27.2,479.6,1400.3,0.695,0.197,114.3,1.5,22.7,0.922,150.0,Dozer Line,6.5,Timber,0,Burned Over
CA-SHU-007808,Carr Fire,CA-SHU-007808_seg_00316,2018-07-27,train,23.5,561.5,442.7,0.848,0.21,120.8,26.4,4.3,0.997,-1084.2,Dozer Line,6.5,Timber,0,Burned Over
CA-SHU-007808,Carr Fire,CA-SHU-007808_seg_00317,2018-07-27,train,23.6,439.3,2427.7,0.098,0.118,97.4,122.3,65.1,0.421,2251.1,Dozer Line,6.5,Timber,1,Held
CA-SHU-007808,Carr Fire,CA-SHU-007808_seg_00318,2018-07-27,train,10.2,231.8,341.5,0.741,0.311,131.1,167.5,53.6,0.593,-992.8,Dozer Line,6.5,Timber,0,Burned Over
CA-SHU-007808,Carr Fire,CA-SHU-007808_seg_00319,2018-07-27,train,24.3,439.7,478.4,0.912,0.143,164.6,61.0,13.6,0.972,-1163.5,Completed Hand Line,2.0,Timber,0,Burned Over
CA-SHU-007808,Carr Fire,CA-SHU-007808_seg_00320,2018-07-27,train,21.1,408.8,455.7,0.773,0.284,129.1,95.7,56.6,0.55,-935.4,Road as Line,9.0,Timber,1,Held
CA-SHU-007808,Carr Fire,CA-SHU-007808_seg_00321,2018-07-27,train,5.6,626.9,774.4,0.502,0.292,107.6,95.2,77.6,0.215,-128.5,Dozer Line,6.5,Timber,1,Held
CA-SHU-007808,Carr Fire,CA-SHU-007808_seg_00322,2018-07-27,train,16.5,318.9,875.1,0.461,0.397,93.7,59.5,55.8,0.561,45.0,Dozer Line,6.5,Timber,0,Burned Over
CA-SHU-007808,Carr Fire,CA-SHU-007808_seg_00323,2018-07-27,train,4.4,163.0,479.2,0.699,0.349,114.4,64.9,40.4,0.761,-778.9,Dozer Line,6.5,Timber,0,Burned Over
CA-SHU-007808,Carr Fire,CA-SHU-007808_seg_00324,2018-07-27,train,18.6,50.0,430.8,0.811,0.175,128.5,11.4,27.0,0.891,-1029.2,Dozer Line,6.5,Timber,0,Burned Over
CA-SHU-007808,Carr Fire,CA-SHU-007808_seg_00325,2018-07-27,train,11.0,82.0,3137.6,0.086,0.089,127.0,168.6,48.4,0.664,2983.7,Road as Line,9.0,Timber,1,Held
CA-SHU-007808,Carr Fire,CA-SHU-007808_seg_00326,2018-07-27,train,15.1,669.1,2381.3,0.406,0.251,146.3,71.5,15.2,0.965,1650.7,Dozer Line,6.5,Timber,1,Held
CA-SHU-007808,Carr Fire,CA-SHU-007808_seg_00327,2018-07-27,train,28.4,256.8,520.6,0.91,0.089,95.1,177.7,7.4,0.992,-1117.8,Completed Hand Line,2.0,Timber,0,Burned Over
CA-SHU-007808,Carr Fire,CA-SHU-007808_seg_00328,2018-07-27,train,16.0,332.4,3545.4,0.032,0.034,136.9,161.5,65.4,0.417,3488.7,Dozer Line,6.5,Timber,1,Held
CA-SHU-007808,Carr Fire,CA-SHU-007808_seg_00329,2018-07-27,train,16.7,334.0,457.4,0.598,0.197,159.3,138.7,69.3,0.353,-618.7,Dozer Line,6.5,Timber,1,Held
CA-SHU-007808,Carr Fire,CA-SHU-007808_seg_00330,2018-07-27,train,13.5,761.0,333.9,0.7,0.283,144.0,165.6,68.4,0.368,-925.5,Dozer Line,6.5,Timber,1,Held
CA-SHU-007808,Carr Fire,CA-SHU-007808_seg_00331,2018-07-27,train,25.3,544.8,543.1,0.659,0.383,146.9,174.5,62.4,0.463,-642.7,Road as Line,9.0,Timber,1,Held
CA-SHU-007808,Carr Fire,CA-SHU-007808_seg_00332,2018-07-27,train,9.2,291.2,975.1,0.527,0.361,122.5,8.7,23.8,0.915,25.7,Road as Line,9.0,Timber,1,Held
CA-SHU-007808,Carr Fire,CA-SHU-007808_seg_00333,2018-07-27,train,3.4,556.1,452.1,0.619,0.325,109.3,147.7,51.7,0.62,-662.4,Dozer Line,6.5,Timber,1,Held
CA-SHU-007808,Carr Fire,CA-SHU-007808_seg_00334,2018-07-27,train,19.8,364.2,1395.2,0.342,0.337,162.5,164.0,88.5,0.026,780.2,Road as Line,9.0,Timber,1,Held
CA-SHU-007808,Carr Fire,CA-SHU-007808_seg_00335,2018-07-27,train,26.1,830.7,1406.6,0.574,0.202,126.7,66.1,29.5,0.871,374.2,Dozer Line,6.5,Timber,0,Burned Over
CA-SHU-007808,Carr Fire,CA-SHU-007808_seg_00336,2018-07-27,train,24.0,557.4,1453.7,0.583,0.201,139.5,57.6,8.0,0.99,404.7,Dozer Line,6.5,Timber,0,Burned Over
CA-SHU-007808,Carr Fire,CA-SHU-007808_seg_00337,2018-07-27,train,31.5,737.8,1053.7,0.538,0.446,124.1,137.4,76.7,0.23,86.2,Completed Hand Line,2.0,Timber,1,Held
CA-SHU-007808,Carr Fire,CA-SHU-007808_seg_00338,2018-07-27,train,13.8,329.7,1943.0,0.467,0.349,144.3,27.8,26.6,0.894,1103.3,Dozer Line,6.5,Timber,0,Burned Over
CA-SHU-007808,Carr Fire,CA-SHU-007808_seg_00339,2018-07-27,train,11.8,485.1,4220.5,0.032,0.045,104.7,129.4,65.2,0.419,4162.9,Dozer Line,6.5,Timber,1,Held
CA-SHU-007808,Carr Fire,CA-SHU-007808_seg_00340,2018-07-27,train,8.4,252.9,1592.0,0.477,0.351,138.9,79.7,30.8,0.859,732.5,Dozer Line,6.5,Timber,1,Held
CA-SHU-007808,Carr Fire,CA-SHU-007808_seg_00341,2018-07-27,train,3.1,317.3,1977.1,0.167,0.171,132.2,149.7,72.5,0.301,1676.0,Dozer Line,6.5,Timber,1,Held
CA-SHU-007808,Carr Fire,CA-SHU-007808_seg_00342,2018-07-27,train,20.4,497.8,206.0,0.854,0.198,140.5,175.7,54.8,0.577,-1331.0,Dozer Line,6.5,Timber,1,Held
CA-SHU-007808,Carr Fire,CA-SHU-007808_seg_00343,2018-07-27,train,12.8,556.8,961.3,0.64,0.333,135.1,17.8,27.3,0.888,-190.6,Completed Hand Line,2.0,Timber,0,Burned Over
CA-SHU-007808,Carr Fire,CA-SHU-007808_seg_00344,2018-07-27,train,16.2,713.5,392.4,0.82,0.217,163.5,113.8,40.3,0.763,-1083.4,Road as Line,9.0,Timber,0,Burned Over
CA-SHU-007808,Carr Fire,CA-SHU-007808_seg_00345,2018-07-27,train,34.8,422.8,931.2,0.8,0.149,114.9,140.3,64.6,0.428,-508.9,Dozer Line,6.5,Timber,0,Burned Over
CA-SHU-007808,Carr Fire,CA-SHU-007808_seg_00346,2018-07-27,train,14.7,412.4,3175.5,0.107,0.148,101.7,171.4,20.2,0.938,2983.7,Dozer Line,6.5,Timber,1,Held
CA-SHU-007808,Carr Fire,CA-SHU-007808_seg_00347,2018-07-27,train,18.0,805.0,1666.3,0.177,0.242,114.5,101.9,77.4,0.219,1348.2,Dozer Line,6.5,Timber,1,Held
CA-SHU-007808,Carr Fire,CA-SHU-007808_seg_00348,2018-07-27,train,29.4,210.9,5000.0,0.023,0.039,137.1,111.2,64.2,0.436,4958.0,Dozer Line,6.5,Timber,1,Held
CA-SHU-007808,Carr Fire,CA-SHU-007808_seg_00349,2018-07-27,train,20.9,130.5,1402.1,0.565,0.365,114.4,12.0,12.4,0.977,384.5,Dozer Line,6.5,Timber,1,Held
CA-SHU-007808,Carr Fire,CA-SHU-007808_seg_00350,2018-07-27,train,19.6,294.0,3739.6,0.021,0.023,134.0,154.2,69.8,0.345,3702.6,Dozer Line,6.5,Timber,1,Held
CA-SHU-007808,Carr Fire,CA-SHU-007808_seg_00351,2018-07-27,train,24.3,313.0,1992.0,0.365,0.377,122.6,10.3,22.3,0.926,1334.9,Dozer Line,6.5,Timber,1,Held
CA-SHU-007808,Carr Fire,CA-SHU-007808_seg_00352,2018-07-27,train,5.0,411.1,610.0,0.591,0.42,97.4,8.1,0.7,1.0,-453.0,Road as Line,9.0,Timber,1,Held
CA-SHU-007808,Carr Fire,CA-SHU-007808_seg_00353,2018-07-27,train,16.0,437.1,3155.8,0.079,0.06,118.4,101.9,73.5,0.284,3013.3,Completed Hand Line,2.0,Timber,1,Held
CA-SHU-007808,Carr Fire,CA-SHU-007808_seg_00354,2018-07-27,train,16.0,346.2,1100.6,0.645,0.292,122.0,57.8,25.8,0.9,-60.8,Dozer Line,6.5,Timber,1,Held
CA-SHU-007808,Carr Fire,CA-SHU-007808_seg_00355,2018-07-27,train,20.9,353.1,1319.8,0.53,0.381,124.8,2.7,32.1,0.847,365.6,Dozer Line,6.5,Timber,0,Burned Over
CA-SHU-007808,Carr Fire,CA-SHU-007808_seg_00356,2018-07-27,train,13.2,179.3,3666.7,0.05,0.068,109.7,77.4,57.7,0.535,3577.1,Dozer Line,6.5,Timber,1,Held
CA-SHU-007808,Carr Fire,CA-SHU-007808_seg_00357,2018-07-27,train,23.7,473.2,943.7,0.763,0.284,153.8,88.3,24.5,0.91,-429.5,Dozer Line,6.5,Timber,0,Burned Over
CA-SHU-007808,Carr Fire,CA-SHU-007808_seg_00358,2018-07-27,train,22.6,898.0,4133.6,0.022,0.029,107.8,125.2,72.6,0.298,4094.1,Dozer Line,6.5,Timber,1,Held
CA-SHU-007808,Carr Fire,CA-SHU-007808_seg_00359,2018-07-27,train,14.6,704.8,1587.9,0.392,0.212,126.4,162.0,54.4,0.582,882.6,Road as Line,9.0,Timber,1,Held
CA-SHU-007808,Carr Fire,CA-SHU-007808_seg_00360,2018-07-27,train,15.6,707.6,1365.8,0.336,0.189,134.3,141.4,82.9,0.124,760.2,Dozer Line,6.5,Timber,1,Held
CA-SHU-007808,Carr Fire,CA-SHU-007808_seg_00361,2018-07-27,train,9.9,482.0,5000.0,0.007,0.012,109.6,68.1,48.4,0.664,4987.7,Dozer Line,6.5,Timber,1,Held
CA-SHU-007808,Carr Fire,CA-SHU-007808_seg_00362,2018-07-27,train,23.9,246.9,593.9,0.683,0.26,119.2,71.2,42.1,0.743,-634.8,Dozer Line,6.5,Timber,0,Burned Over
CA-SHU-007808,Carr Fire,CA-SHU-007808_seg_00363,2018-07-27,train,16.7,508.2,734.6,0.725,0.166,112.4,146.9,55.5,0.567,-570.0,Road as Line,9.0,Timber,1,Held
CA-SHU-007808,Carr Fire,CA-SHU-007808_seg_00364,2018-07-27,train,28.9,281.8,196.0,0.653,0.309,126.3,84.6,48.4,0.664,-979.9,Road as Line,9.0,Timber,0,Burned Over
CA-SHU-007808,Carr Fire,CA-SHU-007808_seg_00365,2018-07-27,train,26.2,647.0,327.3,0.637,0.233,125.3,117.0,81.7,0.144,-818.8,Road as Line,9.0,Timber,1,Held
CA-SHU-007808,Carr Fire,CA-SHU-007808_seg_00366,2018-07-27,train,25.7,521.8,360.8,0.874,0.121,118.4,29.1,0.7,1.0,-1212.2,Completed Hand Line,2.0,Timber,0,Burned Over
CA-SHU-007808,Carr Fire,CA-SHU-007808_seg_00367,2018-07-27,train,13.4,666.7,1162.5,0.469,0.429,119.8,100.7,71.0,0.326,318.1,Dozer Line,6.5,Timber,1,Held
CA-SHU-007808,Carr Fire,CA-SHU-007808_seg_00368,2018-07-27,train,24.5,382.1,3232.1,0.069,0.068,129.5,162.2,57.3,0.54,3107.1,Dozer Line,6.5,Timber,1,Held
CA-SHU-007808,Carr Fire,CA-SHU-007808_seg_00369,2018-07-27,train,30.2,122.9,1828.0,0.539,0.412,131.5,106.0,64.6,0.43,858.4,Dozer Line,6.5,Timber,1,Held
CA-SHU-007808,Carr Fire,CA-SHU-007808_seg_00370,2018-07-27,train,7.9,720.1,1045.4,0.416,0.331,116.9,47.5,20.6,0.936,297.1,Dozer Line,6.5,Timber,1,Held
CA-SHU-007808,Carr Fire,CA-SHU-007808_seg_00371,2018-07-27,train,24.2,234.8,3433.4,0.115,0.136,159.7,85.9,16.2,0.96,3226.5,Road as Line,9.0,Timber,1,Held
CA-SHU-007808,Carr Fire,CA-SHU-007808_seg_00372,2018-07-27,train,25.0,433.3,159.6,0.799,0.149,150.5,18.7,41.8,0.745,-1279.2,Road as Line,9.0,Timber,1,Held
CA-SHU-007808,Carr Fire,CA-SHU-007808_seg_00373,2018-07-27,train,20.9,604.2,1027.2,0.641,0.365,139.9,161.9,68.1,0.373,-126.8,Dozer Line,6.5,Timber,1,Held
CA-SHU-007808,Carr Fire,CA-SHU-007808_seg_00374,2018-07-27,train,15.8,509.1,202.6,0.88,0.116,126.3,44.0,7.7,0.991,-1382.2,Completed Hand Line,2.0,Timber,0,Burned Over
CA-SHU-007808,Carr Fire,CA-SHU-007808_seg_00375,2018-07-27,train,13.0,143.9,1754.1,0.443,0.226,123.3,25.5,7.9,0.991,956.0,Road as Line,9.0,Timber,1,Held
CA-SHU-007808,Carr Fire,CA-SHU-007808_seg_00376,2018-07-27,train,11.6,595.3,403.3,0.434,0.403,105.6,107.1,88.5,0.027,-377.8,Completed Hand Line,2.0,Timber,1,Held
CA-SHU-007808,Carr Fire,CA-SHU-007808_seg_00377,2018-07-27,train,2.0,590.8,3617.1,0.03,0.031,128.7,109.7,71.0,0.325,3563.9,Dozer Line,6.5,Timber,1,Held
CA-SHU-007808,Carr Fire,CA-SHU-007808_seg_00378,2018-07-27,train,21.9,560.2,706.3,0.658,0.221,142.6,97.6,45.0,0.707,-478.1,Road as Line,9.0,Timber,1,Held
CA-SHU-007808,Carr Fire,CA-SHU-007808_seg_00379,2018-07-27,train,30.9,684.0,883.9,0.848,0.188,138.3,35.1,13.3,0.973,-641.9,Dozer Line,6.5,Timber,0,Burned Over
CA-SHU-007808,Carr Fire,CA-SHU-007808_seg_00380,2018-07-27,train,14.5,262.7,2087.3,0.272,0.323,100.5,124.8,65.7,0.411,1596.9,Dozer Line,6.5,Timber,0,Burned Over
CA-SHU-007808,Carr Fire,CA-SHU-007808_seg_00381,2018-07-27,train,8.8,285.0,1160.2,0.587,0.426,123.6,161.5,52.1,0.614,103.6,Dozer Line,6.5,Timber,1,Held
CA-SHU-007808,Carr Fire,CA-SHU-007808_seg_00382,2018-07-27,train,11.1,341.5,229.9,0.894,0.105,124.6,160.1,54.6,0.58,-1379.0,Road as Line,9.0,Timber,1,Held
CA-SHU-007808,Carr Fire,CA-SHU-007808_seg_00383,2018-07-27,train,4.4,543.1,364.0,0.457,0.268,140.9,170.5,60.4,0.494,-458.9,Dozer Line,6.5,Timber,1,Held
CA-SHU-007808,Carr Fire,CA-SHU-007808_seg_00384,2018-07-27,train,5.7,411.9,416.2,0.801,0.227,172.8,136.6,53.8,0.591,-1024.7,Dozer Line,6.5,Timber,1,Held
CA-SHU-007808,Carr Fire,CA-SHU-007808_seg_00385,2018-07-27,train,33.4,50.0,2672.7,0.402,0.253,131.8,38.8,3.0,0.999,1948.2,Dozer Line,6.5,Timber,1,Held
CA-SHU-007808,Carr Fire,CA-SHU-007808_seg_00386,2018-07-27,train,11.6,358.7,3390.4,0.087,0.075,169.3,82.1,2.9,0.999,3234.2,Dozer Line,6.5,Timber,1,Held
CA-SHU-007808,Carr Fire,CA-SHU-007808_seg_00387,2018-07-27,train,34.7,296.6,540.9,0.873,0.194,125.3,10.2,25.1,0.905,-1029.8,Dozer Line,6.5,Timber,0,Burned Over
CA-SHU-007808,Carr Fire,CA-SHU-007808_seg_00388,2018-07-27,train,4.4,490.7,185.4,0.885,0.162,124.2,30.7,3.4,0.998,-1407.1,Dozer Line,6.5,Timber,0,Burned Over
CA-SHU-007808,Carr Fire,CA-SHU-007808_seg_00389,2018-07-27,train,14.3,754.7,2064.4,0.157,0.166,133.2,145.7,77.4,0.217,1782.0,Dozer Line,6.5,Timber,1,Held
CA-SHU-007808,Carr Fire,CA-SHU-007808_seg_00390,2018-07-27,train,34.9,351.6,2170.5,0.275,0.211,122.3,10.5,21.7,0.929,1675.9,Road as Line,9.0,Timber,1,Held
CA-SHU-007808,Carr Fire,CA-SHU-007808_seg_00391,2018-07-27,train,29.6,772.8,1559.2,0.439,0.223,123.3,115.6,82.3,0.134,768.7,Road as Line,9.0,Timber,1,Held
CA-SHU-007808,Carr Fire,CA-SHU-007808_seg_00392,2018-07-27,train,17.8,501.5,1086.1,0.412,0.231,86.2,64.8,68.6,0.365,345.2,Road as Line,9.0,Timber,1,Held
CA-SHU-007808,Carr Fire,CA-SHU-007808_seg_00393,2018-07-27,train,16.9,495.5,1245.9,0.451,0.368,138.6,28.0,20.6,0.936,434.5,Dozer Line,6.5,Timber,1,Held
CA-SHU-007808,Carr Fire,CA-SHU-007808_seg_00394,2018-07-27,train,28.5,443.6,3678.5,0.069,0.08,102.0,133.1,58.9,0.516,3554.3,Road as Line,9.0,Timber,1,Held
CA-SHU-007808,Carr Fire,CA-SHU-007808_seg_00395,2018-07-27,train,21.5,502.2,1058.4,0.627,0.35,135.7,8.5,37.2,0.796,-70.2,Completed Hand Line,2.0,Timber,0,Burned Over
CA-SHU-007808,Carr Fire,CA-SHU-007808_seg_00396,2018-07-27,train,16.4,447.4,4625.5,0.011,0.017,165.1,164.9,89.8,0.004,4606.5,Dozer Line,6.5,Timber,1,Held
CA-SHU-007808,Carr Fire,CA-SHU-007808_seg_00397,2018-07-27,train,14.6,671.6,1213.4,0.477,0.288,118.9,63.5,34.6,0.823,355.5,Dozer Line,6.5,Timber,0,Burned Over
CA-SHU-007808,Carr Fire,CA-SHU-007808_seg_00398,2018-07-27,train,21.4,514.5,2978.7,0.117,0.108,161.3,31.6,39.7,0.769,2768.0,Dozer Line,6.5,Timber,1,Held
CA-SHU-007808,Carr Fire,CA-SHU-007808_seg_00399,2018-07-27,train,15.4,513.9,382.5,0.69,0.227,116.9,20.3,6.6,0.993,-860.2,Road as Line,9.0,Timber,0,Burned Over
CA-SHU-007808,Carr Fire,CA-SHU-007808_seg_00400,2018-07-27,train,11.9,698.2,1080.7,0.699,0.23,148.4,0.3,58.1,0.529,-177.5,Dozer Line,6.5,Timber,1,Held
CA-SHU-007808,Carr Fire,CA-SHU-007808_seg_00401,2018-07-27,train,18.9,232.4,1191.3,0.554,0.203,122.3,91.5,59.3,0.511,194.2,Dozer Line,6.5,Timber,1,Held
CA-SHU-007808,Carr Fire,CA-SHU-007808_seg_00402,2018-07-27,train,25.6,296.1,1286.3,0.614,0.351,139.2,62.9,13.7,0.971,181.3,Dozer Line,6.5,Timber,0,Burned Over
CA-SHU-007808,Carr Fire,CA-SHU-007808_seg_00403,2018-07-27,train,25.8,246.0,3689.3,0.082,0.077,115.7,37.7,11.9,0.978,3542.4,Dozer Line,6.5,Timber,1,Held
CA-SHU-007808,Carr Fire,CA-SHU-007808_seg_00404,2018-07-27,train,14.5,479.5,350.1,0.76,0.21,93.7,64.6,60.9,0.487,-1017.5,Dozer Line,6.5,Timber,1,Held
CA-SHU-007808,Carr Fire,CA-SHU-007808_seg_00405,2018-07-27,train,10.4,317.0,346.3,0.711,0.354,128.3,166.9,51.3,0.625,-933.5,Completed Hand Line,2.0,Timber,0,Burned Over
CA-SHU-007808,Carr Fire,CA-SHU-007808_seg_00406,2018-07-27,train,24.7,541.2,1599.3,0.45,0.313,112.5,136.3,66.2,0.404,788.8,Road as Line,9.0,Timber,1,Held
CA-SHU-007808,Carr Fire,CA-SHU-007808_seg_00407,2018-07-27,train,7.6,583.6,3843.8,0.026,0.029,148.8,119.5,60.8,0.488,3796.7,Dozer Line,6.5,Timber,1,Held
CA-SHU-007808,Carr Fire,CA-SHU-007808_seg_00408,2018-07-27,train,17.9,372.8,285.8,0.725,0.168,110.9,36.9,15.9,0.962,-1018.4,Dozer Line,6.5,Timber,0,Burned Over
CA-SHU-007808,Carr Fire,CA-SHU-007808_seg_00409,2018-07-27,train,14.5,420.2,254.9,0.595,0.393,135.3,147.4,77.9,0.21,-815.6,Road as Line,9.0,Timber,1,Held
CA-SHU-007808,Carr Fire,CA-SHU-007808_seg_00410,2018-07-27,train,4.8,255.5,1077.5,0.255,0.254,147.1,128.0,70.9,0.327,618.6,Completed Hand Line,2.0,Timber,1,Held
CA-SHU-007808,Carr Fire,CA-SHU-007808_seg_00411,2018-07-27,train,15.2,457.4,1125.1,0.641,0.255,146.1,58.8,2.8,0.999,-28.2,Dozer Line,6.5,Timber,0,Burned Over
CA-SHU-007808,Carr Fire,CA-SHU-007808_seg_00412,2018-07-27,train,14.2,481.1,3116.1,0.112,0.127,101.5,167.1,24.4,0.91,2914.7,Road as Line,9.0,Timber,1,Held
CA-SHU-007808,Carr Fire,CA-SHU-007808_seg_00413,2018-07-27,train,16.1,698.4,2600.3,0.121,0.097,129.8,50.7,10.9,0.982,2383.3,Dozer Line,6.5,Timber,1,Held
CA-SHU-007808,Carr Fire,CA-SHU-007808_seg_00414,2018-07-27,train,28.9,554.8,837.5,0.6,0.236,134.9,128.7,83.8,0.108,-243.1,Dozer Line,6.5,Timber,1,Held
CA-SHU-007808,Carr Fire,CA-SHU-007808_seg_00415,2018-07-27,train,12.6,280.7,293.6,0.4,0.412,124.9,143.3,71.6,0.315,-426.2,Dozer Line,6.5,Timber,1,Held
CA-SHU-007808,Carr Fire,CA-SHU-007808_seg_00416,2018-07-27,train,27.5,752.8,2244.2,0.322,0.388,107.2,80.4,63.2,0.451,1664.7,Dozer Line,6.5,Timber,1,Held
CA-SHU-007808,Carr Fire,CA-SHU-007808_seg_00417,2018-07-27,train,29.5,598.0,1107.0,0.683,0.265,168.2,20.0,58.3,0.526,-122.9,Dozer Line,6.5,Timber,1,Held
CA-SHU-007808,Carr Fire,CA-SHU-007808_seg_00418,2018-07-27,train,19.0,468.7,1804.0,0.37,0.279,117.3,168.5,38.8,0.78,1138.1,Road as Line,9.0,Timber,1,Held
CA-SHU-007808,Carr Fire,CA-SHU-007808_seg_00419,2018-07-27,train,23.5,397.6,1054.6,0.817,0.259,133.0,44.0,1.0,1.0,-416.7,Dozer Line,6.5,Timber,1,Held
CA-SHU-007808,Carr Fire,CA-SHU-007808_seg_00420,2018-07-27,train,14.4,490.8,1899.6,0.21,0.222,150.2,140.1,79.9,0.176,1521.0,Dozer Line,6.5,Timber,1,Held
CA-SHU-007808,Carr Fire,CA-SHU-007808_seg_00421,2018-07-27,train,12.6,775.0,1123.8,0.389,0.309,161.8,31.9,39.9,0.768,424.1,Road as Line,9.0,Timber,1,Held
CA-SHU-007808,Carr Fire,CA-SHU-007808_seg_00422,2018-07-27,train,33.1,544.5,1799.2,0.429,0.412,101.6,73.4,61.7,0.474,1027.8,Completed Hand Line,2.0,Timber,0,Burned Over
CA-SHU-007808,Carr Fire,CA-SHU-007808_seg_00423,2018-07-27,train,14.0,462.7,491.8,0.415,0.221,80.9,81.9,89.1,0.016,-255.6,Completed Hand Line,2.0,Timber,1,Held
CA-SHU-007808,Carr Fire,CA-SHU-007808_seg_00424,2018-07-27,train,13.8,480.8,1276.2,0.609,0.312,150.3,40.6,19.6,0.942,180.2,Completed Hand Line,2.0,Timber,0,Burned Over
CA-SHU-007808,Carr Fire,CA-SHU-007808_seg_00425,2018-07-27,train,6.1,426.6,927.5,0.402,0.419,121.2,11.4,19.8,0.941,203.2,Dozer Line,6.5,Timber,1,Held
CA-SHU-007808,Carr Fire,CA-SHU-007808_seg_00426,2018-07-27,train,26.6,253.5,1340.3,0.633,0.187,111.9,76.0,54.2,0.586,201.3,Road as Line,9.0,Timber,1,Held
CA-SHU-007808,Carr Fire,CA-SHU-007808_seg_00427,2018-07-27,train,13.8,369.8,1314.8,0.416,0.294,108.8,138.7,60.1,0.498,565.6,Dozer Line,6.5,Timber,1,Held
CA-SHU-007808,Carr Fire,CA-SHU-007808_seg_00428,2018-07-27,train,17.4,634.2,1386.9,0.43,0.358,113.7,153.6,50.1,0.641,613.5,Dozer Line,6.5,Timber,0,Burned Over
CA-SHU-007808,Carr Fire,CA-SHU-007808_seg_00429,2018-07-27,train,14.9,494.9,701.9,0.693,0.252,149.3,70.3,11.0,0.982,-545.6,Dozer Line,6.5,Timber,0,Burned Over
CA-SHU-007808,Carr Fire,CA-SHU-007808_seg_00430,2018-07-27,train,22.9,582.1,1300.9,0.478,0.24,94.9,36.7,31.8,0.849,441.0,Dozer Line,6.5,Timber,0,Burned Over
CA-SHU-007808,Carr Fire,CA-SHU-007808_seg_00431,2018-07-27,train,18.2,433.2,574.3,0.859,0.1,156.0,80.0,14.0,0.97,-971.6,Dozer Line,6.5,Timber,0,Burned Over
CA-SHU-007808,Carr Fire,CA-SHU-007808_seg_00432,2018-07-27,train,24.6,245.4,228.0,0.889,0.127,104.3,179.5,14.9,0.967,-1372.5,Dozer Line,6.5,Timber,0,Burned Over
CA-SHU-007808,Carr Fire,CA-SHU-007808_seg_00433,2018-07-27,train,30.3,354.8,670.5,0.758,0.221,110.8,45.9,25.1,0.906,-694.4,Dozer Line,6.5,Timber,0,Burned Over
CA-SHU-007808,Carr Fire,CA-SHU-007808_seg_00434,2018-07-27,train,4.3,561.9,894.0,0.666,0.388,124.6,20.3,14.4,0.969,-305.6,Dozer Line,6.5,Timber,1,Held
CA-SHU-007808,Carr Fire,CA-SHU-007808_seg_00435,2018-07-27,train,15.5,480.7,1947.5,0.285,0.227,114.6,68.5,43.9,0.721,1434.7,Road as Line,9.0,Timber,1,Held
CA-SHU-007808,Carr Fire,CA-SHU-007808_seg_00436,2018-07-27,train,3.7,577.2,374.9,0.466,0.24,160.1,58.8,11.3,0.981,-464.5,Dozer Line,6.5,Timber,1,Held
CA-SHU-007808,Carr Fire,CA-SHU-007808_seg_00437,2018-07-27,train,29.5,389.4,2348.1,0.434,0.259,140.7,11.0,39.6,0.77,1567.3,Dozer Line,6.5,Timber,1,Held
CA-SHU-007808,Carr Fire,CA-SHU-007808_seg_00438,2018-07-27,train,11.7,618.4,1465.0,0.472,0.366,152.2,34.2,28.0,0.883,615.3,Dozer Line,6.5,Timber,1,Held
CA-SHU-007808,Carr Fire,CA-SHU-007808_seg_00439,2018-07-27,train,21.5,113.8,284.4,0.899,0.094,96.8,133.8,53.0,0.602,-1333.2,Dozer Line,6.5,Timber,0,Burned Over
CA-SHU-007808,Carr Fire,CA-SHU-007808_seg_00440,2018-07-27,train,17.7,498.2,1516.0,0.36,0.277,123.7,38.3,4.6,0.997,868.9,Dozer Line,6.5,Timber,0,Burned Over
CA-SHU-007808,Carr Fire,CA-SHU-007808_seg_00441,2018-07-27,train,17.8,429.4,680.7,0.79,0.26,123.2,174.3,38.9,0.778,-740.4,Dozer Line,6.5,Timber,0,Burned Over
CA-SHU-007808,Carr Fire,CA-SHU-007808_seg_00442,2018-07-27,train,1.0,757.9,1161.3,0.316,0.329,107.1,77.8,60.6,0.491,592.6,Dozer Line,6.5,Timber,1,Held
CA-SHU-007808,Carr Fire,CA-SHU-007808_seg_00443,2018-07-27,train,24.9,228.2,293.9,0.772,0.298,130.0,6.3,33.7,0.832,-1095.1,Dozer Line,6.5,Timber,0,Burned Over
CA-SHU-007808,Carr Fire,CA-SHU-007808_seg_00444,2018-07-27,train,38.9,294.9,1235.5,0.757,0.269,152.2,23.7,38.5,0.783,-127.3,Completed Hand Line,2.0,Timber,0,Burned Over
CA-SHU-007808,Carr Fire,CA-SHU-007808_seg_00445,2018-07-27,train,12.0,522.7,197.3,0.878,0.098,151.8,54.2,7.7,0.991,-1382.6,Completed Hand Line,2.0,Timber,0,Burned Over
CA-SHU-007808,Carr Fire,CA-SHU-007808_seg_00446,2018-07-27,train,20.0,294.8,385.6,0.791,0.233,141.7,76.6,24.9,0.907,-1038.0,Dozer Line,6.5,Timber,0,Burned Over
CA-SHU-007808,Carr Fire,CA-SHU-007808_seg_00447,2018-07-27,train,11.7,346.1,979.1,0.623,0.315,110.3,5.3,15.0,0.966,-142.2,Road as Line,9.0,Timber,1,Held
CA-SHU-007808,Carr Fire,CA-SHU-007808_seg_00448,2018-07-27,train,14.8,321.0,2235.3,0.329,0.178,131.6,17.4,24.3,0.912,1643.2,Road as Line,9.0,Timber,1,Held
CA-SHU-007808,Carr Fire,CA-SHU-007808_seg_00449,2018-07-27,train,13.4,433.1,2268.6,0.248,0.287,135.5,29.9,15.6,0.963,1822.2,Dozer Line,6.5,Timber,0,Burned Over
CA-SHU-007808,Carr Fire,CA-SHU-007808_seg_00450,2018-07-27,train,17.7,511.2,917.1,0.468,0.357,155.3,129.1,63.8,0.442,73.8,Dozer Line,6.5,Timber,1,Held
CA-SHU-007808,Carr Fire,CA-SHU-007808_seg_00451,2018-07-27,train,16.7,229.7,660.5,0.827,0.194,117.1,44.3,17.3,0.955,-828.0,Dozer Line,6.5,Timber,0,Burned Over
CA-SHU-007808,Carr Fire,CA-SHU-007808_seg_00452,2018-07-27,train,12.3,380.5,599.9,0.772,0.198,84.2,128.3,45.9,0.696,-789.9,Dozer Line,6.5,Timber,1,Held
CA-SHU-007808,Carr Fire,CA-SHU-007808_seg_00453,2018-07-27,train,21.2,419.7,208.0,0.786,0.21,126.8,153.3,63.5,0.446,-1206.5,Dozer Line,6.5,Timber,0,Burned Over
CA-SHU-007808,Carr Fire,CA-SHU-007808_seg_00454,2018-07-27,train,13.3,341.1,842.3,0.632,0.356,97.6,25.4,17.8,0.952,-296.0,Dozer Line,6.5,Timber,0,Burned Over
CA-SHU-007808,Carr Fire,CA-SHU-007808_seg_00455,2018-07-27,train,24.3,355.7,1165.8,0.523,0.424,135.2,145.0,80.1,0.172,223.9,Dozer Line,6.5,Timber,1,Held
CA-SHU-007808,Carr Fire,CA-SHU-007808_seg_00456,2018-07-27,train,17.8,325.3,444.7,0.791,0.246,160.5,22.5,48.0,0.669,-979.2,Dozer Line,6.5,Timber,0,Burned Over
CA-SHU-007808,Carr Fire,CA-SHU-007808_seg_00457,2018-07-27,train,18.0,638.6,921.9,0.663,0.383,117.9,6.7,21.2,0.933,-271.7,Dozer Line,6.5,Timber,0,Burned Over
CA-SHU-007808,Carr Fire,CA-SHU-007808_seg_00458,2018-07-27,train,19.2,425.2,834.7,0.585,0.238,127.1,148.9,68.2,0.371,-217.9,Dozer Line,6.5,Timber,1,Held
CA-SHU-007808,Carr Fire,CA-SHU-007808_seg_00459,2018-07-27,train,3.5,231.5,940.8,0.216,0.152,138.2,131.2,83.0,0.122,552.9,Dozer Line,6.5,Timber,1,Held
CA-SHU-007808,Carr Fire,CA-SHU-007808_seg_00460,2018-07-27,train,19.9,301.6,973.6,0.443,0.291,128.0,156.5,61.5,0.477,176.8,Dozer Line,6.5,Timber,1,Held
CA-SHU-007808,Carr Fire,CA-SHU-007808_seg_00461,2018-07-27,train,21.8,592.3,755.1,0.694,0.359,107.7,37.8,20.1,0.939,-493.3,Road as Line,9.0,Timber,0,Burned Over
CA-SHU-007808,Carr Fire,CA-SHU-007808_seg_00462,2018-07-27,train,28.2,315.8,2024.5,0.266,0.26,126.4,103.5,67.1,0.388,1546.0,Dozer Line,6.5,Timber,1,Held
CA-SHU-007808,Carr Fire,CA-SHU-007808_seg_00463,2018-07-27,train,17.9,321.1,1630.8,0.433,0.329,146.1,167.6,68.5,0.366,850.7,Dozer Line,6.5,Timber,1,Held
CA-SHU-007808,Carr Fire,CA-SHU-007808_seg_00464,2018-07-27,train,24.9,522.3,3484.5,0.089,0.126,132.8,49.8,7.1,0.992,3324.5,Completed Hand Line,2.0,Timber,1,Held
CA-SHU-007808,Carr Fire,CA-SHU-007808_seg_00465,2018-07-27,train,14.7,282.3,2663.1,0.078,0.081,148.8,101.0,42.2,0.741,2522.6,Road as Line,9.0,Timber,1,Held
CA-SHU-007808,Carr Fire,CA-SHU-007808_seg_00466,2018-07-27,train,14.6,729.0,213.2,0.698,0.292,143.4,151.7,81.7,0.144,-1043.3,Road as Line,9.0,Timber,1,Held
CA-SHU-007808,Carr Fire,CA-SHU-007808_seg_00467,2018-07-27,train,6.4,644.5,576.7,0.568,0.419,102.4,147.6,44.8,0.71,-445.2,Dozer Line,6.5,Timber,1,Held
CA-SHU-007808,Carr Fire,CA-SHU-007808_seg_00468,2018-07-27,train,28.3,338.1,4189.7,0.044,0.066,162.6,53.9,18.7,0.947,4111.2,Road as Line,9.0,Timber,1,Held
CA-SHU-007808,Carr Fire,CA-SHU-007808_seg_00469,2018-07-27,train,12.1,603.8,1039.2,0.68,0.313,157.9,70.4,2.5,0.999,-185.3,Dozer Line,6.5,Timber,0,Burned Over
CA-SHU-007808,Carr Fire,CA-SHU-007808_seg_00470,2018-07-27,train,15.8,501.6,488.5,0.69,0.286,153.2,14.7,48.4,0.664,-754.0,Dozer Line,6.5,Timber,0,Burned Over
CA-SHU-007808,Carr Fire,CA-SHU-007808_seg_00471,2018-07-27,train,17.9,479.3,1432.9,0.212,0.229,155.7,143.1,77.3,0.219,1051.8,Road as Line,9.0,Timber,1,Held
CA-SHU-007808,Carr Fire,CA-SHU-007808_seg_00472,2018-07-27,train,15.4,296.8,2521.8,0.155,0.134,153.6,26.6,37.0,0.799,2242.1,Road as Line,9.0,Timber,1,Held
CA-SHU-007808,Carr Fire,CA-SHU-007808_seg_00473,2018-07-27,train,27.7,367.6,1835.6,0.447,0.388,97.6,135.2,52.4,0.61,1031.7,Road as Line,9.0,Timber,1,Held
CA-SHU-007808,Carr Fire,CA-SHU-007808_seg_00474,2018-07-27,train,20.7,745.0,481.1,0.798,0.283,127.5,21.9,15.6,0.963,-955.8,Dozer Line,6.5,Timber,0,Burned Over
CA-SHU-007808,Carr Fire,CA-SHU-007808_seg_00475,2018-07-27,train,29.8,358.5,305.1,0.864,0.101,129.0,56.7,17.7,0.953,-1250.9,Dozer Line,6.5,Timber,0,Burned Over
CA-SHU-007808,Carr Fire,CA-SHU-007808_seg_00476,2018-07-27,train,9.0,626.2,626.5,0.557,0.374,142.2,7.7,44.6,0.713,-376.7,Dozer Line,6.5,Timber,1,Held
CA-SHU-007808,Carr Fire,CA-SHU-007808_seg_00477,2018-07-27,train,5.7,346.8,721.9,0.492,0.22,93.7,89.3,85.6,0.077,-163.2,Road as Line,9.0,Timber,1,Held
CA-SHU-007808,Carr Fire,CA-SHU-007808_seg_00478,2018-07-27,train,16.7,337.9,1306.9,0.435,0.33,122.1,43.6,11.5,0.98,524.3,Completed Hand Line,2.0,Timber,0,Burned Over
CA-SHU-007808,Carr Fire,CA-SHU-007808_seg_00479,2018-07-27,train,22.2,294.2,868.2,0.772,0.292,130.7,172.0,48.7,0.661,-521.7,Road as Line,9.0,Timber,1,Held
CA-SHU-007808,Carr Fire,CA-SHU-007808_seg_00480,2018-07-27,train,25.8,515.1,278.1,0.85,0.188,125.0,157.9,57.1,0.543,-1252.3,Dozer Line,6.5,Timber,1,Held
CA-SHU-007808,Carr Fire,CA-SHU-007808_seg_00481,2018-07-27,train,28.2,463.1,2469.4,0.199,0.249,109.9,82.2,62.4,0.464,2111.6,Dozer Line,6.5,Timber,1,Held
CA-SHU-007808,Carr Fire,CA-SHU-007808_seg_00482,2018-07-27,train,28.3,389.1,503.1,0.88,0.128,158.4,68.0,0.4,1.0,-1080.6,Dozer Line,6.5,Timber,0,Burned Over
CA-SHU-007808,Carr Fire,CA-SHU-007808_seg_00483,2018-07-27,train,23.6,50.0,424.9,0.665,0.383,94.0,114.2,69.8,0.346,-772.9,Dozer Line,6.5,Timber,0,Burned Over
CA-SHU-007808,Carr Fire,CA-SHU-007808_seg_00484,2018-07-27,train,18.5,498.4,1099.9,0.756,0.149,166.9,120.5,43.5,0.725,-261.1,Dozer Line,6.5,Timber,1,Held
CA-SHU-007808,Carr Fire,CA-SHU-007808_seg_00485,2018-07-27,train,15.1,646.3,1355.4,0.44,0.327,120.2,18.4,11.8,0.979,562.7,Dozer Line,6.5,Timber,0,Burned Over
CA-SHU-007808,Carr Fire,CA-SHU-007808_seg_00486,2018-07-27,train,14.3,660.9,205.1,0.638,0.36,114.5,103.5,79.0,0.19,-942.4,Completed Hand Line,2.0,Timber,0,Burned Over
CA-SHU-007808,Carr Fire,CA-SHU-007808_seg_00487,2018-07-27,train,18.4,444.6,995.4,0.599,0.34,131.4,31.3,10.1,0.984,-82.1,Dozer Line,6.5,Timber,1,Held
CA-SHU-007808,Carr Fire,CA-SHU-007808_seg_00488,2018-07-27,train,18.1,535.1,2284.6,0.083,0.129,132.6,127.2,84.6,0.094,2134.9,Dozer Line,6.5,Timber,1,Held
CA-SHU-007808,Carr Fire,CA-SHU-007808_seg_00489,2018-07-27,train,17.9,478.5,2118.1,0.134,0.184,186.2,174.2,78.0,0.207,1876.8,Road as Line,9.0,Timber,1,Held
CA-SHU-007808,Carr Fire,CA-SHU-007808_seg_00490,2018-07-27,train,5.5,499.2,586.7,0.71,0.272,136.1,6.3,39.8,0.768,-691.9,Dozer Line,6.5,Timber,1,Held
CA-SHU-007808,Carr Fire,CA-SHU-007808_seg_00491,2018-07-27,train,23.6,170.2,451.9,0.832,0.219,132.0,173.1,48.9,0.657,-1045.0,Dozer Line,6.5,Timber,0,Burned Over
CA-SHU-007808,Carr Fire,CA-SHU-007808_seg_00492,2018-07-27,train,8.3,400.2,293.5,0.625,0.381,142.5,112.1,59.6,0.506,-831.0,Road as Line,9.0,Timber,1,Held
CA-SHU-007808,Carr Fire,CA-SHU-007808_seg_00493,2018-07-27,train,22.1,516.9,369.1,0.846,0.189,145.1,47.6,7.5,0.991,-1154.4,Dozer Line,6.5,Timber,0,Burned Over
CA-SHU-007808,Carr Fire,CA-SHU-007808_seg_00494,2018-07-27,train,10.7,228.8,893.5,0.639,0.2,163.7,64.1,9.6,0.986,-257.0,Dozer Line,6.5,Timber,0,Burned Over
CA-SHU-007808,Carr Fire,CA-SHU-007808_seg_00495,2018-07-27,train,13.6,526.0,358.6,0.67,0.363,106.0,101.7,85.8,0.074,-846.7,Road as Line,9.0,Timber,1,Held
CA-SHU-007808,Carr Fire,CA-SHU-007808_seg_00496,2018-07-27,train,16.6,388.8,337.2,0.522,0.316,130.1,114.2,74.1,0.274,-601.5,Dozer Line,6.5,Timber,1,Held
CA-SHU-007808,Carr Fire,CA-SHU-007808_seg_00497,2018-07-27,train,1.0,432.0,1174.9,0.337,0.196,133.5,155.8,67.7,0.379,567.6,Dozer Line,6.5,Timber,1,Held
CA-SHU-007808,Carr Fire,CA-SHU-007808_seg_00498,2018-07-27,train,25.1,415.2,1395.1,0.563,0.223,134.7,160.2,64.5,0.431,381.9,Road as Line,9.0,Timber,1,Held
CA-SHU-007808,Carr Fire,CA-SHU-007808_seg_00499,2018-07-27,train,24.7,308.4,440.7,0.646,0.274,118.8,123.8,85.0,0.087,-721.6,Road as Line,9.0,Timber,1,Held
CA-SHU-007808,Carr Fire,CA-SHU-007808_seg_00500,2018-07-27,train,20.7,477.9,1963.9,0.463,0.302,133.6,107.0,63.4,0.447,1129.9,Dozer Line,6.5,Timber,1,Held
CA-SHU-007808,Carr Fire,CA-SHU-007808_seg_00501,2018-07-27,train,16.3,680.1,900.2,0.623,0.21,126.1,1.8,34.3,0.826,-220.7,Dozer Line,6.5,Timber,0,Burned Over
CA-SHU-007808,Carr Fire,CA-SHU-007808_seg_00502,2018-07-27,train,18.6,490.4,1296.5,0.669,0.185,158.3,83.1,14.8,0.967,91.6,Dozer Line,6.5,Timber,1,Held
CA-SHU-007808,Carr Fire,CA-SHU-007808_seg_00503,2018-07-27,train,17.0,279.5,1004.3,0.447,0.32,151.8,7.4,54.4,0.582,199.8,Dozer Line,6.5,Timber,1,Held
CA-SHU-007808,Carr Fire,CA-SHU-007808_seg_00504,2018-07-27,train,35.5,285.7,1782.7,0.127,0.101,149.3,139.2,79.9,0.175,1553.2,Dozer Line,6.5,Timber,0,Burned Over
CA-SHU-007808,Carr Fire,CA-SHU-007808_seg_00505,2018-07-27,train,19.1,430.1,487.1,0.799,0.261,182.2,46.2,46.0,0.694,-951.7,Road as Line,9.0,Timber,0,Burned Over
CA-SHU-007808,Carr Fire,CA-SHU-007808_seg_00506,2018-07-27,train,16.1,543.8,1402.8,0.502,0.254,148.2,26.0,32.3,0.846,498.5,Dozer Line,6.5,Timber,1,Held
CA-SHU-007808,Carr Fire,CA-SHU-007808_seg_00507,2018-07-27,train,1.0,403.8,1200.6,0.399,0.383,117.4,131.5,75.9,0.244,481.5,Dozer Line,6.5,Timber,1,Held
CA-SHU-007808,Carr Fire,CA-SHU-007808_seg_00508,2018-07-27,train,23.9,479.6,672.7,0.832,0.177,167.6,115.5,37.9,0.789,-825.3,Dozer Line,6.5,Timber,0,Burned Over
CA-SHU-007808,Carr Fire,CA-SHU-007808_seg_00509,2018-07-27,train,17.3,442.6,322.6,0.564,0.285,165.5,174.7,80.8,0.16,-691.8,Dozer Line,6.5,Timber,1,Held
CA-SHU-007808,Carr Fire,CA-SHU-007808_seg_00510,2018-07-27,train,25.5,635.4,3873.5,0.061,0.051,86.0,19.9,23.9,0.915,3764.4,Road as Line,9.0,Timber,1,Held
CA-SHU-007808,Carr Fire,CA-SHU-007808_seg_00511,2018-07-27,train,12.4,456.9,1071.1,0.372,0.287,110.4,109.2,88.8,0.022,402.2,Road as Line,9.0,Timber,1,Held
CA-SHU-007808,Carr Fire,CA-SHU-007808_seg_00512,2018-07-27,train,25.4,590.4,3011.3,0.182,0.187,114.2,179.8,24.3,0.911,2684.2,Dozer Line,6.5,Timber,1,Held
CA-SHU-007808,Carr Fire,CA-SHU-007808_seg_00513,2018-07-27,train,1.0,179.1,289.2,0.587,0.399,146.3,175.8,60.5,0.493,-767.6,Dozer Line,6.5,Timber,1,Held
CA-SHU-007808,Carr Fire,CA-SHU-007808_seg_00514,2018-07-27,train,26.4,208.1,3398.9,0.019,0.019,135.6,137.5,88.0,0.035,3364.2,Road as Line,9.0,Timber,1,Held
CA-SHU-007808,Carr Fire,CA-SHU-007808_seg_00515,2018-07-27,train,25.7,501.9,1082.7,0.702,0.365,114.1,41.5,17.3,0.955,-180.4,Dozer Line,6.5,Timber,1,Held
CA-SHU-007808,Carr Fire,CA-SHU-007808_seg_00516,2018-07-27,train,17.2,630.6,399.2,0.792,0.143,129.4,49.4,10.0,0.985,-1026.6,Dozer Line,6.5,Timber,0,Burned Over
CA-SHU-007808,Carr Fire,CA-SHU-007808_seg_00517,2018-07-27,train,17.3,544.6,2945.5,0.111,0.1,143.7,2.6,51.0,0.629,2746.6,Dozer Line,6.5,Timber,1,Held
CA-SHU-007808,Carr Fire,CA-SHU-007808_seg_00518,2018-07-27,train,25.6,451.3,769.6,0.584,0.196,130.7,128.6,87.9,0.036,-281.7,Dozer Line,6.5,Timber,1,Held
CA-SHU-007808,Carr Fire,CA-SHU-007808_seg_00519,2018-07-27,train,19.0,541.5,2071.3,0.244,0.305,179.3,21.4,67.8,0.377,1631.5,Dozer Line,6.5,Timber,1,Held
CA-SHU-007808,Carr Fire,CA-SHU-007808_seg_00520,2018-07-27,train,15.0,492.1,3408.4,0.037,0.048,128.7,89.0,50.3,0.639,3341.2,Road as Line,9.0,Timber,1,Held
CA-SHU-007808,Carr Fire,CA-SHU-007808_seg_00521,2018-07-27,train,13.7,318.2,1734.9,0.473,0.436,111.4,97.5,76.2,0.239,882.8,Completed Hand Line,2.0,Timber,1,Held
CA-SHU-007808,Carr Fire,CA-SHU-007808_seg_00522,2018-07-27,train,19.8,312.0,212.4,0.776,0.308,162.4,44.1,28.3,0.88,-1184.7,Dozer Line,6.5,Timber,0,Burned Over
CA-SHU-007808,Carr Fire,CA-SHU-007808_seg_00523,2018-07-27,train,21.5,509.6,3821.5,0.033,0.054,137.8,150.3,77.5,0.216,3762.2,Dozer Line,6.5,Timber,1,Held
CA-SHU-007808,Carr Fire,CA-SHU-007808_seg_00524,2018-07-27,train,23.5,355.0,1858.7,0.409,0.429,146.7,90.2,33.5,0.834,1122.4,Dozer Line,6.5,Timber,1,Held
CA-SHU-007808,Carr Fire,CA-SHU-007808_seg_00525,2018-07-27,train,19.6,620.5,478.0,0.797,0.181,125.8,58.3,22.5,0.924,-957.0,Completed Hand Line,2.0,Timber,0,Burned Over
CA-SHU-007808,Carr Fire,CA-SHU-007808_seg_00526,2018-07-27,train,12.8,205.6,828.6,0.516,0.214,134.0,155.4,68.6,0.365,-100.3,Dozer Line,6.5,Timber,1,Held
CA-SHU-007808,Carr Fire,CA-SHU-007808_seg_00527,2018-07-27,train,7.4,553.9,265.3,0.546,0.36,85.0,97.0,78.0,0.208,-718.3,Dozer Line,6.5,Timber,1,Held
CA-SHU-007808,Carr Fire,CA-SHU-007808_seg_00528,2018-07-27,train,18.1,550.3,332.0,0.768,0.155,106.9,160.3,36.5,0.803,-1050.9,Dozer Line,6.5,Timber,1,Held
CA-SHU-007808,Carr Fire,CA-SHU-007808_seg_00529,2018-07-27,train,36.5,506.3,406.8,0.875,0.112,111.5,114.7,86.8,0.056,-1168.8,Completed Hand Line,2.0,Timber,1,Held
CA-SHU-007808,Carr Fire,CA-SHU-007808_seg_00530,2018-07-27,train,22.0,493.2,3754.9,0.039,0.05,113.0,138.9,64.1,0.437,3685.5,Road as Line,9.0,Timber,1,Held
CA-SHU-007808,Carr Fire,CA-SHU-007808_seg_00531,2018-07-27,train,1.0,560.3,171.7,0.494,0.229,108.6,62.3,43.6,0.724,-716.7,Dozer Line,6.5,Timber,1,Held
CA-SHU-007808,Carr Fire,CA-SHU-007808_seg_00532,2018-07-27,train,21.9,628.4,256.9,0.825,0.182,107.5,4.2,13.2,0.973,-1228.3,Dozer Line,6.5,Timber,0,Burned Over
CA-SHU-007808,Carr Fire,CA-SHU-007808_seg_00533,2018-07-27,train,39.5,682.1,1743.7,0.567,0.283,148.8,22.9,35.9,0.81,724.0,Dozer Line,6.5,Timber,0,Burned Over
CA-SHU-007808,Carr Fire,CA-SHU-007808_seg_00534,2018-07-27,train,17.4,279.3,823.2,0.551,0.4,130.1,89.6,49.5,0.65,-168.3,Road as Line,9.0,Timber,1,Held
CA-SHU-007808,Carr Fire,CA-SHU-007808_seg_00535,2018-07-27,train,30.9,340.0,587.4,0.818,0.185,134.9,174.7,50.2,0.64,-884.2,Completed Hand Line,2.0,Timber,0,Burned Over
CA-SHU-007808,Carr Fire,CA-SHU-007808_seg_00536,2018-07-27,train,17.4,468.5,635.8,0.679,0.336,153.5,112.0,48.5,0.663,-586.2,Road as Line,9.0,Timber,1,Held
CA-SHU-007808,Carr Fire,CA-SHU-007808_seg_00537,2018-07-27,train,19.2,347.9,1130.6,0.677,0.265,109.5,42.3,22.8,0.922,-87.2,Dozer Line,6.5,Timber,0,Burned Over
CA-SHU-007808,Carr Fire,CA-SHU-007808_seg_00538,2018-07-27,train,14.8,449.7,3811.9,0.038,0.048,83.7,82.6,88.9,0.019,3743.5,Road as Line,9.0,Timber,1,Held
CA-SHU-007808,Carr Fire,CA-SHU-007808_seg_00539,2018-07-27,train,29.0,284.6,348.8,0.941,0.098,169.2,72.0,7.2,0.992,-1344.8,Road as Line,9.0,Timber,0,Burned Over
CA-SHU-007808,Carr Fire,CA-SHU-007808_seg_00540,2018-07-27,train,12.1,566.5,526.9,0.577,0.398,113.8,154.1,49.7,0.647,-511.3,Road as Line,9.0,Timber,1,Held
CA-SHU-007808,Carr Fire,CA-SHU-007808_seg_00541,2018-07-27,train,20.7,418.3,288.3,0.828,0.183,106.5,175.5,21.0,0.934,-1201.9,Dozer Line,6.5,Timber,1,Held
CA-SHU-007808,Carr Fire,CA-SHU-007808_seg_00542,2018-07-27,train,8.0,666.1,590.5,0.688,0.253,101.3,55.4,44.0,0.719,-648.4,Dozer Line,6.5,Timber,1,Held
CA-SHU-007808,Carr Fire,CA-SHU-007808_seg_00543,2018-07-27,train,10.8,498.4,1758.5,0.441,0.339,118.4,45.5,17.1,0.956,965.1,Dozer Line,6.5,Timber,1,Held
CA-SHU-007808,Carr Fire,CA-SHU-007808_seg_00544,2018-07-27,train,25.4,425.7,1895.1,0.328,0.285,155.3,147.3,82.0,0.14,1303.9,Dozer Line,6.5,Timber,1,Held
CA-SHU-007808,Carr Fire,CA-SHU-007808_seg_00545,2018-07-27,train,19.1,437.5,469.1,0.749,0.299,134.6,120.4,75.7,0.247,-878.8,Dozer Line,6.5,Timber,0,Burned Over
CA-SHU-007808,Carr Fire,CA-SHU-007808_seg_00546,2018-07-27,train,9.3,414.1,2089.6,0.115,0.123,68.6,49.9,71.3,0.321,1882.3,Road as Line,9.0,Timber,1,Held
CA-SHU-007808,Carr Fire,CA-SHU-007808_seg_00547,2018-07-27,train,1.0,680.2,360.7,0.622,0.342,142.4,32.7,19.7,0.941,-758.7,Dozer Line,6.5,Timber,1,Held
CA-SHU-007808,Carr Fire,CA-SHU-007808_seg_00548,2018-07-27,train,16.0,509.0,596.9,0.607,0.192,129.1,72.3,33.2,0.837,-496.4,Completed Hand Line,2.0,Timber,0,Burned Over
CA-SHU-007808,Carr Fire,CA-SHU-007808_seg_00549,2018-07-27,train,2.9,404.2,5000.0,0.009,0.014,132.1,69.3,27.2,0.889,4983.4,Dozer Line,6.5,Timber,1,Held
CA-SHU-007808,Carr Fire,CA-SHU-007808_seg_00550,2018-07-27,train,6.7,165.4,262.5,0.879,0.107,122.3,8.9,23.4,0.918,-1320.2,Completed Hand Line,2.0,Timber,0,Burned Over
CA-SHU-007808,Carr Fire,CA-SHU-007808_seg_00551,2018-07-27,train,26.6,665.6,1219.0,0.593,0.293,101.6,134.6,57.0,0.544,151.6,Road as Line,9.0,Timber,1,Held
CA-SHU-007808,Carr Fire,CA-SHU-007808_seg_00552,2018-07-27,train,30.9,135.8,3524.2,0.042,0.062,118.8,136.9,71.9,0.311,3448.7,Dozer Line,6.5,Timber,1,Held
CA-SHU-007808,Carr Fire,CA-SHU-007808_seg_00553,2018-07-27,train,6.6,242.1,2217.6,0.127,0.09,121.0,114.5,83.5,0.113,1988.8,Dozer Line,6.5,Timber,1,Held
CA-SHU-007808,Carr Fire,CA-SHU-007808_seg_00554,2018-07-27,train,28.7,486.7,177.5,0.771,0.261,152.6,127.1,64.5,0.43,-1209.8,Road as Line,9.0,Timber,1,Held
CA-SHU-007808,Carr Fire,CA-SHU-007808_seg_00555,2018-07-27,train,25.8,581.2,1656.6,0.553,0.224,82.7,136.9,35.8,0.811,661.8,Dozer Line,6.5,Timber,1,Held
CA-SHU-007808,Carr Fire,CA-SHU-007808_seg_00556,2018-07-27,train,4.5,82.5,2840.4,0.059,0.077,111.8,27.8,6.1,0.994,2734.5,Completed Hand Line,2.0,Timber,1,Held
CA-SHU-007808,Carr Fire,CA-SHU-007808_seg_00557,2018-07-27,train,22.7,536.8,458.5,0.802,0.264,110.3,61.0,40.7,0.758,-985.7,Road as Line,9.0,Timber,1,Held
CA-SHU-007808,Carr Fire,CA-SHU-007808_seg_00558,2018-07-27,train,15.5,192.3,697.5,0.71,0.268,106.0,128.9,67.1,0.39,-580.7,Dozer Line,6.5,Timber,1,Held
CA-SHU-007808,Carr Fire,CA-SHU-007808_seg_00559,2018-07-27,train,32.8,363.7,2658.3,0.296,0.339,141.6,24.3,27.3,0.889,2125.0,Dozer Line,6.5,Timber,0,Burned Over
CA-SHU-007808,Carr Fire,CA-SHU-007808_seg_00560,2018-07-27,train,10.8,205.6,2402.1,0.218,0.14,128.2,99.3,61.1,0.484,2009.4,Road as Line,9.0,Timber,1,Held
CA-SHU-007808,Carr Fire,CA-SHU-007808_seg_00561,2018-07-27,train,23.7,195.8,2424.2,0.273,0.307,146.4,44.3,12.1,0.978,1933.6,Road as Line,9.0,Timber,1,Held
CA-SHU-007808,Carr Fire,CA-SHU-007808_seg_00562,2018-07-27,train,3.8,419.4,2231.0,0.135,0.202,128.6,161.0,57.5,0.537,1988.0,Dozer Line,6.5,Timber,1,Held
CA-SHU-007808,Carr Fire,CA-SHU-007808_seg_00563,2018-07-27,train,15.8,700.0,2829.5,0.137,0.178,151.5,138.0,76.5,0.233,2582.3,Road as Line,9.0,Timber,1,Held
CA-SHU-007808,Carr Fire,CA-SHU-007808_seg_00564,2018-07-27,train,15.9,318.9,989.9,0.495,0.428,130.5,154.0,66.6,0.397,98.4,Road as Line,9.0,Timber,1,Held
CA-SHU-007808,Carr Fire,CA-SHU-007808_seg_00565,2018-07-27,train,12.6,511.5,341.3,0.802,0.203,124.8,41.2,6.4,0.994,-1102.5,Dozer Line,6.5,Timber,0,Burned Over
CA-SHU-007808,Carr Fire,CA-SHU-007808_seg_00566,2018-07-27,train,23.3,336.1,487.4,0.493,0.416,106.8,128.3,68.5,0.366,-399.7,Dozer Line,6.5,Timber,1,Held
CA-SHU-007808,Carr Fire,CA-SHU-007808_seg_00567,2018-07-27,train,32.2,297.0,537.8,0.814,0.271,114.5,158.5,46.0,0.695,-927.7,Dozer Line,6.5,Timber,0,Burned Over
CA-SHU-007808,Carr Fire,CA-SHU-007808_seg_00568,2018-07-27,train,28.2,50.0,490.1,0.89,0.168,112.8,57.6,34.8,0.821,-1112.1,Dozer Line,6.5,Timber,0,Burned Over
CA-SHU-007808,Carr Fire,CA-SHU-007808_seg_00569,2018-07-27,train,21.9,251.0,322.6,0.721,0.261,101.5,145.3,46.2,0.692,-974.4,Dozer Line,6.5,Timber,1,Held
CA-SHU-007808,Carr Fire,CA-SHU-007808_seg_00570,2018-07-27,train,9.9,606.4,2156.2,0.156,0.156,116.1,137.2,68.8,0.361,1875.5,Dozer Line,6.5,Timber,1,Held
CA-SHU-007808,Carr Fire,CA-SHU-007808_seg_00571,2018-07-27,train,1.0,409.0,809.6,0.383,0.274,119.3,138.9,70.4,0.336,120.1,Dozer Line,6.5,Timber,1,Held
CA-SHU-007808,Carr Fire,CA-SHU-007808_seg_00572,2018-07-27,train,11.1,543.4,2114.8,0.189,0.275,130.7,65.1,24.4,0.911,1775.4,Road as Line,9.0,Timber,1,Held
CA-SHU-007808,Carr Fire,CA-SHU-007808_seg_00573,2018-07-27,train,28.0,493.4,460.9,0.857,0.152,142.8,55.2,2.5,0.999,-1082.1,Road as Line,9.0,Timber,0,Burned Over
CA-SHU-007808,Carr Fire,CA-SHU-007808_seg_00574,2018-07-27,train,26.9,360.2,211.3,0.866,0.182,113.4,32.6,9.2,0.987,-1348.3,Dozer Line,6.5,Timber,0,Burned Over
CA-SHU-007808,Carr Fire,CA-SHU-007808_seg_00575,2018-07-27,train,15.8,540.6,578.5,0.743,0.201,149.9,92.9,33.0,0.839,-759.3,Dozer Line,6.5,Timber,0,Burned Over
CA-SHU-007808,Carr Fire,CA-SHU-007808_seg_00576,2018-07-27,train,27.8,505.0,2311.0,0.425,0.373,134.9,12.2,32.7,0.841,1545.9,Completed Hand Line,2.0,Timber,1,Held
CA-SHU-007808,Carr Fire,CA-SHU-007808_seg_00577,2018-07-27,train,27.3,608.0,1053.5,0.568,0.345,123.4,39.2,5.9,0.995,31.3,Dozer Line,6.5,Timber,0,Burned Over
CA-SHU-007808,Carr Fire,CA-SHU-007808_seg_00578,2018-07-27,train,36.9,416.5,749.8,0.723,0.299,124.7,94.2,59.5,0.507,-550.9,Road as Line,9.0,Timber,1,Held
CA-SHU-007808,Carr Fire,CA-SHU-007808_seg_00579,2018-07-27,train,20.5,426.7,2306.7,0.161,0.186,133.1,94.5,51.3,0.625,2016.2,Road as Line,9.0,Timber,1,Held
CA-SHU-007808,Carr Fire,CA-SHU-007808_seg_00580,2018-07-27,train,12.3,565.6,160.6,0.885,0.114,140.4,46.3,4.1,0.997,-1432.4,Dozer Line,6.5,Timber,0,Burned Over
CA-SHU-007808,Carr Fire,CA-SHU-007808_seg_00581,2018-07-27,train,12.6,606.1,502.7,0.735,0.293,122.6,61.0,28.4,0.88,-820.2,Dozer Line,6.5,Timber,0,Burned Over
CA-SHU-007808,Carr Fire,CA-SHU-007808_seg_00582,2018-07-27,train,23.0,518.5,767.9,0.688,0.216,141.5,37.8,13.7,0.972,-470.0,Dozer Line,6.5,Timber,0,Burned Over
CA-SHU-007808,Carr Fire,CA-SHU-007808_seg_00583,2018-07-27,train,22.0,500.6,2318.9,0.094,0.11,144.0,137.1,83.1,0.121,2149.9,Road as Line,9.0,Timber,1,Held
CA-SHU-007808,Carr Fire,CA-SHU-007808_seg_00584,2018-07-27,train,30.9,610.4,2725.1,0.356,0.375,118.5,28.4,0.2,1.0,2085.0,Dozer Line,6.5,Timber,1,Held
CA-SHU-007808,Carr Fire,CA-SHU-007808_seg_00585,2018-07-27,train,22.3,487.9,1187.0,0.787,0.164,140.4,76.5,26.0,0.899,-229.8,Dozer Line,6.5,Timber,1,Held
CA-SHU-007808,Carr Fire,CA-SHU-007808_seg_00586,2018-07-27,train,16.5,676.5,270.7,0.763,0.268,145.6,98.9,43.3,0.727,-1102.0,Dozer Line,6.5,Timber,0,Burned Over
CA-SHU-007808,Carr Fire,CA-SHU-007808_seg_00587,2018-07-27,train,14.4,102.8,2730.2,0.065,0.098,132.7,81.1,38.4,0.783,2612.8,Dozer Line,6.5,Timber,1,Held
CA-SHU-007808,Carr Fire,CA-SHU-007808_seg_00588,2018-07-27,train,2.5,517.2,3553.7,0.021,0.02,126.6,123.3,86.7,0.057,3515.7,Road as Line,9.0,Timber,1,Held
CA-SHU-007808,Carr Fire,CA-SHU-007808_seg_00589,2018-07-27,train,23.0,358.4,2132.4,0.423,0.304,138.7,20.4,28.3,0.88,1370.9,Completed Hand Line,2.0,Timber,0,Burned Over
CA-SHU-007808,Carr Fire,CA-SHU-007808_seg_00590,2018-07-27,train,29.1,490.1,1843.8,0.314,0.362,126.8,133.5,83.3,0.116,1278.6,Road as Line,9.0,Timber,0,Burned Over
CA-SHU-007808,Carr Fire,CA-SHU-007808_seg_00591,2018-07-27,train,30.0,323.3,1263.8,0.776,0.312,151.7,39.4,22.2,0.926,-132.7,Dozer Line,6.5,Timber,0,Burned Over
CA-SHU-007808,Carr Fire,CA-SHU-007808_seg_00592,2018-07-27,train,16.5,521.2,663.4,0.786,0.23,181.9,69.8,22.1,0.926,-750.6,Dozer Line,6.5,Timber,1,Held
CA-SHU-007808,Carr Fire,CA-SHU-007808_seg_00593,2018-07-27,train,22.9,292.0,376.0,0.782,0.188,146.5,59.6,3.1,0.999,-1031.6,Completed Hand Line,2.0,Timber,0,Burned Over
CA-SHU-007808,Carr Fire,CA-SHU-007808_seg_00594,2018-07-27,train,8.4,448.4,1689.6,0.37,0.257,104.9,4.2,10.7,0.983,1023.2,Dozer Line,6.5,Timber,0,Burned Over
CA-SHU-007808,Carr Fire,CA-SHU-007808_seg_00595,2018-07-27,train,3.5,457.7,204.7,0.596,0.217,161.6,3.9,67.7,0.379,-868.9,Completed Hand Line,2.0,Timber,0,Burned Over
CA-SHU-007808,Carr Fire,CA-SHU-007808_seg_00596,2018-07-27,train,30.9,606.0,1948.7,0.221,0.179,168.9,162.7,83.9,0.107,1550.4,Dozer Line,6.5,Timber,1,Held
CA-SHU-007808,Carr Fire,CA-SHU-007808_seg_00597,2018-07-27,train,20.2,575.5,664.2,0.692,0.172,134.8,161.8,63.0,0.453,-581.9,Dozer Line,6.5,Timber,1,Held
CA-SHU-007808,Carr Fire,CA-SHU-007808_seg_00598,2018-07-27,train,2.8,593.1,656.0,0.355,0.386,139.7,145.0,84.7,0.092,16.9,Dozer Line,6.5,Timber,1,Held
CA-SHU-007808,Carr Fire,CA-SHU-007808_seg_00599,2018-07-27,train,2.3,373.1,772.7,0.557,0.336,104.6,40.7,26.1,0.898,-229.3,Road as Line,9.0,Timber,1,Held
CA-SHU-007808,Carr Fire,CA-SHU-007808_seg_00600,2018-07-27,train,13.8,469.0,2425.0,0.267,0.24,120.6,29.2,1.4,1.0,1944.2,Dozer Line,6.5,Timber,1,Held
CA-SHU-007808,Carr Fire,CA-SHU-007808_seg_00601,2018-07-27,train,9.1,445.2,306.7,0.5,0.388,147.3,116.1,58.8,0.518,-593.7,Dozer Line,6.5,Timber,1,Held
CA-SHU-007808,Carr Fire,CA-SHU-007808_seg_00602,2018-07-27,train,5.9,506.4,3008.9,0.048,0.08,108.9,70.7,51.8,0.618,2922.7,Dozer Line,6.5,Timber,1,Held
CA-SHU-007808,Carr Fire,CA-SHU-007808_seg_00603,2018-07-27,train,27.7,516.1,707.7,0.899,0.108,153.3,55.6,7.7,0.991,-909.9,Dozer Line,6.5,Timber,0,Burned Over
CA-SHU-007808,Carr Fire,CA-SHU-007808_seg_00604,2018-07-27,train,12.0,95.5,5000.0,0.014,0.017,138.7,61.5,12.8,0.975,4974.1,Dozer Line,6.5,Timber,1,Held
CA-SHU-007808,Carr Fire,CA-SHU-007808_seg_00605,2018-07-27,train,27.0,470.4,2467.0,0.327,0.323,127.4,169.9,47.4,0.677,1877.8,Dozer Line,6.5,Timber,1,Held
CA-SHU-007808,Carr Fire,CA-SHU-007808_seg_00606,2018-07-27,train,29.5,762.2,2802.6,0.159,0.21,110.5,126.2,74.3,0.271,2515.8,Dozer Line,6.5,Timber,1,Held
CA-SHU-007808,Carr Fire,CA-SHU-007808_seg_00607,2018-07-27,train,9.1,438.6,2641.1,0.204,0.244,128.3,48.3,10.0,0.985,2274.6,Dozer Line,6.5,Timber,1,Held
CA-SHU-007808,Carr Fire,CA-SHU-007808_seg_00608,2018-07-27,train,24.5,353.8,1676.7,0.637,0.209,146.9,48.8,8.1,0.99,529.6,Dozer Line,6.5,Timber,0,Burned Over
CA-SHU-007808,Carr Fire,CA-SHU-007808_seg_00609,2018-07-27,train,25.4,74.8,330.5,0.725,0.234,77.2,83.0,84.3,0.1,-973.9,Road as Line,9.0,Timber,1,Held
CA-SHU-007808,Carr Fire,CA-SHU-007808_seg_00610,2018-07-27,train,24.6,638.1,502.2,0.551,0.428,135.2,127.5,82.3,0.135,-489.8,Road as Line,9.0,Timber,1,Held
CA-SHU-007808,Carr Fire,CA-SHU-007808_seg_00611,2018-07-27,train,17.7,599.9,964.2,0.481,0.407,104.2,97.7,83.5,0.114,98.3,Dozer Line,6.5,Timber,1,Held
CA-SHU-007808,Carr Fire,CA-SHU-007808_seg_00612,2018-07-27,train,28.4,565.5,674.9,0.733,0.168,112.6,100.5,77.9,0.21,-644.0,Dozer Line,6.5,Timber,1,Held
CA-SHU-007808,Carr Fire,CA-SHU-007808_seg_00613,2018-07-27,train,17.4,589.8,636.9,0.73,0.302,95.0,159.0,26.0,0.899,-677.4,Dozer Line,6.5,Timber,0,Burned Over
CA-SHU-007808,Carr Fire,CA-SHU-007808_seg_00614,2018-07-27,train,17.8,605.9,2044.3,0.486,0.204,153.3,78.7,15.4,0.964,1169.2,Dozer Line,6.5,Timber,1,Held
CA-SHU-007808,Carr Fire,CA-SHU-007808_seg_00615,2018-07-27,train,16.5,355.8,443.1,0.627,0.359,137.7,54.9,7.2,0.992,-685.5,Dozer Line,6.5,Timber,0,Burned Over
CA-SHU-007808,Carr Fire,CA-SHU-007808_seg_00616,2018-07-27,train,23.3,512.0,1837.7,0.389,0.379,111.8,63.1,41.3,0.751,1136.8,Completed Hand Line,2.0,Timber,0,Burned Over
CA-SHU-007808,Carr Fire,CA-SHU-007808_seg_00617,2018-07-27,train,18.4,645.5,400.9,0.522,0.361,132.7,99.4,56.7,0.549,-539.3,Dozer Line,6.5,Timber,0,Burned Over
CA-SHU-007808,Carr Fire,CA-SHU-007808_seg_00618,2018-07-27,train,25.4,453.9,1172.3,0.53,0.35,100.7,51.7,41.0,0.755,217.4,Road as Line,9.0,Timber,1,Held
CA-SHU-007808,Carr Fire,CA-SHU-007808_seg_00619,2018-07-27,train,20.5,359.4,515.0,0.729,0.324,138.9,71.7,22.8,0.922,-796.7,Completed Hand Line,2.0,Timber,0,Burned Over
CA-SHU-007808,Carr Fire,CA-SHU-007808_seg_00620,2018-07-27,train,25.2,762.6,172.7,0.778,0.265,130.9,116.5,75.6,0.249,-1228.5,Dozer Line,6.5,Timber,1,Held
CA-SHU-007808,Carr Fire,CA-SHU-007808_seg_00621,2018-07-27,train,29.6,526.1,574.4,0.848,0.179,121.7,24.2,7.5,0.991,-952.9,Dozer Line,6.5,Timber,1,Held
CA-SHU-007808,Carr Fire,CA-SHU-007808_seg_00622,2018-07-27,train,15.0,857.1,948.3,0.634,0.278,149.7,25.8,33.8,0.831,-193.8,Completed Hand Line,2.0,Timber,0,Burned Over
CA-SHU-007808,Carr Fire,CA-SHU-007808_seg_00623,2018-07-27,train,26.4,911.7,745.0,0.748,0.328,134.8,156.7,68.2,0.372,-600.8,Dozer Line,6.5,Timber,1,Held
CA-SHU-007808,Carr Fire,CA-SHU-007808_seg_00624,2018-07-27,train,24.6,516.3,2249.6,0.235,0.265,108.6,16.2,2.4,0.999,1826.1,Dozer Line,6.5,Timber,1,Held
CA-SHU-007808,Carr Fire,CA-SHU-007808_seg_00625,2018-07-27,train,19.7,425.9,1302.3,0.544,0.306,128.2,168.6,49.5,0.649,323.4,Dozer Line,6.5,Timber,1,Held
CA-SHU-007808,Carr Fire,CA-SHU-007808_seg_00626,2018-07-27,train,33.0,225.0,3113.7,0.271,0.251,134.1,51.8,7.7,0.991,2626.8,Road as Line,9.0,Timber,1,Held
CA-SHU-007808,Carr Fire,CA-SHU-007808_seg_00627,2018-07-27,train,27.6,96.4,2497.8,0.342,0.246,133.9,5.7,38.2,0.786,1883.1,Road as Line,9.0,Timber,1,Held
CA-SHU-007808,Carr Fire,CA-SHU-007808_seg_00628,2018-07-27,train,20.3,388.5,648.9,0.714,0.367,108.5,59.0,40.5,0.76,-636.2,Road as Line,9.0,Timber,1,Held
CA-SHU-007808,Carr Fire,CA-SHU-007808_seg_00629,2018-07-27,train,25.3,507.0,2716.6,0.315,0.239,126.8,32.9,3.9,0.998,2150.2,Road as Line,9.0,Timber,1,Held
CA-SHU-007808,Carr Fire,CA-SHU-007808_seg_00630,2018-07-27,train,26.2,482.0,2058.3,0.307,0.224,110.2,140.6,59.6,0.506,1506.5,Dozer Line,6.5,Timber,1,Held
CA-SHU-007808,Carr Fire,CA-SHU-007808_seg_00631,2018-07-27,train,9.2,667.9,456.5,0.682,0.295,135.9,66.6,20.6,0.936,-770.8,Dozer Line,6.5,Timber,0,Burned Over
CA-SHU-007808,Carr Fire,CA-SHU-007808_seg_00632,2018-07-27,train,17.7,158.5,1419.6,0.548,0.282,131.6,47.9,6.3,0.994,432.7,Dozer Line,6.5,Timber,0,Burned Over
CA-SHU-007808,Carr Fire,CA-SHU-007808_seg_00633,2018-07-27,train,21.2,50.0,744.8,0.817,0.208,126.9,31.4,5.5,0.995,-725.6,Dozer Line,6.5,Timber,0,Burned Over
CA-SHU-007808,Carr Fire,CA-SHU-007808_seg_00634,2018-07-27,train,28.7,491.1,819.0,0.883,0.148,116.9,47.1,20.2,0.939,-770.4,Road as Line,9.0,Timber,0,Burned Over
CA-SHU-007808,Carr Fire,CA-SHU-007808_seg_00635,2018-07-27,train,16.4,660.6,882.9,0.714,0.274,114.6,49.6,25.1,0.906,-403.2,Dozer Line,6.5,Timber,0,Burned Over
CA-SHU-007808,Carr Fire,CA-SHU-007808_seg_00636,2018-07-27,train,14.7,550.1,905.9,0.505,0.258,121.5,74.5,43.0,0.731,-4.0,Dozer Line,6.5,Timber,0,Burned Over
CA-SHU-007808,Carr Fire,CA-SHU-007808_seg_00637,2018-07-27,train,23.8,690.9,259.4,0.864,0.166,113.2,158.8,44.4,0.715,-1295.0,Dozer Line,6.5,Timber,1,Held
CA-SHU-007808,Carr Fire,CA-SHU-007808_seg_00638,2018-07-27,train,16.8,546.8,163.4,0.769,0.266,112.1,151.8,50.3,0.639,-1221.1,Road as Line,9.0,Timber,1,Held
CA-SHU-007808,Carr Fire,CA-SHU-007808_seg_00639,2018-07-27,train,24.7,417.1,2717.6,0.288,0.211,171.9,74.1,7.8,0.991,2199.8,Dozer Line,6.5,Timber,1,Held
CA-SHU-007808,Carr Fire,CA-SHU-007808_seg_00640,2018-07-27,train,18.7,326.2,1391.5,0.501,0.301,127.9,71.3,33.5,0.834,489.2,Road as Line,9.0,Timber,1,Held
CA-SHU-007808,Carr Fire,CA-SHU-007808_seg_00641,2018-07-27,train,16.9,554.5,783.8,0.51,0.36,157.5,33.0,34.5,0.824,-133.4,Road as Line,9.0,Timber,0,Burned Over
CA-SHU-007808,Carr Fire,CA-SHU-007808_seg_00642,2018-07-27,train,22.4,201.9,445.1,0.676,0.352,131.9,77.6,35.7,0.812,-772.6,Dozer Line,6.5,Timber,0,Burned Over
CA-SHU-007808,Carr Fire,CA-SHU-007808_seg_00643,2018-07-27,train,22.5,318.1,1580.4,0.241,0.239,116.0,146.4,59.6,0.505,1146.3,Dozer Line,6.5,Timber,1,Held
CA-SHU-007808,Carr Fire,CA-SHU-007808_seg_00644,2018-07-27,train,42.6,220.6,176.6,0.906,0.08,121.9,58.1,26.2,0.897,-1454.9,Road as Line,9.0,Timber,0,Burned Over
CA-SHU-007808,Carr Fire,CA-SHU-007808_seg_00645,2018-07-27,train,10.8,311.8,1887.0,0.198,0.242,110.5,137.7,62.8,0.456,1530.6,Dozer Line,6.5,Timber,1,Held
CA-SHU-007808,Carr Fire,CA-SHU-007808_seg_00646,2018-07-27,train,20.1,513.4,1185.0,0.464,0.203,171.4,137.3,56.0,0.56,350.2,Dozer Line,6.5,Timber,1,Held
CA-SHU-007808,Carr Fire,CA-SHU-007808_seg_00647,2018-07-27,train,9.5,472.5,1491.0,0.177,0.14,107.3,110.8,86.5,0.061,1172.6,Dozer Line,6.5,Timber,1,Held
CA-SHU-007808,Carr Fire,CA-SHU-007808_seg_00648,2018-07-27,train,16.1,751.3,468.9,0.693,0.367,157.6,139.1,71.5,0.317,-778.1,Dozer Line,6.5,Timber,1,Held
CA-SHU-007808,Carr Fire,CA-SHU-007808_seg_00649,2018-07-27,train,27.1,435.7,186.8,0.814,0.225,124.7,52.5,17.9,0.952,-1279.1,Road as Line,9.0,Timber,0,Burned Over
CA-SHU-007808,Carr Fire,CA-SHU-007808_seg_00650,2018-07-27,train,1.0,509.8,5000.0,0.008,0.008,126.8,54.4,17.6,0.953,4986.2,Road as Line,9.0,Timber,1,Held
CA-SHU-007808,Carr Fire,CA-SHU-007808_seg_00651,2018-07-27,train,20.3,623.6,1301.4,0.502,0.2,139.1,32.3,16.8,0.957,397.0,Dozer Line,6.5,Timber,1,Held
CA-SHU-007808,Carr Fire,CA-SHU-007808_seg_00652,2018-07-27,train,19.0,580.8,1778.1,0.524,0.402,123.9,164.2,49.6,0.648,835.5,Road as Line,9.0,Timber,1,Held
CA-SHU-007808,Carr Fire,CA-SHU-007808_seg_00653,2018-07-27,train,16.2,481.2,292.1,0.768,0.143,91.0,130.4,50.5,0.636,-1091.2,Road as Line,9.0,Timber,1,Held
CA-SHU-007808,Carr Fire,CA-SHU-007808_seg_00654,2018-07-27,train,22.9,465.6,1050.2,0.329,0.38,152.1,158.9,83.1,0.119,457.6,Dozer Line,6.5,Timber,1,Held
CA-SHU-007808,Carr Fire,CA-SHU-007808_seg_00655,2018-07-27,train,1.2,506.9,2928.2,0.03,0.023,125.0,118.5,83.5,0.113,2874.3,Completed Hand Line,2.0,Timber,1,Held
CA-SHU-007808,Carr Fire,CA-SHU-007808_seg_00656,2018-07-27,train,22.6,679.3,1345.7,0.563,0.247,169.7,28.1,51.6,0.621,332.6,Dozer Line,6.5,Timber,1,Held
CA-SHU-007808,Carr Fire,CA-SHU-007808_seg_00657,2018-07-27,train,6.8,817.9,358.3,0.735,0.34,137.1,11.8,35.3,0.817,-964.2,Dozer Line,6.5,Timber,0,Burned Over
CA-SHU-007808,Carr Fire,CA-SHU-007808_seg_00658,2018-07-27,train,5.7,622.3,3664.3,0.042,0.039,127.9,58.7,20.8,0.935,3587.9,Dozer Line,6.5,Timber,1,Held
CA-SHU-007808,Carr Fire,CA-SHU-007808_seg_00659,2018-07-27,train,14.5,213.3,536.9,0.782,0.209,152.2,84.0,21.9,0.928,-869.8,Dozer Line,6.5,Timber,1,Held
CA-SHU-007808,Carr Fire,CA-SHU-007808_seg_00660,2018-07-27,train,9.3,730.4,917.0,0.624,0.195,127.2,30.9,6.4,0.994,-206.3,Dozer Line,6.5,Timber,1,Held
CA-SHU-007808,Carr Fire,CA-SHU-007808_seg_00661,2018-07-27,train,22.1,203.8,5000.0,0.017,0.028,103.7,144.8,48.9,0.657,4969.0,Dozer Line,6.5,Timber,1,Held
CA-SHU-007808,Carr Fire,CA-SHU-007808_seg_00662,2018-07-27,train,26.9,258.0,637.8,0.66,0.288,93.2,115.5,67.7,0.38,-550.1,Dozer Line,6.5,Timber,1,Held
CA-SHU-007808,Carr Fire,CA-SHU-007808_seg_00663,2018-07-27,train,30.3,375.7,575.0,0.555,0.298,119.4,118.4,89.0,0.017,-423.3,Dozer Line,6.5,Timber,1,Held
CA-SHU-007808,Carr Fire,CA-SHU-007808_seg_00664,2018-07-27,train,16.6,642.1,392.0,0.743,0.23,151.9,44.8,17.1,0.956,-945.3,Road as Line,9.0,Timber,0,Burned Over
CA-SHU-007808,Carr Fire,CA-SHU-007808_seg_00665,2018-07-27,train,28.5,232.3,3155.5,0.216,0.158,124.7,0.1,34.6,0.823,2765.9,Road as Line,9.0,Timber,1,Held
CA-SHU-007808,Carr Fire,CA-SHU-007808_seg_00666,2018-07-27,train,28.8,279.4,984.7,0.797,0.201,151.7,76.5,14.8,0.967,-449.3,Dozer Line,6.5,Timber,0,Burned Over
CA-SHU-007808,Carr Fire,CA-SHU-007808_seg_00667,2018-07-27,train,16.0,810.1,530.9,0.428,0.232,147.1,148.9,88.2,0.031,-238.6,Dozer Line,6.5,Timber,1,Held
CA-SHU-007808,Carr Fire,CA-SHU-007808_seg_00668,2018-07-27,train,19.1,232.6,1645.0,0.483,0.44,66.7,49.8,73.1,0.291,776.4,Dozer Line,6.5,Timber,1,Held
CA-SHU-007808,Carr Fire,CA-SHU-007808_seg_00669,2018-07-27,train,22.1,147.0,778.6,0.692,0.294,120.9,174.6,36.3,0.806,-467.4,Dozer Line,6.5,Timber,0,Burned Over
CA-SHU-007808,Carr Fire,CA-SHU-007808_seg_00670,2018-07-27,train,7.7,747.0,212.2,0.853,0.149,128.9,24.3,14.6,0.968,-1323.6,Dozer Line,6.5,Timber,0,Burned Over
CA-SHU-007808,Carr Fire,CA-SHU-007808_seg_00671,2018-07-27,train,19.6,636.5,875.5,0.566,0.24,154.0,13.1,51.0,0.63,-144.0,Road as Line,9.0,Timber,0,Burned Over
CA-SHU-007808,Carr Fire,CA-SHU-007808_seg_00672,2018-07-27,train,8.4,817.6,351.1,0.581,0.426,153.4,118.3,54.9,0.575,-695.4,Dozer Line,6.5,Timber,1,Held
CA-SHU-007808,Carr Fire,CA-SHU-007808_seg_00673,2018-07-27,train,3.1,415.6,1017.8,0.361,0.228,124.6,72.0,37.4,0.794,367.5,Completed Hand Line,2.0,Timber,1,Held
CA-SHU-007808,Carr Fire,CA-SHU-007808_seg_00674,2018-07-27,train,28.8,454.1,3687.0,0.038,0.059,145.0,8.8,46.2,0.692,3619.0,Dozer Line,6.5,Timber,1,Held
CA-SHU-007808,Carr Fire,CA-SHU-007808_seg_00675,2018-07-27,train,31.6,563.4,5000.0,0.028,0.046,126.0,15.2,20.8,0.935,4950.1,Dozer Line,6.5,Timber,1,Held
CA-SHU-007808,Carr Fire,CA-SHU-007808_seg_00676,2018-07-27,train,1.5,317.8,1301.5,0.381,0.376,129.9,26.4,13.4,0.973,614.9,Road as Line,9.0,Timber,1,Held
CA-SHU-007808,Carr Fire,CA-SHU-007808_seg_00677,2018-07-27,train,9.6,650.7,444.7,0.685,0.347,140.0,101.5,51.6,0.622,-789.0,Dozer Line,6.5,Timber,1,Held
CA-SHU-007808,Carr Fire,CA-SHU-007808_seg_00678,2018-07-27,train,17.8,357.6,1082.2,0.236,0.213,106.7,106.5,89.8,0.004,657.7,Dozer Line,6.5,Timber,1,Held
CA-SHU-007808,Carr Fire,CA-SHU-007808_seg_00679,2018-07-27,train,32.2,709.6,4342.8,0.051,0.047,126.0,59.3,23.3,0.918,4251.7,Dozer Line,6.5,Timber,1,Held
CA-SHU-007808,Carr Fire,CA-SHU-007808_seg_00680,2018-07-27,train,19.8,261.1,2083.7,0.15,0.218,118.8,109.6,80.7,0.161,1812.8,Dozer Line,6.5,Timber,1,Held
CA-SNF-000958,Creek Fire,CA-SNF-000958_seg_00001,2020-09-06,train,23.2,2369.6,4785.7,0.031,0.035,278.0,165.8,22.2,0.926,4730.4,Road as Line,9.0,Timber,1,Held
CA-SNF-000958,Creek Fire,CA-SNF-000958_seg_00002,2020-09-06,train,19.1,1479.0,864.3,0.659,0.298,212.3,168.3,46.1,0.694,-321.4,Road as Line,9.0,Timber,1,Held
CA-SNF-000958,Creek Fire,CA-SNF-000958_seg_00003,2020-09-06,train,1.7,1734.8,1920.1,0.246,0.194,221.4,115.6,15.8,0.962,1477.6,Completed Hand Line,2.0,Timber,1,Held
CA-SNF-000958,Creek Fire,CA-SNF-000958_seg_00004,2020-09-06,train,32.7,1805.5,409.1,0.708,0.249,210.7,13.1,72.3,0.303,-866.0,Dozer Line,6.5,Timber,1,Held
CA-SNF-000958,Creek Fire,CA-SNF-000958_seg_00005,2020-09-06,train,22.7,1547.4,666.2,0.749,0.259,221.3,178.3,47.0,0.682,-681.8,Road as Line,9.0,Timber,1,Held
CA-SNF-000958,Creek Fire,CA-SNF-000958_seg_00006,2020-09-06,train,39.3,1356.5,1242.4,0.799,0.206,232.0,150.4,8.5,0.989,-196.3,Dozer Line,6.5,Timber,1,Held
CA-SNF-000958,Creek Fire,CA-SNF-000958_seg_00007,2020-09-06,train,34.4,1791.5,536.0,0.775,0.139,196.0,179.3,73.3,0.287,-859.4,Dozer Line,6.5,Timber,1,Held
CA-SNF-000958,Creek Fire,CA-SNF-000958_seg_00008,2020-09-06,train,23.1,2071.1,456.6,0.795,0.274,265.1,23.2,28.0,0.883,-974.9,Road as Line,9.0,Timber,1,Held
CA-SNF-000958,Creek Fire,CA-SNF-000958_seg_00009,2020-09-06,train,11.2,1748.5,1342.7,0.472,0.412,250.2,141.6,18.7,0.947,494.0,Completed Hand Line,2.0,Timber,1,Held
CA-SNF-000958,Creek Fire,CA-SNF-000958_seg_00010,2020-09-06,train,24.4,1895.9,661.6,0.832,0.247,217.8,96.9,30.9,0.858,-836.6,Dozer Line,6.5,Timber,0,Burned Over
CA-SNF-000958,Creek Fire,CA-SNF-000958_seg_00011,2020-09-06,train,26.5,1636.2,1775.7,0.224,0.195,215.2,62.3,62.9,0.456,1373.2,Completed Hand Line,2.0,Timber,1,Held
CA-SNF-000958,Creek Fire,CA-SNF-000958_seg_00012,2020-09-06,train,14.9,1192.4,1467.4,0.23,0.228,225.5,44.8,89.3,0.012,1054.2,Dozer Line,6.5,Timber,1,Held
CA-SNF-000958,Creek Fire,CA-SNF-000958_seg_00013,2020-09-06,train,46.7,1670.7,597.9,0.868,0.124,227.8,2.3,44.5,0.714,-964.0,Dozer Line,6.5,Timber,0,Burned Over
CA-SNF-000958,Creek Fire,CA-SNF-000958_seg_00014,2020-09-06,train,12.6,1776.3,2107.2,0.176,0.171,233.5,32.1,68.5,0.366,1790.8,Road as Line,9.0,Timber,1,Held
CA-SNF-000958,Creek Fire,CA-SNF-000958_seg_00015,2020-09-06,train,29.3,2138.6,1092.3,0.683,0.309,180.7,164.8,74.1,0.275,-136.5,Road as Line,9.0,Timber,1,Held
CA-SNF-000958,Creek Fire,CA-SNF-000958_seg_00016,2020-09-06,train,24.4,1417.0,1274.0,0.771,0.209,192.1,57.9,44.2,0.717,-113.6,Road as Line,9.0,Timber,1,Held
CA-SNF-000958,Creek Fire,CA-SNF-000958_seg_00017,2020-09-06,train,33.7,1738.5,320.1,0.903,0.157,232.2,129.7,12.4,0.976,-1304.6,Dozer Line,6.5,Timber,0,Burned Over
CA-SNF-000958,Creek Fire,CA-SNF-000958_seg_00018,2020-09-06,train,25.8,1511.0,828.8,0.789,0.234,250.8,138.4,22.4,0.924,-590.8,Dozer Line,6.5,Timber,0,Burned Over
CA-SNF-000958,Creek Fire,CA-SNF-000958_seg_00019,2020-09-06,train,30.2,2262.7,1591.9,0.657,0.366,251.9,21.1,39.2,0.775,409.7,Road as Line,9.0,Timber,0,Burned Over
CA-SNF-000958,Creek Fire,CA-SNF-000958_seg_00020,2020-09-06,train,29.5,1896.6,338.3,0.872,0.127,212.9,154.1,31.2,0.856,-1231.0,Dozer Line,6.5,Timber,0,Burned Over
CA-SNF-000958,Creek Fire,CA-SNF-000958_seg_00021,2020-09-06,train,35.5,1870.4,302.5,0.74,0.211,203.1,33.6,79.6,0.181,-1030.2,Dozer Line,6.5,Timber,0,Burned Over
CA-SNF-000958,Creek Fire,CA-SNF-000958_seg_00022,2020-09-06,train,33.6,1870.1,912.7,0.754,0.199,242.8,108.1,44.7,0.711,-445.3,Road as Line,9.0,Timber,1,Held
CA-SNF-000958,Creek Fire,CA-SNF-000958_seg_00023,2020-09-06,train,25.0,1788.7,2817.6,0.087,0.134,226.3,95.7,40.6,0.759,2661.6,Dozer Line,6.5,Timber,1,Held
CA-SNF-000958,Creek Fire,CA-SNF-000958_seg_00024,2020-09-06,train,5.5,1629.9,1717.6,0.3,0.335,201.5,103.0,8.4,0.989,1177.2,Completed Hand Line,2.0,Timber,1,Held
CA-SNF-000958,Creek Fire,CA-SNF-000958_seg_00025,2020-09-06,train,30.6,1384.9,1180.2,0.68,0.386,236.8,126.6,20.3,0.938,-44.2,Dozer Line,6.5,Timber,0,Burned Over
CA-SNF-000958,Creek Fire,CA-SNF-000958_seg_00026,2020-09-06,train,31.5,1580.0,1123.0,0.74,0.228,206.8,87.5,29.3,0.872,-209.7,Dozer Line,6.5,Timber,0,Burned Over
CA-SNF-000958,Creek Fire,CA-SNF-000958_seg_00027,2020-09-06,train,28.0,1554.1,832.9,0.654,0.346,226.0,71.2,64.7,0.427,-344.9,Completed Hand Line,2.0,Timber,1,Held
CA-SNF-000958,Creek Fire,CA-SNF-000958_seg_00028,2020-09-06,train,27.4,1644.7,304.3,0.752,0.26,236.9,98.1,48.8,0.659,-1049.6,Completed Hand Line,2.0,Timber,1,Held
CA-SNF-000958,Creek Fire,CA-SNF-000958_seg_00029,2020-09-06,train,21.3,1500.2,1274.7,0.463,0.39,203.8,24.3,89.5,0.01,441.1,Dozer Line,6.5,Timber,1,Held
CA-SNF-000958,Creek Fire,CA-SNF-000958_seg_00030,2020-09-06,train,21.4,1400.7,1407.3,0.523,0.212,227.7,20.2,62.4,0.463,466.3,Road as Line,9.0,Timber,1,Held
CA-SNF-000958,Creek Fire,CA-SNF-000958_seg_00031,2020-09-06,train,23.9,2030.7,965.1,0.778,0.279,215.1,146.7,21.6,0.93,-434.7,Completed Hand Line,2.0,Timber,0,Burned Over
CA-SNF-000958,Creek Fire,CA-SNF-000958_seg_00032,2020-09-06,train,42.6,1357.3,546.7,0.901,0.117,216.1,173.3,47.2,0.679,-1075.3,Dozer Line,6.5,Timber,1,Held
CA-SNF-000958,Creek Fire,CA-SNF-000958_seg_00033,2020-09-06,train,11.5,1538.5,667.7,0.675,0.361,230.0,62.6,77.4,0.218,-546.9,Road as Line,9.0,Timber,1,Held
CA-SNF-000958,Creek Fire,CA-SNF-000958_seg_00034,2020-09-06,train,15.0,2029.7,344.2,0.795,0.182,196.6,123.4,16.8,0.957,-1086.8,Dozer Line,6.5,Timber,1,Held
CA-SNF-000958,Creek Fire,CA-SNF-000958_seg_00035,2020-09-06,train,36.9,1007.0,594.6,0.867,0.126,200.7,151.3,40.6,0.76,-966.7,Completed Hand Line,2.0,Timber,0,Burned Over
CA-SNF-000958,Creek Fire,CA-SNF-000958_seg_00036,2020-09-06,train,25.1,1716.5,2080.0,0.315,0.178,241.9,35.4,63.6,0.445,1512.9,Dozer Line,6.5,Timber,1,Held
CA-SNF-000958,Creek Fire,CA-SNF-000958_seg_00037,2020-09-06,train,32.0,1059.2,263.4,0.896,0.114,211.1,114.3,6.9,0.993,-1350.2,Dozer Line,6.5,Timber,0,Burned Over
CA-SNF-000958,Creek Fire,CA-SNF-000958_seg_00038,2020-09-06,train,32.1,1872.5,487.7,0.806,0.167,210.0,13.5,73.5,0.284,-963.1,Road as Line,9.0,Timber,0,Burned Over
CA-SNF-000958,Creek Fire,CA-SNF-000958_seg_00039,2020-09-06,train,29.7,1524.2,1572.6,0.613,0.203,242.4,146.1,6.3,0.994,469.4,Road as Line,9.0,Timber,0,Burned Over
CA-SNF-000958,Creek Fire,CA-SNF-000958_seg_00040,2020-09-06,train,33.6,2178.3,1178.4,0.851,0.22,178.6,94.4,5.8,0.995,-353.3,Completed Hand Line,2.0,Timber,0,Burned Over
CA-SNF-000958,Creek Fire,CA-SNF-000958_seg_00041,2020-09-06,train,46.0,1228.6,410.0,0.952,0.049,208.0,99.7,18.3,0.949,-1303.0,Road as Line,9.0,Timber,0,Burned Over
CA-SNF-000958,Creek Fire,CA-SNF-000958_seg_00042,2020-09-06,train,26.7,2289.3,396.6,0.87,0.144,221.5,8.9,57.4,0.539,-1169.6,Dozer Line,6.5,Timber,0,Burned Over
CA-SNF-000958,Creek Fire,CA-SNF-000958_seg_00043,2020-09-06,train,27.2,1651.6,1145.2,0.775,0.215,234.0,115.6,28.4,0.88,-249.6,Dozer Line,6.5,Timber,0,Burned Over
CA-SNF-000958,Creek Fire,CA-SNF-000958_seg_00044,2020-09-06,train,12.1,1440.3,2000.9,0.278,0.333,237.3,86.2,61.1,0.484,1500.2,Dozer Line,6.5,Timber,1,Held
CA-SNF-000958,Creek Fire,CA-SNF-000958_seg_00045,2020-09-06,train,21.4,1976.3,2178.0,0.255,0.239,259.0,137.4,31.7,0.851,1719.8,Road as Line,9.0,Timber,1,Held
CA-SNF-000958,Creek Fire,CA-SNF-000958_seg_00046,2020-09-06,train,36.7,1891.3,3394.6,0.146,0.208,237.2,42.6,75.4,0.252,3131.1,Road as Line,9.0,Timber,1,Held
CA-SNF-000958,Creek Fire,CA-SNF-000958_seg_00047,2020-09-06,train,39.1,1876.6,5000.0,0.022,0.022,245.4,45.2,69.8,0.345,4960.7,Road as Line,9.0,Timber,1,Held
CA-SNF-000958,Creek Fire,CA-SNF-000958_seg_00048,2020-09-06,train,35.0,1732.5,1263.6,0.687,0.174,178.6,118.8,30.2,0.864,26.7,Road as Line,9.0,Timber,1,Held
CA-SNF-000958,Creek Fire,CA-SNF-000958_seg_00049,2020-09-06,train,36.7,2347.7,312.8,0.938,0.072,186.0,124.2,28.2,0.881,-1375.9,Dozer Line,6.5,Timber,0,Burned Over
CA-SNF-000958,Creek Fire,CA-SNF-000958_seg_00050,2020-09-06,train,52.6,1967.5,154.5,0.88,0.188,237.4,22.4,54.9,0.574,-1429.7,Dozer Line,6.5,Timber,0,Burned Over
CA-SNF-000958,Creek Fire,CA-SNF-000958_seg_00051,2020-09-06,train,32.3,1113.6,3088.7,0.201,0.163,197.6,140.2,32.7,0.842,2727.4,Completed Hand Line,2.0,Timber,1,Held
CA-SNF-000958,Creek Fire,CA-SNF-000958_seg_00052,2020-09-06,train,23.3,1615.9,3317.0,0.076,0.112,219.4,71.7,57.7,0.535,3180.9,Dozer Line,6.5,Timber,1,Held
CA-SNF-000958,Creek Fire,CA-SNF-000958_seg_00053,2020-09-06,train,28.0,1569.6,372.8,0.866,0.166,203.0,110.6,2.4,0.999,-1185.7,Dozer Line,6.5,Timber,0,Burned Over
CA-SNF-000958,Creek Fire,CA-SNF-000958_seg_00054,2020-09-06,train,17.1,1740.1,2887.1,0.161,0.225,216.2,9.7,63.5,0.447,2597.2,Dozer Line,6.5,Timber,1,Held
CA-SNF-000958,Creek Fire,CA-SNF-000958_seg_00055,2020-09-06,train,31.0,1255.5,3274.5,0.061,0.055,231.6,66.8,74.7,0.263,3164.1,Completed Hand Line,2.0,Timber,1,Held
CA-SNF-000958,Creek Fire,CA-SNF-000958_seg_00056,2020-09-06,train,10.7,1859.1,2402.4,0.077,0.125,227.4,64.2,73.2,0.289,2263.9,Dozer Line,6.5,Timber,1,Held
CA-SNF-000958,Creek Fire,CA-SNF-000958_seg_00057,2020-09-06,train,22.1,1353.6,1395.1,0.675,0.223,226.2,107.1,29.1,0.874,180.6,Road as Line,9.0,Timber,1,Held
CA-SNF-000958,Creek Fire,CA-SNF-000958_seg_00058,2020-09-06,train,5.0,1642.7,2365.1,0.177,0.204,213.5,127.5,4.0,0.998,2045.8,Road as Line,9.0,Timber,1,Held
CA-SNF-000958,Creek Fire,CA-SNF-000958_seg_00059,2020-09-06,train,19.4,1384.0,2568.9,0.135,0.118,190.6,56.4,44.1,0.718,2325.5,Completed Hand Line,2.0,Timber,1,Held
CA-SNF-000958,Creek Fire,CA-SNF-000958_seg_00060,2020-09-06,train,31.7,1696.7,1221.3,0.46,0.224,227.2,40.0,82.8,0.125,393.8,Road as Line,9.0,Timber,1,Held
CA-SNF-000958,Creek Fire,CA-SNF-000958_seg_00061,2020-09-06,train,22.6,1054.2,3042.6,0.221,0.299,212.1,118.9,3.2,0.998,2644.1,Dozer Line,6.5,Timber,1,Held
CA-SNF-000958,Creek Fire,CA-SNF-000958_seg_00062,2020-09-06,train,37.0,1839.2,5000.0,0.03,0.029,227.7,133.4,4.3,0.997,4946.1,Road as Line,9.0,Timber,1,Held
CA-SNF-000958,Creek Fire,CA-SNF-000958_seg_00063,2020-09-06,train,22.5,1979.1,3326.5,0.174,0.181,230.6,148.8,8.2,0.99,3014.2,Road as Line,9.0,Timber,1,Held
CA-SNF-000958,Creek Fire,CA-SNF-000958_seg_00064,2020-09-06,train,12.7,1728.3,315.4,0.709,0.299,192.7,163.6,60.9,0.486,-960.4,Dozer Line,6.5,Timber,0,Burned Over
CA-SNF-000958,Creek Fire,CA-SNF-000958_seg_00065,2020-09-06,train,36.6,1546.2,1584.9,0.594,0.367,233.3,8.9,45.6,0.7,516.4,Road as Line,9.0,Timber,1,Held
CA-SNF-000958,Creek Fire,CA-SNF-000958_seg_00066,2020-09-06,train,11.6,1641.7,2596.8,0.174,0.213,219.4,96.6,32.8,0.84,2283.0,Road as Line,9.0,Timber,1,Held
CA-SNF-000958,Creek Fire,CA-SNF-000958_seg_00067,2020-09-06,train,17.9,966.4,1510.9,0.279,0.286,220.1,34.7,84.6,0.094,1008.3,Completed Hand Line,2.0,Timber,1,Held
CA-SNF-000958,Creek Fire,CA-SNF-000958_seg_00068,2020-09-06,train,40.3,2237.9,2694.9,0.237,0.169,202.9,10.7,77.8,0.212,2268.7,Dozer Line,6.5,Timber,1,Held
CA-SNF-000958,Creek Fire,CA-SNF-000958_seg_00069,2020-09-06,train,9.4,1579.8,540.5,0.713,0.358,174.3,73.1,11.1,0.981,-742.5,Dozer Line,6.5,Timber,0,Burned Over
CA-SNF-000958,Creek Fire,CA-SNF-000958_seg_00070,2020-09-06,train,26.2,1457.5,502.9,0.786,0.144,218.1,173.9,45.8,0.697,-911.3,Road as Line,9.0,Timber,0,Burned Over
CA-SNF-000958,Creek Fire,CA-SNF-000958_seg_00071,2020-09-06,train,32.9,1205.3,1529.7,0.467,0.287,207.1,23.9,86.8,0.055,688.3,Dozer Line,6.5,Timber,1,Held
CA-SNF-000958,Creek Fire,CA-SNF-000958_seg_00072,2020-09-06,train,19.5,1860.2,1216.2,0.614,0.224,203.5,138.6,25.1,0.906,110.8,Completed Hand Line,2.0,Timber,1,Held
CA-SNF-000958,Creek Fire,CA-SNF-000958_seg_00073,2020-09-06,train,5.6,2916.6,1942.8,0.148,0.211,239.2,3.1,33.9,0.83,1675.7,Road as Line,9.0,Timber,1,Held
CA-SNF-000958,Creek Fire,CA-SNF-000958_seg_00074,2020-09-06,train,27.8,1542.5,2142.2,0.645,0.301,215.0,112.0,13.0,0.974,981.2,Dozer Line,6.5,Timber,1,Held
CA-SNF-000958,Creek Fire,CA-SNF-000958_seg_00075,2020-09-06,train,29.0,1584.2,1068.0,0.691,0.357,246.9,110.1,46.8,0.684,-175.4,Road as Line,9.0,Timber,1,Held
CA-SNF-000958,Creek Fire,CA-SNF-000958_seg_00076,2020-09-06,train,27.4,2368.2,2232.5,0.42,0.401,197.2,114.8,7.6,0.991,1476.1,Completed Hand Line,2.0,Timber,0,Burned Over
CA-SNF-000958,Creek Fire,CA-SNF-000958_seg_00077,2020-09-06,train,17.6,1855.3,525.6,0.694,0.227,225.0,27.5,72.5,0.3,-723.4,Dozer Line,6.5,Timber,1,Held
CA-SNF-000958,Creek Fire,CA-SNF-000958_seg_00078,2020-09-06,train,43.7,1847.6,1560.5,0.735,0.347,212.7,68.0,54.8,0.577,237.1,Road as Line,9.0,Timber,1,Held
CA-SNF-000958,Creek Fire,CA-SNF-000958_seg_00079,2020-09-06,train,34.2,1704.4,642.8,0.722,0.17,236.0,3.4,37.4,0.795,-657.2,Road as Line,9.0,Timber,1,Held
CA-SNF-000958,Creek Fire,CA-SNF-000958_seg_00080,2020-09-06,train,20.1,1402.7,2135.0,0.353,0.203,234.0,117.1,26.9,0.892,1499.6,Completed Hand Line,2.0,Timber,0,Burned Over
CA-SNF-000958,Creek Fire,CA-SNF-000958_seg_00081,2020-09-06,train,33.8,1481.9,171.3,0.932,0.053,226.2,151.5,15.2,0.965,-1507.2,Dozer Line,6.5,Timber,0,Burned Over
CA-SNF-000958,Creek Fire,CA-SNF-000958_seg_00082,2020-09-06,train,28.4,1140.5,1278.9,0.552,0.274,229.4,82.8,56.6,0.551,284.9,Road as Line,9.0,Timber,1,Held
CA-SNF-000958,Creek Fire,CA-SNF-000958_seg_00083,2020-09-06,train,18.8,2079.7,154.4,0.71,0.338,188.2,28.6,69.6,0.349,-1123.5,Dozer Line,6.5,Timber,0,Burned Over
CA-SNF-000958,Creek Fire,CA-SNF-000958_seg_00084,2020-09-06,train,7.2,1398.3,1164.3,0.377,0.24,235.6,49.8,84.2,0.101,485.5,Completed Hand Line,2.0,Timber,1,Held
CA-SNF-000958,Creek Fire,CA-SNF-000958_seg_00085,2020-09-06,train,36.7,1310.8,1846.4,0.687,0.275,230.5,129.0,11.6,0.98,609.6,Completed Hand Line,2.0,Timber,0,Burned Over
CA-SNF-000958,Creek Fire,CA-SNF-000958_seg_00086,2020-09-06,train,31.9,1039.1,390.8,0.812,0.22,195.3,69.1,36.2,0.807,-1070.5,Road as Line,9.0,Timber,0,Burned Over
CA-SNF-000958,Creek Fire,CA-SNF-000958_seg_00087,2020-09-06,train,21.7,776.4,909.0,0.705,0.197,203.3,137.6,24.3,0.911,-359.2,Dozer Line,6.5,Timber,1,Held
CA-SNF-000958,Creek Fire,CA-SNF-000958_seg_00088,2020-09-06,train,40.2,1425.9,178.4,0.935,0.056,209.9,106.9,13.0,0.974,-1505.4,Road as Line,9.0,Timber,0,Burned Over
CA-SNF-000958,Creek Fire,CA-SNF-000958_seg_00089,2020-09-06,train,30.0,1177.6,4886.9,0.02,0.029,230.7,104.3,36.5,0.804,4850.9,Road as Line,9.0,Timber,1,Held
CA-SNF-000958,Creek Fire,CA-SNF-000958_seg_00090,2020-09-06,train,14.4,1686.0,2625.5,0.116,0.128,213.8,148.3,24.5,0.91,2416.8,Road as Line,9.0,Timber,1,Held
CA-SNF-000958,Creek Fire,CA-SNF-000958_seg_00091,2020-09-06,train,24.6,2201.3,237.9,0.815,0.168,225.3,126.6,8.7,0.988,-1228.3,Dozer Line,6.5,Timber,0,Burned Over
CA-SNF-000958,Creek Fire,CA-SNF-000958_seg_00092,2020-09-06,train,16.5,2030.7,198.7,0.845,0.172,206.9,112.4,4.5,0.997,-1322.6,Dozer Line,6.5,Timber,1,Held
CA-SNF-000958,Creek Fire,CA-SNF-000958_seg_00093,2020-09-06,train,31.2,2167.5,5000.0,0.008,0.008,222.1,66.5,65.6,0.413,4985.6,Completed Hand Line,2.0,Timber,1,Held
CA-SNF-000958,Creek Fire,CA-SNF-000958_seg_00094,2020-09-06,train,25.2,1219.0,2520.1,0.16,0.161,249.4,94.5,64.9,0.424,2232.9,Dozer Line,6.5,Timber,1,Held
CA-SNF-000958,Creek Fire,CA-SNF-000958_seg_00095,2020-09-06,train,49.3,2066.6,1257.5,0.785,0.15,207.8,141.5,23.7,0.916,-156.3,Completed Hand Line,2.0,Timber,0,Burned Over
CA-SNF-000958,Creek Fire,CA-SNF-000958_seg_00096,2020-09-06,train,18.1,973.8,737.2,0.604,0.313,201.1,94.1,16.9,0.957,-350.5,Dozer Line,6.5,Timber,0,Burned Over
CA-SNF-000958,Creek Fire,CA-SNF-000958_seg_00097,2020-09-06,train,27.8,719.0,1864.7,0.342,0.207,225.3,69.8,65.5,0.415,1248.2,Dozer Line,6.5,Timber,1,Held
CA-SNF-000958,Creek Fire,CA-SNF-000958_seg_00098,2020-09-06,train,37.2,1972.9,1269.8,0.699,0.317,221.9,69.8,62.1,0.467,12.0,Road as Line,9.0,Timber,1,Held
CA-SNF-000958,Creek Fire,CA-SNF-000958_seg_00099,2020-09-06,train,18.4,1289.3,1651.5,0.464,0.313,242.3,8.3,36.0,0.809,817.0,Road as Line,9.0,Timber,1,Held
CA-SNF-000958,Creek Fire,CA-SNF-000958_seg_00100,2020-09-06,train,1.0,2585.3,674.9,0.509,0.31,186.1,34.4,61.8,0.473,-241.5,Road as Line,9.0,Timber,1,Held
CA-SNF-000958,Creek Fire,CA-SNF-000958_seg_00101,2020-09-06,train,7.0,1178.5,629.3,0.291,0.324,199.6,18.0,88.4,0.027,104.6,Dozer Line,6.5,Timber,1,Held
CA-SNF-000958,Creek Fire,CA-SNF-000958_seg_00102,2020-09-06,train,15.5,1332.7,1500.6,0.374,0.354,218.4,111.2,17.1,0.956,828.0,Dozer Line,6.5,Timber,1,Held
CA-SNF-000958,Creek Fire,CA-SNF-000958_seg_00103,2020-09-06,train,25.6,1362.7,597.6,0.811,0.131,211.7,174.9,53.2,0.599,-861.3,Completed Hand Line,2.0,Timber,1,Held
CA-SNF-000958,Creek Fire,CA-SNF-000958_seg_00104,2020-09-06,train,41.7,1738.1,210.6,0.962,0.033,170.5,58.1,22.4,0.924,-1521.6,Road as Line,9.0,Timber,0,Burned Over
CA-SNF-000958,Creek Fire,CA-SNF-000958_seg_00105,2020-09-06,train,25.1,1488.3,1372.2,0.49,0.311,235.8,6.7,41.0,0.755,490.1,Dozer Line,6.5,Timber,1,Held
CA-SNF-000958,Creek Fire,CA-SNF-000958_seg_00106,2020-09-06,train,22.7,2398.1,680.2,0.78,0.305,204.4,113.0,1.4,1.0,-724.3,Road as Line,9.0,Timber,0,Burned Over
CA-SNF-000958,Creek Fire,CA-SNF-000958_seg_00107,2020-09-06,train,24.7,2425.4,2477.4,0.102,0.079,255.2,76.2,89.0,0.018,2293.7,Dozer Line,6.5,Timber,1,Held
CA-SNF-000958,Creek Fire,CA-SNF-000958_seg_00108,2020-09-06,train,38.7,1746.6,2585.4,0.585,0.283,190.5,119.1,18.7,0.947,1533.0,Road as Line,9.0,Timber,1,Held
CA-SNF-000958,Creek Fire,CA-SNF-000958_seg_00109,2020-09-06,train,11.8,1349.6,1003.7,0.433,0.248,253.5,42.0,58.5,0.522,224.2,Dozer Line,6.5,Timber,1,Held
CA-SNF-000958,Creek Fire,CA-SNF-000958_seg_00110,2020-09-06,train,17.0,766.7,1384.5,0.524,0.243,234.3,119.1,25.2,0.905,441.3,Dozer Line,6.5,Timber,0,Burned Over
CA-SNF-000958,Creek Fire,CA-SNF-000958_seg_00111,2020-09-06,train,30.3,2001.9,1075.4,0.636,0.191,189.0,133.0,34.0,0.829,-69.8,Dozer Line,6.5,Timber,1,Held
CA-SNF-000958,Creek Fire,CA-SNF-000958_seg_00112,2020-09-06,train,34.2,1295.9,383.3,0.85,0.175,243.7,45.8,72.1,0.307,-1147.2,Road as Line,9.0,Timber,0,Burned Over
CA-SNF-000958,Creek Fire,CA-SNF-000958_seg_00113,2020-09-06,train,27.5,962.2,1279.2,0.609,0.271,200.8,166.2,55.4,0.567,183.7,Completed Hand Line,2.0,Timber,0,Burned Over
CA-SNF-000958,Creek Fire,CA-SNF-000958_seg_00114,2020-09-06,train,16.4,1430.9,1394.6,0.288,0.184,259.4,99.3,70.1,0.34,876.6,Road as Line,9.0,Timber,1,Held
CA-SNF-000958,Creek Fire,CA-SNF-000958_seg_00115,2020-09-06,train,28.2,1004.5,1222.3,0.526,0.321,225.5,10.5,55.0,0.573,276.0,Dozer Line,6.5,Timber,0,Burned Over
CA-SNF-000958,Creek Fire,CA-SNF-000958_seg_00116,2020-09-06,train,16.5,1088.4,773.2,0.254,0.335,185.2,22.6,72.6,0.299,316.4,Road as Line,9.0,Timber,1,Held
CA-SNF-000958,Creek Fire,CA-SNF-000958_seg_00117,2020-09-06,train,22.3,2228.7,1809.2,0.243,0.218,194.3,174.5,70.1,0.34,1371.0,Completed Hand Line,2.0,Timber,1,Held
CA-SNF-000958,Creek Fire,CA-SNF-000958_seg_00118,2020-09-06,train,32.1,1252.3,1795.7,0.463,0.436,240.6,22.2,51.5,0.622,963.2,Dozer Line,6.5,Timber,0,Burned Over
CA-SNF-000958,Creek Fire,CA-SNF-000958_seg_00119,2020-09-06,train,21.5,1942.0,3206.9,0.227,0.163,245.8,146.0,9.8,0.985,2798.1,Road as Line,9.0,Timber,1,Held
CA-SNF-000958,Creek Fire,CA-SNF-000958_seg_00120,2020-09-06,train,24.4,1548.5,431.0,0.797,0.165,200.6,161.9,51.3,0.625,-1003.3,Dozer Line,6.5,Timber,0,Burned Over
CA-SNF-000958,Creek Fire,CA-SNF-000958_seg_00121,2020-09-06,train,38.2,2347.8,625.9,0.848,0.155,209.4,110.6,8.9,0.988,-901.0,Dozer Line,6.5,Timber,1,Held
CA-SNF-000958,Creek Fire,CA-SNF-000958_seg_00122,2020-09-06,train,47.7,1674.4,585.0,0.849,0.216,205.0,11.3,76.3,0.238,-942.5,Dozer Line,6.5,Timber,0,Burned Over
CA-SNF-000958,Creek Fire,CA-SNF-000958_seg_00123,2020-09-06,train,32.9,1968.3,314.7,0.906,0.135,225.1,88.1,47.0,0.682,-1315.9,Dozer Line,6.5,Timber,0,Burned Over
CA-SNF-000958,Creek Fire,CA-SNF-000958_seg_00124,2020-09-06,train,19.6,1361.3,356.3,0.865,0.137,232.5,104.9,37.6,0.792,-1201.3,Completed Hand Line,2.0,Timber,0,Burned Over
CA-SNF-000958,Creek Fire,CA-SNF-000958_seg_00125,2020-09-06,train,28.1,1931.6,2039.0,0.377,0.416,227.0,154.5,17.5,0.953,1360.2,Road as Line,9.0,Timber,1,Held
CA-SNF-000958,Creek Fire,CA-SNF-000958_seg_00126,2020-09-06,train,18.6,1599.8,4301.0,0.014,0.014,228.4,168.6,30.2,0.864,4276.3,Road as Line,9.0,Timber,1,Held
CA-SNF-000958,Creek Fire,CA-SNF-000958_seg_00127,2020-09-06,train,21.8,1906.2,909.2,0.701,0.221,220.8,0.1,49.3,0.652,-353.0,Dozer Line,6.5,Timber,1,Held
CA-SNF-000958,Creek Fire,CA-SNF-000958_seg_00128,2020-09-06,train,34.4,2203.4,2272.5,0.258,0.203,225.2,52.6,82.6,0.129,1807.4,Road as Line,9.0,Timber,1,Held
CA-SNF-000958,Creek Fire,CA-SNF-000958_seg_00129,2020-09-06,train,20.9,1340.0,2643.9,0.154,0.147,223.3,11.4,58.1,0.529,2365.8,Dozer Line,6.5,Timber,1,Held
CA-SNF-000958,Creek Fire,CA-SNF-000958_seg_00130,2020-09-06,train,30.1,1878.6,2108.0,0.467,0.379,213.0,125.7,2.7,0.999,1266.6,Road as Line,9.0,Timber,1,Held
CA-SNF-000958,Creek Fire,CA-SNF-000958_seg_00131,2020-09-06,train,30.4,1698.0,230.6,0.873,0.134,223.0,16.6,63.5,0.446,-1341.3,Road as Line,9.0,Timber,1,Held
CA-SNF-000958,Creek Fire,CA-SNF-000958_seg_00132,2020-09-06,train,21.8,1700.6,205.7,0.753,0.208,206.6,82.1,34.5,0.824,-1150.2,Dozer Line,6.5,Timber,0,Burned Over
CA-SNF-000958,Creek Fire,CA-SNF-000958_seg_00133,2020-09-06,train,31.1,2219.3,152.8,0.811,0.223,244.3,117.3,37.0,0.798,-1307.7,Dozer Line,6.5,Timber,0,Burned Over
CA-SNF-000958,Creek Fire,CA-SNF-000958_seg_00134,2020-09-06,train,23.5,1896.7,164.8,0.879,0.091,232.5,133.7,8.8,0.988,-1417.4,Completed Hand Line,2.0,Timber,0,Burned Over
CA-SNF-000958,Creek Fire,CA-SNF-000958_seg_00135,2020-09-06,train,5.0,1045.2,172.9,0.804,0.152,202.6,163.8,51.2,0.626,-1275.2,Road as Line,9.0,Timber,1,Held
CA-SNF-000958,Creek Fire,CA-SNF-000958_seg_00136,2020-09-06,train,27.9,2074.3,604.1,0.844,0.18,218.7,6.6,57.9,0.532,-914.4,Dozer Line,6.5,Timber,0,Burned Over
CA-SNF-000958,Creek Fire,CA-SNF-000958_seg_00137,2020-09-06,train,21.3,1872.9,331.9,0.86,0.101,227.1,133.2,3.9,0.998,-1216.2,Completed Hand Line,2.0,Timber,0,Burned Over
CA-SNF-000958,Creek Fire,CA-SNF-000958_seg_00138,2020-09-06,train,37.9,2073.7,719.4,0.739,0.282,215.0,8.5,63.5,0.446,-610.2,Road as Line,9.0,Timber,1,Held
CA-SNF-000958,Creek Fire,CA-SNF-000958_seg_00139,2020-09-06,train,17.6,1666.6,453.7,0.6,0.234,231.6,55.2,86.4,0.063,-625.7,Dozer Line,6.5,Timber,0,Burned Over
CA-SNF-000958,Creek Fire,CA-SNF-000958_seg_00140,2020-09-06,train,19.8,1721.2,501.9,0.735,0.211,230.2,131.9,8.3,0.99,-821.0,Dozer Line,6.5,Timber,0,Burned Over
CA-SNF-000958,Creek Fire,CA-SNF-000958_seg_00141,2020-09-06,train,45.0,1422.9,820.8,0.857,0.16,235.6,109.7,35.9,0.81,-722.7,Dozer Line,6.5,Timber,0,Burned Over
CA-SNF-000958,Creek Fire,CA-SNF-000958_seg_00142,2020-09-06,train,11.6,1579.2,839.9,0.641,0.328,191.5,64.2,37.3,0.796,-314.0,Completed Hand Line,2.0,Timber,1,Held
CA-SNF-000958,Creek Fire,CA-SNF-000958_seg_00143,2020-09-06,train,21.2,1090.6,916.2,0.592,0.38,222.3,31.9,79.6,0.18,-148.7,Dozer Line,6.5,Timber,1,Held
CA-SNF-000958,Creek Fire,CA-SNF-000958_seg_00144,2020-09-06,train,23.4,2041.6,2403.3,0.311,0.255,216.3,59.9,66.4,0.4,1842.9,Dozer Line,6.5,Timber,1,Held
CA-SNF-000958,Creek Fire,CA-SNF-000958_seg_00145,2020-09-06,train,25.0,1067.4,578.3,0.852,0.148,216.4,75.0,51.4,0.624,-954.9,Dozer Line,6.5,Timber,0,Burned Over
CA-SNF-000958,Creek Fire,CA-SNF-000958_seg_00146,2020-09-06,train,45.0,2115.2,3720.5,0.16,0.204,237.8,139.9,7.8,0.991,3432.9,Road as Line,9.0,Timber,1,Held
CA-SNF-000958,Creek Fire,CA-SNF-000958_seg_00147,2020-09-06,train,9.8,1443.8,1872.0,0.128,0.189,239.2,73.4,75.8,0.245,1641.2,Road as Line,9.0,Timber,1,Held
CA-SNF-000958,Creek Fire,CA-SNF-000958_seg_00148,2020-09-06,train,16.2,2246.6,3238.9,0.07,0.083,225.5,69.9,65.6,0.414,3113.5,Dozer Line,6.5,Timber,1,Held
CA-SNF-000958,Creek Fire,CA-SNF-000958_seg_00149,2020-09-06,train,15.1,2593.8,1100.4,0.69,0.372,222.5,134.1,1.6,1.0,-140.9,Dozer Line,6.5,Timber,1,Held
CA-SNF-000958,Creek Fire,CA-SNF-000958_seg_00150,2020-09-06,train,33.0,1086.5,1993.4,0.393,0.261,200.5,4.7,74.2,0.272,1285.9,Dozer Line,6.5,Timber,1,Held
CA-SNF-000958,Creek Fire,CA-SNF-000958_seg_00151,2020-09-06,train,7.4,1659.1,246.4,0.828,0.21,252.7,141.7,20.9,0.934,-1244.7,Road as Line,9.0,Timber,1,Held
CA-SNF-000958,Creek Fire,CA-SNF-000958_seg_00152,2020-09-06,train,25.3,1373.3,185.6,0.74,0.245,255.9,83.1,82.7,0.127,-1146.6,Dozer Line,6.5,Timber,1,Held
CA-SNF-000958,Creek Fire,CA-SNF-000958_seg_00153,2020-09-06,train,25.1,1668.3,1072.2,0.496,0.338,199.7,17.2,87.5,0.043,180.2,Road as Line,9.0,Timber,1,Held
CA-SNF-000958,Creek Fire,CA-SNF-000958_seg_00154,2020-09-06,train,11.7,1587.8,4798.1,0.01,0.01,240.0,21.2,51.2,0.626,4780.0,Road as Line,9.0,Timber,1,Held
CA-SNF-000958,Creek Fire,CA-SNF-000958_seg_00155,2020-09-06,train,40.4,1892.9,1807.2,0.648,0.271,248.3,150.9,7.4,0.992,641.4,Road as Line,9.0,Timber,1,Held
CA-SNF-000958,Creek Fire,CA-SNF-000958_seg_00156,2020-09-06,train,22.4,1887.4,329.2,0.763,0.251,256.0,19.6,33.6,0.833,-1043.6,Completed Hand Line,2.0,Timber,1,Held
CA-SNF-000958,Creek Fire,CA-SNF-000958_seg_00157,2020-09-06,train,20.2,1202.5,5000.0,0.022,0.032,242.1,119.7,32.4,0.844,4961.1,Dozer Line,6.5,Timber,1,Held
CA-SNF-000958,Creek Fire,CA-SNF-000958_seg_00158,2020-09-06,train,17.7,1315.3,786.6,0.67,0.249,230.9,121.0,19.9,0.94,-420.2,Road as Line,9.0,Timber,1,Held
CA-SNF-000958,Creek Fire,CA-SNF-000958_seg_00159,2020-09-06,train,32.4,1954.3,183.5,0.919,0.102,194.1,139.2,35.1,0.818,-1470.4,Dozer Line,6.5,Timber,0,Burned Over
CA-SNF-000958,Creek Fire,CA-SNF-000958_seg_00160,2020-09-06,train,29.9,1912.5,530.8,0.8,0.261,190.7,49.0,51.7,0.619,-909.9,Road as Line,9.0,Timber,1,Held
CA-SNF-000958,Creek Fire,CA-SNF-000958_seg_00161,2020-09-06,train,24.9,1461.1,1144.4,0.509,0.382,224.6,8.2,53.6,0.593,228.2,Completed Hand Line,2.0,Timber,0,Burned Over
CA-SNF-000958,Creek Fire,CA-SNF-000958_seg_00162,2020-09-06,train,30.2,1684.4,1093.4,0.498,0.271,222.3,45.2,87.1,0.05,196.9,Road as Line,9.0,Timber,1,Held
CA-SNF-000958,Creek Fire,CA-SNF-000958_seg_00163,2020-09-06,train,22.6,1667.8,2900.7,0.157,0.126,243.3,56.1,82.8,0.125,2617.4,Road as Line,9.0,Timber,1,Held
CA-SNF-000958,Creek Fire,CA-SNF-000958_seg_00164,2020-09-06,train,21.0,2031.8,190.2,0.691,0.3,259.9,98.0,71.9,0.31,-1053.2,Dozer Line,6.5,Timber,1,Held
CA-SNF-000958,Creek Fire,CA-SNF-000958_seg_00165,2020-09-06,train,17.6,1690.1,3421.5,0.105,0.09,215.0,161.2,36.2,0.807,3232.0,Dozer Line,6.5,Timber,1,Held
CA-SNF-000958,Creek Fire,CA-SNF-000958_seg_00166,2020-09-06,train,30.7,2093.8,271.3,0.773,0.158,243.9,177.2,23.2,0.919,-1119.2,Completed Hand Line,2.0,Timber,0,Burned Over
CA-SNF-000958,Creek Fire,CA-SNF-000958_seg_00167,2020-09-06,train,21.1,1694.4,258.4,0.849,0.12,206.5,126.3,9.8,0.985,-1269.2,Road as Line,9.0,Timber,0,Burned Over
CA-SNF-000958,Creek Fire,CA-SNF-000958_seg_00168,2020-09-06,train,24.4,1693.7,2990.1,0.088,0.142,219.1,24.4,75.3,0.254,2832.0,Road as Line,9.0,Timber,1,Held
CA-SNF-000958,Creek Fire,CA-SNF-000958_seg_00169,2020-09-06,train,29.2,1837.6,2435.3,0.374,0.301,216.7,96.1,30.7,0.86,1762.1,Road as Line,9.0,Timber,1,Held
CA-SNF-000958,Creek Fire,CA-SNF-000958_seg_00170,2020-09-06,train,23.6,2119.2,960.0,0.771,0.248,214.2,91.8,32.3,0.845,-427.8,Dozer Line,6.5,Timber,0,Burned Over
CA-SNF-000958,Creek Fire,CA-SNF-000958_seg_00171,2020-09-06,train,19.6,2079.8,291.5,0.812,0.211,230.2,110.6,29.5,0.87,-1169.6,Dozer Line,6.5,Timber,1,Held
CA-SNF-000958,Creek Fire,CA-SNF-000958_seg_00172,2020-09-06,train,44.4,1151.9,475.3,0.86,0.102,232.3,13.7,51.4,0.624,-1073.1,Road as Line,9.0,Timber,0,Burned Over
CA-SNF-000958,Creek Fire,CA-SNF-000958_seg_00173,2020-09-06,train,33.2,1321.9,656.6,0.714,0.318,228.8,45.6,86.8,0.056,-628.7,Dozer Line,6.5,Timber,1,Held
CA-SNF-000958,Creek Fire,CA-SNF-000958_seg_00174,2020-09-06,train,34.0,1906.4,2134.9,0.302,0.283,240.5,87.6,63.0,0.455,1590.5,Road as Line,9.0,Timber,1,Held
CA-SNF-000958,Creek Fire,CA-SNF-000958_seg_00175,2020-09-06,train,19.8,2023.3,997.9,0.583,0.433,246.8,108.8,48.0,0.669,-51.6,Dozer Line,6.5,Timber,0,Burned Over
CA-SNF-000958,Creek Fire,CA-SNF-000958_seg_00176,2020-09-06,train,16.4,1533.3,3507.8,0.043,0.048,231.9,81.3,60.6,0.491,3430.2,Road as Line,9.0,Timber,1,Held
CA-SNF-000958,Creek Fire,CA-SNF-000958_seg_00177,2020-09-06,train,40.4,1890.5,353.6,0.838,0.158,192.1,15.6,86.6,0.06,-1155.1,Dozer Line,6.5,Timber,0,Burned Over
CA-SNF-000958,Creek Fire,CA-SNF-000958_seg_00178,2020-09-06,train,28.4,1037.0,2501.0,0.142,0.2,210.9,14.9,74.0,0.275,2245.4,Dozer Line,6.5,Timber,1,Held
CA-SNF-000958,Creek Fire,CA-SNF-000958_seg_00179,2020-09-06,train,22.8,2072.2,199.6,0.57,0.394,213.3,32.4,89.1,0.016,-825.8,Completed Hand Line,2.0,Timber,1,Held
CA-SNF-000958,Creek Fire,CA-SNF-000958_seg_00180,2020-09-06,train,15.6,1815.5,1488.8,0.358,0.207,256.0,107.9,58.1,0.528,843.9,Dozer Line,6.5,Timber,1,Held
CA-SNF-000958,Creek Fire,CA-SNF-000958_seg_00181,2020-09-06,train,37.3,1892.8,669.1,0.717,0.209,223.1,20.0,66.9,0.393,-622.3,Road as Line,9.0,Timber,1,Held
CA-SNF-000958,Creek Fire,CA-SNF-000958_seg_00182,2020-09-06,train,39.3,1539.9,2564.8,0.379,0.331,201.4,84.8,26.6,0.894,1882.5,Road as Line,9.0,Timber,1,Held
CA-SNF-000958,Creek Fire,CA-SNF-000958_seg_00183,2020-09-06,train,30.5,2329.7,1265.7,0.521,0.395,234.4,48.2,83.8,0.108,327.0,Road as Line,9.0,Timber,1,Held
CA-SNF-000958,Creek Fire,CA-SNF-000958_seg_00184,2020-09-06,train,30.0,2458.2,409.2,0.812,0.264,267.0,139.4,37.6,0.792,-1052.5,Dozer Line,6.5,Timber,0,Burned Over
CA-SNF-000958,Creek Fire,CA-SNF-000958_seg_00185,2020-09-06,train,25.4,1696.2,559.8,0.521,0.289,190.0,167.3,67.3,0.386,-378.6,Dozer Line,6.5,Timber,1,Held
CA-SNF-000958,Creek Fire,CA-SNF-000958_seg_00186,2020-09-06,train,27.8,1346.4,1083.0,0.536,0.274,222.6,23.0,70.4,0.336,117.6,Road as Line,9.0,Timber,1,Held
CA-SNF-000958,Creek Fire,CA-SNF-000958_seg_00187,2020-09-06,train,34.2,1479.8,2613.0,0.398,0.374,243.8,110.4,43.4,0.727,1896.4,Dozer Line,6.5,Timber,1,Held
CA-SNF-000958,Creek Fire,CA-SNF-000958_seg_00188,2020-09-06,train,19.2,942.2,2732.8,0.094,0.076,223.8,51.8,81.9,0.14,2563.1,Road as Line,9.0,Timber,1,Held
CA-SNF-000958,Creek Fire,CA-SNF-000958_seg_00189,2020-09-06,train,27.1,1944.6,4927.6,0.016,0.013,190.7,62.0,38.7,0.781,4898.8,Completed Hand Line,2.0,Timber,1,Held
CA-SNF-000958,Creek Fire,CA-SNF-000958_seg_00190,2020-09-06,train,30.1,1826.5,1446.9,0.257,0.201,215.1,39.9,85.1,0.085,983.8,Completed Hand Line,2.0,Timber,1,Held
CA-SNF-000958,Creek Fire,CA-SNF-000958_seg_00191,2020-09-06,train,25.0,1592.5,1115.0,0.623,0.372,262.9,146.6,26.3,0.897,-7.0,Road as Line,9.0,Timber,1,Held
CA-SNF-000958,Creek Fire,CA-SNF-000958_seg_00192,2020-09-06,train,23.5,1324.1,1750.8,0.33,0.272,233.7,103.7,40.0,0.766,1157.5,Road as Line,9.0,Timber,1,Held
CA-SNF-000958,Creek Fire,CA-SNF-000958_seg_00193,2020-09-06,train,38.4,1978.2,167.9,0.911,0.091,225.8,97.8,38.0,0.788,-1472.5,Dozer Line,6.5,Timber,0,Burned Over
CA-SNF-000958,Creek Fire,CA-SNF-000958_seg_00194,2020-09-06,train,42.9,1036.2,609.9,0.8,0.163,211.7,14.9,73.2,0.288,-830.9,Road as Line,9.0,Timber,1,Held
CA-SNF-000958,Creek Fire,CA-SNF-000958_seg_00195,2020-09-06,train,24.1,1431.4,174.9,0.783,0.204,215.7,39.6,86.1,0.068,-1234.6,Road as Line,9.0,Timber,1,Held
CA-SNF-000958,Creek Fire,CA-SNF-000958_seg_00196,2020-09-06,train,34.9,1549.1,979.1,0.773,0.294,234.9,139.3,5.6,0.995,-412.5,Dozer Line,6.5,Timber,0,Burned Over
CA-SNF-000958,Creek Fire,CA-SNF-000958_seg_00197,2020-09-06,train,2.4,1615.7,580.6,0.422,0.215,225.1,31.3,76.2,0.238,-179.4,Road as Line,9.0,Timber,1,Held
CA-SNF-000958,Creek Fire,CA-SNF-000958_seg_00198,2020-09-06,train,48.0,1101.8,287.2,0.917,0.082,203.0,71.7,41.3,0.751,-1363.4,Completed Hand Line,2.0,Timber,0,Burned Over
CA-SNF-000958,Creek Fire,CA-SNF-000958_seg_00199,2020-09-06,train,13.8,1922.5,362.3,0.699,0.219,231.2,68.2,73.0,0.292,-896.2,Road as Line,9.0,Timber,1,Held
CA-SNF-000958,Creek Fire,CA-SNF-000958_seg_00200,2020-09-06,train,10.1,1825.2,390.0,0.582,0.35,221.4,52.4,79.0,0.19,-656.9,Completed Hand Line,2.0,Timber,1,Held
CA-SNF-000958,Creek Fire,CA-SNF-000958_seg_00201,2020-09-06,train,26.6,1731.4,1264.9,0.693,0.317,186.2,149.1,52.9,0.603,17.3,Road as Line,9.0,Timber,1,Held
CA-SNF-000958,Creek Fire,CA-SNF-000958_seg_00202,2020-09-06,train,32.2,1580.8,318.5,0.813,0.204,213.4,25.0,81.6,0.147,-1144.4,Road as Line,9.0,Timber,1,Held
CA-SNF-000958,Creek Fire,CA-SNF-000958_seg_00203,2020-09-06,train,32.8,1665.2,1262.0,0.767,0.144,159.7,73.1,3.4,0.998,-117.9,Dozer Line,6.5,Timber,1,Held
CA-SNF-000958,Creek Fire,CA-SNF-000958_seg_00204,2020-09-06,train,27.6,1936.3,1209.3,0.645,0.362,203.0,151.0,38.0,0.788,48.2,Completed Hand Line,2.0,Timber,1,Held
CA-SNF-000958,Creek Fire,CA-SNF-000958_seg_00205,2020-09-06,train,34.1,1104.7,1180.9,0.548,0.351,211.4,8.8,67.4,0.385,194.6,Dozer Line,6.5,Timber,1,Held
CA-SNF-000958,Creek Fire,CA-SNF-000958_seg_00206,2020-09-06,train,26.2,2255.3,1196.1,0.452,0.234,215.0,33.1,88.1,0.034,382.6,Completed Hand Line,2.0,Timber,1,Held
CA-SNF-000958,Creek Fire,CA-SNF-000958_seg_00207,2020-09-06,train,38.6,1556.0,701.5,0.792,0.252,236.9,92.5,54.3,0.583,-723.6,Road as Line,9.0,Timber,0,Burned Over
CA-SNF-000958,Creek Fire,CA-SNF-000958_seg_00208,2020-09-06,train,34.9,1699.8,1707.7,0.626,0.242,230.7,140.3,0.4,1.0,580.1,Completed Hand Line,2.0,Timber,0,Burned Over
CA-SNF-000958,Creek Fire,CA-SNF-000958_seg_00209,2020-09-06,train,19.2,2098.8,633.3,0.734,0.32,212.0,13.6,71.6,0.316,-688.2,Dozer Line,6.5,Timber,1,Held
CA-SNF-000958,Creek Fire,CA-SNF-000958_seg_00210,2020-09-06,train,43.7,1449.9,1293.2,0.634,0.341,258.3,35.2,46.9,0.683,152.8,Completed Hand Line,2.0,Timber,0,Burned Over
CA-SNF-000958,Creek Fire,CA-SNF-000958_seg_00211,2020-09-06,train,27.7,1518.9,914.0,0.565,0.227,236.6,31.8,65.3,0.418,-102.2,Road as Line,9.0,Timber,1,Held
CA-SNF-000958,Creek Fire,CA-SNF-000958_seg_00212,2020-09-06,train,16.8,1536.4,776.6,0.652,0.195,248.6,98.5,60.0,0.5,-396.4,Dozer Line,6.5,Timber,1,Held
CA-SNF-000958,Creek Fire,CA-SNF-000958_seg_00213,2020-09-06,train,27.9,1126.2,179.2,0.785,0.207,204.3,166.9,52.6,0.607,-1234.5,Dozer Line,6.5,Timber,1,Held
CA-SNF-000958,Creek Fire,CA-SNF-000958_seg_00214,2020-09-06,train,27.2,1129.1,239.2,0.897,0.122,243.9,105.4,48.5,0.663,-1374.6,Dozer Line,6.5,Timber,0,Burned Over
CA-SNF-000958,Creek Fire,CA-SNF-000958_seg_00215,2020-09-06,train,23.6,1799.3,348.2,0.706,0.172,218.4,51.5,76.9,0.226,-921.8,Road as Line,9.0,Timber,1,Held
CA-SNF-000958,Creek Fire,CA-SNF-000958_seg_00216,2020-09-06,train,18.2,2107.5,3011.4,0.148,0.188,228.9,96.8,42.1,0.742,2745.9,Dozer Line,6.5,Timber,1,Held
CA-SNF-000958,Creek Fire,CA-SNF-000958_seg_00217,2020-09-06,train,15.1,1380.8,1288.0,0.412,0.427,236.0,68.4,77.5,0.216,546.8,Road as Line,9.0,Timber,1,Held
CA-SNF-000958,Creek Fire,CA-SNF-000958_seg_00218,2020-09-06,train,41.9,1840.2,1163.1,0.613,0.24,233.5,74.3,69.2,0.355,59.3,Road as Line,9.0,Timber,1,Held
CA-SNF-000958,Creek Fire,CA-SNF-000958_seg_00219,2020-09-06,train,48.0,1518.2,2104.5,0.721,0.22,230.9,146.6,5.7,0.995,806.5,Dozer Line,6.5,Timber,0,Burned Over
CA-SNF-000958,Creek Fire,CA-SNF-000958_seg_00220,2020-09-06,train,18.4,1928.6,953.0,0.685,0.247,237.4,145.0,2.4,0.999,-279.7,Completed Hand Line,2.0,Timber,0,Burned Over
CA-SNF-000958,Creek Fire,CA-SNF-000958_seg_00221,2020-09-06,train,11.8,1967.5,1820.2,0.196,0.167,178.4,56.5,31.8,0.849,1467.8,Dozer Line,6.5,Timber,1,Held
CA-SNF-000958,Creek Fire,CA-SNF-000958_seg_00222,2020-09-06,train,43.3,2043.5,1627.9,0.683,0.261,222.0,104.0,28.0,0.883,398.9,Dozer Line,6.5,Timber,1,Held
CA-SNF-000958,Creek Fire,CA-SNF-000958_seg_00223,2020-09-06,train,36.4,2023.2,1065.9,0.695,0.343,215.2,58.9,66.3,0.402,-185.5,Dozer Line,6.5,Timber,1,Held
CA-SNF-000958,Creek Fire,CA-SNF-000958_seg_00224,2020-09-06,train,29.7,1236.8,1241.4,0.715,0.168,222.0,88.6,43.5,0.726,-45.3,Dozer Line,6.5,Timber,1,Held
CA-SNF-000958,Creek Fire,CA-SNF-000958_seg_00225,2020-09-06,train,10.6,2254.6,1178.3,0.517,0.364,207.3,13.1,75.9,0.244,247.4,Completed Hand Line,2.0,Timber,1,Held
CA-SNF-000958,Creek Fire,CA-SNF-000958_seg_00226,2020-09-06,train,38.4,1520.1,2484.2,0.253,0.289,248.4,99.0,59.4,0.509,2028.6,Dozer Line,6.5,Timber,0,Burned Over
CA-SNF-000958,Creek Fire,CA-SNF-000958_seg_00227,2020-09-06,train,13.9,1571.0,711.3,0.646,0.333,230.9,157.9,17.0,0.956,-450.7,Dozer Line,6.5,Timber,1,Held
CA-SNF-000958,Creek Fire,CA-SNF-000958_seg_00228,2020-09-06,train,25.1,1467.0,1519.7,0.284,0.192,274.8,81.5,76.7,0.23,1008.4,Dozer Line,6.5,Timber,1,Held
CA-SNF-000958,Creek Fire,CA-SNF-000958_seg_00229,2020-09-06,train,29.1,1729.4,1607.5,0.726,0.237,207.1,102.1,14.9,0.966,300.1,Dozer Line,6.5,Timber,0,Burned Over
CA-SNF-000958,Creek Fire,CA-SNF-000958_seg_00230,2020-09-06,train,40.7,1843.2,2416.2,0.303,0.259,227.7,120.8,16.9,0.957,1871.5,Dozer Line,6.5,Timber,1,Held
CA-SNF-000958,Creek Fire,CA-SNF-000958_seg_00231,2020-09-06,train,19.9,1715.4,2356.7,0.224,0.229,244.8,147.9,6.9,0.993,1953.4,Road as Line,9.0,Timber,1,Held
CA-SNF-000958,Creek Fire,CA-SNF-000958_seg_00232,2020-09-06,train,54.4,1628.7,424.7,0.905,0.107,220.4,97.8,32.6,0.842,-1205.2,Road as Line,9.0,Timber,1,Held
CA-SNF-000958,Creek Fire,CA-SNF-000958_seg_00233,2020-09-06,train,52.2,2229.6,774.0,0.84,0.202,215.3,97.2,28.1,0.882,-737.2,Dozer Line,6.5,Timber,0,Burned Over
CA-SNF-000958,Creek Fire,CA-SNF-000958_seg_00234,2020-09-06,train,50.6,1631.2,2661.8,0.443,0.441,216.4,160.3,33.9,0.83,1863.7,Completed Hand Line,2.0,Timber,0,Burned Over
CA-SNF-000958,Creek Fire,CA-SNF-000958_seg_00235,2020-09-06,train,33.1,2449.1,1316.3,0.467,0.34,220.8,26.2,75.4,0.251,475.1,Dozer Line,6.5,Timber,1,Held
CA-SNF-000958,Creek Fire,CA-SNF-000958_seg_00236,2020-09-06,train,25.7,1663.8,633.8,0.649,0.362,202.4,19.5,87.1,0.05,-534.1,Road as Line,9.0,Timber,1,Held
CA-SNF-000958,Creek Fire,CA-SNF-000958_seg_00237,2020-09-06,train,34.3,2450.6,1040.6,0.656,0.345,191.5,39.0,62.5,0.462,-139.3,Dozer Line,6.5,Timber,1,Held
CA-SNF-000958,Creek Fire,CA-SNF-000958_seg_00238,2020-09-06,train,34.6,1583.5,774.4,0.74,0.286,234.3,11.5,47.2,0.68,-556.9,Completed Hand Line,2.0,Timber,0,Burned Over
CA-SNF-000958,Creek Fire,CA-SNF-000958_seg_00239,2020-09-06,train,34.0,2053.1,595.8,0.78,0.171,209.9,39.1,80.8,0.159,-808.2,Road as Line,9.0,Timber,1,Held
CA-SNF-000958,Creek Fire,CA-SNF-000958_seg_00240,2020-09-06,train,25.0,1284.6,289.8,0.576,0.259,231.8,50.7,88.9,0.019,-747.3,Dozer Line,6.5,Timber,1,Held
CA-SNF-000958,Creek Fire,CA-SNF-000958_seg_00241,2020-09-06,train,13.5,2217.8,772.6,0.599,0.347,195.8,118.3,12.4,0.977,-306.0,Dozer Line,6.5,Timber,1,Held
CA-SNF-000958,Creek Fire,CA-SNF-000958_seg_00242,2020-09-06,train,34.2,2046.4,4903.0,0.026,0.022,199.2,70.1,39.1,0.776,4856.4,Road as Line,9.0,Timber,1,Held
CA-SNF-000958,Creek Fire,CA-SNF-000958_seg_00243,2020-09-06,train,40.1,1225.7,1458.8,0.71,0.344,224.0,93.8,40.1,0.765,180.8,Road as Line,9.0,Timber,0,Burned Over
CA-SNF-000958,Creek Fire,CA-SNF-000958_seg_00244,2020-09-06,train,25.0,1933.9,679.1,0.614,0.29,194.2,34.1,70.0,0.341,-426.8,Dozer Line,6.5,Timber,1,Held
CA-SNF-000958,Creek Fire,CA-SNF-000958_seg_00245,2020-09-06,train,32.1,1444.9,1431.0,0.294,0.225,223.1,44.5,88.5,0.026,901.4,Dozer Line,6.5,Timber,1,Held
CA-SNF-000958,Creek Fire,CA-SNF-000958_seg_00246,2020-09-06,train,16.4,2190.3,203.1,0.64,0.246,209.6,60.3,59.3,0.511,-948.6,Dozer Line,6.5,Timber,1,Held
CA-SNF-000958,Creek Fire,CA-SNF-000958_seg_00247,2020-09-06,train,45.5,1851.1,157.8,0.922,0.069,224.4,139.7,5.3,0.996,-1502.0,Completed Hand Line,2.0,Timber,0,Burned Over
CA-SNF-000958,Creek Fire,CA-SNF-000958_seg_00248,2020-09-06,train,32.0,1162.9,503.3,0.866,0.178,237.4,116.5,30.9,0.858,-1056.1,Dozer Line,6.5,Timber,0,Burned Over
CA-SNF-000958,Creek Fire,CA-SNF-000958_seg_00249,2020-09-06,train,32.7,1406.3,477.0,0.707,0.205,227.4,19.2,61.7,0.474,-796.1,Completed Hand Line,2.0,Timber,0,Burned Over
CA-SNF-000958,Creek Fire,CA-SNF-000958_seg_00250,2020-09-06,train,30.0,788.3,1372.3,0.598,0.4,221.4,151.6,20.2,0.938,296.1,Completed Hand Line,2.0,Timber,0,Burned Over
CA-SNF-000958,Creek Fire,CA-SNF-000958_seg_00251,2020-09-06,train,30.8,724.1,297.9,0.838,0.128,237.1,171.0,23.9,0.914,-1210.7,Dozer Line,6.5,Timber,0,Burned Over
CA-SNF-000958,Creek Fire,CA-SNF-000958_seg_00252,2020-09-06,train,22.5,1896.1,226.1,0.862,0.104,212.2,140.4,18.2,0.95,-1324.7,Completed Hand Line,2.0,Timber,0,Burned Over
CA-SNF-000958,Creek Fire,CA-SNF-000958_seg_00253,2020-09-06,train,41.5,1869.1,2781.9,0.238,0.265,238.1,88.0,60.1,0.499,2353.4,Completed Hand Line,2.0,Timber,1,Held
CA-SNF-000958,Creek Fire,CA-SNF-000958_seg_00254,2020-09-06,train,29.5,955.9,1987.3,0.355,0.338,258.4,150.2,18.2,0.95,1348.6,Road as Line,9.0,Timber,1,Held
CA-SNF-000958,Creek Fire,CA-SNF-000958_seg_00255,2020-09-06,train,14.6,1537.9,768.3,0.699,0.296,203.9,138.9,25.0,0.906,-490.3,Road as Line,9.0,Timber,0,Burned Over
CA-SNF-000958,Creek Fire,CA-SNF-000958_seg_00256,2020-09-06,train,44.0,1898.2,1295.4,0.724,0.324,212.1,2.9,60.8,0.487,-8.3,Dozer Line,6.5,Timber,1,Held
CA-SNF-000958,Creek Fire,CA-SNF-000958_seg_00257,2020-09-06,train,16.5,1484.6,1324.3,0.55,0.405,232.2,140.5,1.8,1.0,333.9,Road as Line,9.0,Timber,1,Held
CA-SNF-000958,Creek Fire,CA-SNF-000958_seg_00258,2020-09-06,train,24.7,1601.1,1568.2,0.398,0.204,205.2,3.8,68.6,0.365,851.9,Dozer Line,6.5,Timber,1,Held
CA-SNF-000958,Creek Fire,CA-SNF-000958_seg_00259,2020-09-06,train,41.8,2340.7,1790.8,0.47,0.376,226.2,59.2,77.1,0.224,945.6,Completed Hand Line,2.0,Timber,1,Held
CA-SNF-000958,Creek Fire,CA-SNF-000958_seg_00260,2020-09-06,train,28.3,2066.5,1668.0,0.41,0.413,201.3,100.9,10.4,0.984,930.7,Road as Line,9.0,Timber,0,Burned Over
CA-SNF-000958,Creek Fire,CA-SNF-000958_seg_00261,2020-09-06,train,35.2,1756.4,1651.0,0.779,0.241,193.3,91.4,12.0,0.978,248.3,Dozer Line,6.5,Timber,0,Burned Over
CA-SNF-000958,Creek Fire,CA-SNF-000958_seg_00262,2020-09-06,train,30.6,1918.9,2868.9,0.149,0.182,199.4,43.6,65.7,0.411,2600.4,Completed Hand Line,2.0,Timber,1,Held
CA-SNF-000958,Creek Fire,CA-SNF-000958_seg_00263,2020-09-06,train,44.7,2129.5,5000.0,0.019,0.027,209.1,16.5,77.4,0.218,4965.8,Dozer Line,6.5,Timber,1,Held
CA-SNF-000958,Creek Fire,CA-SNF-000958_seg_00264,2020-09-06,train,38.7,1456.5,2787.6,0.155,0.17,268.7,47.5,48.8,0.659,2509.2,Dozer Line,6.5,Timber,1,Held
CA-SNF-000958,Creek Fire,CA-SNF-000958_seg_00265,2020-09-06,train,9.4,1395.0,175.2,0.808,0.171,215.1,118.4,6.6,0.993,-1279.2,Road as Line,9.0,Timber,1,Held
CA-SNF-000958,Creek Fire,CA-SNF-000958_seg_00266,2020-09-06,train,18.5,1194.5,430.5,0.724,0.24,245.5,60.8,85.4,0.081,-872.1,Road as Line,9.0,Timber,1,Held
CA-SNF-000958,Creek Fire,CA-SNF-000958_seg_00267,2020-09-06,train,19.1,1557.2,2896.4,0.048,0.054,244.6,42.2,67.6,0.382,2809.3,Road as Line,9.0,Timber,1,Held
CA-SNF-000958,Creek Fire,CA-SNF-000958_seg_00268,2020-09-06,train,27.9,2562.6,196.1,0.901,0.124,255.1,10.2,25.1,0.905,-1425.6,Dozer Line,6.5,Timber,0,Burned Over
CA-SNF-000958,Creek Fire,CA-SNF-000958_seg_00269,2020-09-06,train,26.6,2647.5,1060.4,0.755,0.329,243.5,153.6,0.2,1.0,-299.1,Dozer Line,6.5,Timber,0,Burned Over
CA-SNF-000958,Creek Fire,CA-SNF-000958_seg_00270,2020-09-06,train,45.5,1208.6,387.7,0.884,0.106,208.6,108.0,10.6,0.983,-1202.6,Completed Hand Line,2.0,Timber,0,Burned Over
CA-SNF-000958,Creek Fire,CA-SNF-000958_seg_00271,2020-09-06,train,28.4,1493.1,750.9,0.745,0.249,192.0,138.7,36.7,0.802,-590.9,Completed Hand Line,2.0,Timber,1,Held
CA-SNF-000958,Creek Fire,CA-SNF-000958_seg_00272,2020-09-06,train,16.0,1314.0,5000.0,0.005,0.006,221.2,62.8,68.4,0.368,4990.7,Road as Line,9.0,Timber,1,Held
CA-SNF-000958,Creek Fire,CA-SNF-000958_seg_00273,2020-09-06,train,26.2,2038.0,241.8,0.627,0.196,253.1,129.2,33.9,0.83,-886.5,Dozer Line,6.5,Timber,0,Burned Over
CA-SNF-000958,Creek Fire,CA-SNF-000958_seg_00274,2020-09-06,train,17.9,1708.5,830.1,0.665,0.316,244.6,155.2,0.5,1.0,-367.6,Dozer Line,6.5,Timber,1,Held
CA-SNF-000958,Creek Fire,CA-SNF-000958_seg_00275,2020-09-06,train,24.6,2344.2,808.2,0.873,0.17,227.9,25.2,67.3,0.386,-762.6,Dozer Line,6.5,Timber,1,Held
CA-SNF-000958,Creek Fire,CA-SNF-000958_seg_00276,2020-09-06,train,33.1,1248.4,2568.8,0.34,0.375,197.2,86.2,21.0,0.934,1957.3,Dozer Line,6.5,Timber,1,Held
CA-SNF-000958,Creek Fire,CA-SNF-000958_seg_00277,2020-09-06,train,50.6,1849.2,1045.8,0.791,0.147,210.4,77.8,42.6,0.737,-377.6,Road as Line,9.0,Timber,0,Burned Over
CA-SNF-000958,Creek Fire,CA-SNF-000958_seg_00278,2020-09-06,train,47.2,2153.9,357.7,0.865,0.153,201.0,30.9,80.0,0.173,-1200.2,Road as Line,9.0,Timber,1,Held
CA-SNF-000958,Creek Fire,CA-SNF-000958_seg_00279,2020-09-06,train,40.9,1855.4,753.4,0.75,0.253,225.0,15.4,60.4,0.493,-597.1,Road as Line,9.0,Timber,0,Burned Over
CA-SNF-000958,Creek Fire,CA-SNF-000958_seg_00280,2020-09-06,train,25.9,1665.1,1201.7,0.306,0.192,229.3,52.5,86.8,0.056,651.6,Dozer Line,6.5,Timber,1,Held
CA-SNF-000958,Creek Fire,CA-SNF-000958_seg_00281,2020-09-06,train,33.9,1863.6,972.2,0.863,0.117,212.7,108.6,14.2,0.97,-580.6,Road as Line,9.0,Timber,0,Burned Over
CA-SNF-000958,Creek Fire,CA-SNF-000958_seg_00282,2020-09-06,train,48.8,1259.6,3550.1,0.314,0.196,211.2,165.3,44.1,0.718,2984.2,Completed Hand Line,2.0,Timber,1,Held
CA-SNF-000958,Creek Fire,CA-SNF-000958_seg_00283,2020-09-06,train,18.9,1175.3,329.7,0.794,0.273,258.4,171.6,3.2,0.998,-1098.7,Dozer Line,6.5,Timber,1,Held
CA-SNF-000958,Creek Fire,CA-SNF-000958_seg_00284,2020-09-06,train,28.6,1831.0,1044.8,0.783,0.197,259.4,175.9,6.5,0.994,-364.3,Dozer Line,6.5,Timber,0,Burned Over
CA-SNF-000958,Creek Fire,CA-SNF-000958_seg_00285,2020-09-06,train,43.0,1568.8,3695.4,0.083,0.088,181.1,32.6,58.6,0.522,3545.9,Dozer Line,6.5,Timber,1,Held
CA-SNF-000958,Creek Fire,CA-SNF-000958_seg_00286,2020-09-06,train,26.6,1880.6,308.2,0.632,0.334,218.6,35.3,86.7,0.058,-828.7,Dozer Line,6.5,Timber,1,Held
CA-SNF-000958,Creek Fire,CA-SNF-000958_seg_00287,2020-09-06,train,28.0,1978.4,4320.0,0.074,0.078,196.6,102.9,3.7,0.998,4187.7,Completed Hand Line,2.0,Timber,1,Held
CA-SNF-000958,Creek Fire,CA-SNF-000958_seg_00288,2020-09-06,train,30.1,1407.9,1137.3,0.659,0.183,188.8,21.4,77.4,0.219,-48.0,Completed Hand Line,2.0,Timber,1,Held
CA-SNF-000958,Creek Fire,CA-SNF-000958_seg_00289,2020-09-06,train,32.5,1864.6,733.2,0.583,0.365,217.3,31.1,83.8,0.108,-317.0,Road as Line,9.0,Timber,1,Held
CA-SNF-000958,Creek Fire,CA-SNF-000958_seg_00290,2020-09-06,train,10.9,1807.7,1584.0,0.43,0.365,200.8,178.9,68.2,0.372,809.6,Completed Hand Line,2.0,Timber,1,Held
CA-SNF-000958,Creek Fire,CA-SNF-000958_seg_00291,2020-09-06,train,16.7,2659.1,779.1,0.431,0.208,223.9,66.1,67.8,0.378,2.5,Dozer Line,6.5,Timber,1,Held
CA-SNF-000958,Creek Fire,CA-SNF-000958_seg_00292,2020-09-06,train,33.1,1418.9,446.4,0.858,0.144,216.4,169.2,42.7,0.735,-1098.4,Dozer Line,6.5,Timber,0,Burned Over
CA-SNF-000958,Creek Fire,CA-SNF-000958_seg_00293,2020-09-06,train,16.8,1823.2,415.7,0.715,0.203,219.8,157.3,27.6,0.886,-871.4,Dozer Line,6.5,Timber,0,Burned Over
CA-SNF-000958,Creek Fire,CA-SNF-000958_seg_00294,2020-09-06,train,22.2,2014.3,822.4,0.757,0.238,231.1,98.5,42.7,0.735,-539.7,Dozer Line,6.5,Timber,1,Held
CA-SNF-000958,Creek Fire,CA-SNF-000958_seg_00295,2020-09-06,train,31.9,1556.0,2151.8,0.393,0.192,196.0,154.9,49.0,0.657,1445.0,Road as Line,9.0,Timber,1,Held
CA-SNF-000958,Creek Fire,CA-SNF-000958_seg_00296,2020-09-06,train,10.2,1738.2,1280.2,0.692,0.224,227.4,138.9,1.5,1.0,34.6,Dozer Line,6.5,Timber,0,Burned Over
CA-SNF-000958,Creek Fire,CA-SNF-000958_seg_00297,2020-09-06,train,20.3,1337.7,678.1,0.564,0.275,222.9,96.4,36.5,0.804,-337.0,Dozer Line,6.5,Timber,1,Held
CA-SNF-000958,Creek Fire,CA-SNF-000958_seg_00298,2020-09-06,train,33.8,1801.2,1733.8,0.433,0.265,242.1,83.4,68.7,0.364,955.0,Completed Hand Line,2.0,Timber,0,Burned Over
CA-SNF-000958,Creek Fire,CA-SNF-000958_seg_00299,2020-09-06,train,19.0,1057.9,3103.6,0.118,0.185,209.0,80.4,38.5,0.782,2890.9,Dozer Line,6.5,Timber,1,Held
CA-SNF-000958,Creek Fire,CA-SNF-000958_seg_00300,2020-09-06,train,1.0,1096.9,1141.3,0.446,0.28,240.6,0.9,30.3,0.864,339.1,Completed Hand Line,2.0,Timber,1,Held
CA-SNF-000958,Creek Fire,CA-SNF-000958_seg_00301,2020-09-06,train,38.6,2086.5,5000.0,0.03,0.04,232.7,0.9,38.2,0.786,4946.0,Dozer Line,6.5,Timber,1,Held
CA-SNF-000958,Creek Fire,CA-SNF-000958_seg_00302,2020-09-06,train,35.4,1950.6,1531.6,0.407,0.247,213.2,47.7,75.5,0.25,799.5,Dozer Line,6.5,Timber,1,Held
CA-SNF-000958,Creek Fire,CA-SNF-000958_seg_00303,2020-09-06,train,44.2,1934.7,277.2,0.954,0.06,238.3,130.5,17.8,0.952,-1440.1,Dozer Line,6.5,Timber,0,Burned Over
CA-SNF-000958,Creek Fire,CA-SNF-000958_seg_00304,2020-09-06,train,37.2,1836.3,1111.8,0.472,0.245,230.5,47.6,87.0,0.052,262.7,Road as Line,9.0,Timber,1,Held
CA-SNF-000958,Creek Fire,CA-SNF-000958_seg_00305,2020-09-06,train,31.9,1454.6,1656.0,0.414,0.426,210.2,34.6,85.6,0.077,911.3,Dozer Line,6.5,Timber,0,Burned Over
CA-SNF-000958,Creek Fire,CA-SNF-000958_seg_00306,2020-09-06,train,6.4,1883.3,1204.2,0.531,0.365,216.4,112.6,13.7,0.971,249.2,Completed Hand Line,2.0,Timber,1,Held
CA-SNF-000958,Creek Fire,CA-SNF-000958_seg_00307,2020-09-06,train,18.3,1660.8,188.1,0.745,0.187,221.0,81.7,49.3,0.652,-1152.6,Completed Hand Line,2.0,Timber,0,Burned Over
CA-SNF-000958,Creek Fire,CA-SNF-000958_seg_00308,2020-09-06,train,29.9,1262.6,331.5,0.877,0.138,234.9,179.6,34.6,0.823,-1247.2,Completed Hand Line,2.0,Timber,0,Burned Over
CA-SNF-000958,Creek Fire,CA-SNF-000958_seg_00309,2020-09-06,train,7.4,1637.3,278.4,0.499,0.264,220.1,46.3,83.8,0.108,-619.3,Dozer Line,6.5,Timber,1,Held
CA-SNF-000958,Creek Fire,CA-SNF-000958_seg_00310,2020-09-06,train,27.2,1594.8,223.2,0.873,0.181,212.5,111.9,10.6,0.983,-1347.8,Dozer Line,6.5,Timber,0,Burned Over
CA-SNF-000958,Creek Fire,CA-SNF-000958_seg_00311,2020-09-06,train,19.3,1370.4,1788.5,0.335,0.185,236.1,13.3,47.2,0.68,1185.5,Dozer Line,6.5,Timber,1,Held
CA-SNF-000958,Creek Fire,CA-SNF-000958_seg_00312,2020-09-06,train,41.9,2135.7,1610.5,0.669,0.355,207.5,164.6,47.1,0.68,406.8,Completed Hand Line,2.0,Timber,0,Burned Over
CA-SNF-000958,Creek Fire,CA-SNF-000958_seg_00313,2020-09-06,train,5.8,1805.6,1124.5,0.388,0.272,236.6,95.6,51.0,0.63,425.4,Completed Hand Line,2.0,Timber,1,Held
CA-SNF-000958,Creek Fire,CA-SNF-000958_seg_00314,2020-09-06,train,29.7,2027.5,764.5,0.85,0.12,193.6,146.9,43.3,0.728,-765.5,Dozer Line,6.5,Timber,0,Burned Over
CA-SNF-000958,Creek Fire,CA-SNF-000958_seg_00315,2020-09-06,train,38.4,1634.1,849.1,0.834,0.119,193.3,138.1,34.8,0.821,-652.8,Road as Line,9.0,Timber,1,Held
CA-SNF-000958,Creek Fire,CA-SNF-000958_seg_00316,2020-09-06,train,34.3,1578.6,1034.1,0.625,0.246,212.3,161.2,38.8,0.779,-90.5,Completed Hand Line,2.0,Timber,0,Burned Over
CA-SNF-000958,Creek Fire,CA-SNF-000958_seg_00317,2020-09-06,train,27.6,1751.0,354.6,0.832,0.128,242.8,117.6,35.3,0.816,-1143.6,Road as Line,9.0,Timber,1,Held
CA-SNF-000958,Creek Fire,CA-SNF-000958_seg_00318,2020-09-06,train,21.0,1565.7,906.7,0.786,0.296,250.3,121.2,39.1,0.776,-508.4,Completed Hand Line,2.0,Timber,0,Burned Over
CA-SNF-000958,Creek Fire,CA-SNF-000958_seg_00319,2020-09-06,train,30.5,1757.6,1537.4,0.516,0.326,225.7,76.9,58.8,0.518,608.3,Dozer Line,6.5,Timber,1,Held
CA-SNF-000958,Creek Fire,CA-SNF-000958_seg_00320,2020-09-06,train,21.4,1387.4,244.2,0.873,0.14,213.9,102.1,21.8,0.929,-1327.6,Road as Line,9.0,Timber,1,Held
CA-SNF-000958,Creek Fire,CA-SNF-000958_seg_00321,2020-09-06,train,36.0,1979.0,151.2,0.873,0.155,208.6,81.2,37.3,0.795,-1419.5,Road as Line,9.0,Timber,0,Burned Over
CA-SNF-000958,Creek Fire,CA-SNF-000958_seg_00322,2020-09-06,train,34.0,1756.1,162.5,0.813,0.239,222.2,57.2,75.0,0.259,-1301.4,Dozer Line,6.5,Timber,1,Held
CA-SNF-000958,Creek Fire,CA-SNF-000958_seg_00323,2020-09-06,train,26.5,1071.7,1788.7,0.556,0.211,213.2,159.7,36.4,0.805,788.5,Road as Line,9.0,Timber,1,Held
CA-SNF-000958,Creek Fire,CA-SNF-000958_seg_00324,2020-09-06,train,30.9,1403.6,531.3,0.766,0.18,194.8,140.2,35.5,0.814,-847.8,Dozer Line,6.5,Timber,0,Burned Over
CA-SNF-000958,Creek Fire,CA-SNF-000958_seg_00325,2020-09-06,train,30.0,1603.3,339.7,0.817,0.134,226.0,128.0,8.1,0.99,-1130.5,Dozer Line,6.5,Timber,0,Burned Over
CA-SNF-000958,Creek Fire,CA-SNF-000958_seg_00326,2020-09-06,train,31.0,1824.4,1815.2,0.516,0.294,232.1,8.7,46.6,0.687,887.2,Dozer Line,6.5,Timber,1,Held
CA-SNF-000958,Creek Fire,CA-SNF-000958_seg_00327,2020-09-06,train,33.9,2073.5,688.7,0.839,0.183,220.4,98.4,32.0,0.848,-820.9,Dozer Line,6.5,Timber,0,Burned Over
CA-SNF-000958,Creek Fire,CA-SNF-000958_seg_00328,2020-09-06,train,14.2,1409.8,1366.6,0.706,0.215,226.7,130.3,6.4,0.994,95.9,Road as Line,9.0,Timber,1,Held
CA-SNF-000958,Creek Fire,CA-SNF-000958_seg_00329,2020-09-06,train,21.3,2094.1,724.4,0.649,0.317,253.2,44.2,61.0,0.484,-443.9,Dozer Line,6.5,Timber,1,Held
CA-SNF-000958,Creek Fire,CA-SNF-000958_seg_00330,2020-09-06,train,26.7,1737.1,506.4,0.494,0.442,212.9,23.3,80.4,0.167,-383.5,Completed Hand Line,2.0,Timber,1,Held
CA-SNF-000958,Creek Fire,CA-SNF-000958_seg_00331,2020-09-06,train,36.4,1602.3,2048.5,0.344,0.253,201.9,143.0,31.1,0.856,1429.4,Dozer Line,6.5,Timber,1,Held
CA-SNF-000958,Creek Fire,CA-SNF-000958_seg_00332,2020-09-06,train,28.6,1827.2,1830.3,0.358,0.254,194.2,140.6,36.3,0.805,1185.8,Dozer Line,6.5,Timber,1,Held
CA-SNF-000958,Creek Fire,CA-SNF-000958_seg_00333,2020-09-06,train,34.6,1915.0,2225.9,0.311,0.278,202.2,60.9,51.3,0.625,1666.4,Dozer Line,6.5,Timber,1,Held
CA-SNF-000958,Creek Fire,CA-SNF-000958_seg_00334,2020-09-06,train,38.3,2174.7,793.9,0.836,0.19,233.3,90.2,53.1,0.6,-710.5,Dozer Line,6.5,Timber,1,Held
CA-SNF-000958,Creek Fire,CA-SNF-000958_seg_00335,2020-09-06,train,4.1,2104.7,446.2,0.527,0.251,238.8,79.3,69.5,0.351,-502.6,Dozer Line,6.5,Timber,1,Held
CA-SNF-000958,Creek Fire,CA-SNF-000958_seg_00336,2020-09-06,train,27.3,1308.2,367.6,0.897,0.159,239.5,178.7,29.2,0.873,-1247.2,Road as Line,9.0,Timber,1,Held
CA-SNF-000958,Creek Fire,CA-SNF-000958_seg_00337,2020-09-06,train,29.9,1970.2,726.1,0.762,0.185,206.5,70.4,46.1,0.693,-646.1,Dozer Line,6.5,Timber,1,Held
CA-SNF-000958,Creek Fire,CA-SNF-000958_seg_00338,2020-09-06,train,31.1,946.5,379.6,0.838,0.148,210.8,123.2,2.4,0.999,-1129.6,Dozer Line,6.5,Timber,0,Burned Over
CA-SNF-000958,Creek Fire,CA-SNF-000958_seg_00339,2020-09-06,train,18.5,1626.9,514.5,0.785,0.188,235.0,166.2,21.2,0.932,-898.3,Road as Line,9.0,Timber,0,Burned Over
CA-SNF-000958,Creek Fire,CA-SNF-000958_seg_00340,2020-09-06,train,11.5,2435.8,1111.4,0.253,0.157,222.7,39.0,86.3,0.065,655.4,Road as Line,9.0,Timber,1,Held
CA-SNF-000958,Creek Fire,CA-SNF-000958_seg_00341,2020-09-06,train,17.4,1380.1,2371.3,0.067,0.061,222.6,40.9,88.3,0.029,2251.1,Completed Hand Line,2.0,Timber,1,Held
CA-SNF-000958,Creek Fire,CA-SNF-000958_seg_00342,2020-09-06,train,24.3,1845.4,940.6,0.731,0.201,236.7,115.9,30.8,0.859,-375.0,Dozer Line,6.5,Timber,0,Burned Over
CA-SNF-000958,Creek Fire,CA-SNF-000958_seg_00343,2020-09-06,train,9.3,1621.2,252.6,0.783,0.162,210.0,104.2,15.8,0.962,-1157.5,Dozer Line,6.5,Timber,1,Held
CA-SNF-000958,Creek Fire,CA-SNF-000958_seg_00344,2020-09-06,train,23.3,1205.2,5000.0,0.021,0.033,214.6,105.0,19.6,0.942,4962.9,Dozer Line,6.5,Timber,1,Held
CA-SNF-000958,Creek Fire,CA-SNF-000958_seg_00345,2020-09-06,train,8.8,1818.6,2295.1,0.239,0.257,203.8,118.1,4.3,0.997,1864.6,Road as Line,9.0,Timber,1,Held
CA-SNF-000958,Creek Fire,CA-SNF-000958_seg_00346,2020-09-06,train,22.2,1784.8,542.8,0.606,0.427,241.4,22.4,50.9,0.63,-547.3,Dozer Line,6.5,Timber,1,Held
CA-SNF-000958,Creek Fire,CA-SNF-000958_seg_00347,2020-09-06,train,24.9,1459.7,4276.7,0.034,0.047,198.8,169.3,60.5,0.492,4215.9,Road as Line,9.0,Timber,1,Held
CA-SNF-000958,Creek Fire,CA-SNF-000958_seg_00348,2020-09-06,train,30.6,1389.1,417.9,0.891,0.174,242.4,178.8,26.4,0.896,-1185.0,Dozer Line,6.5,Timber,0,Burned Over
CA-SNF-000958,Creek Fire,CA-SNF-000958_seg_00349,2020-09-06,train,7.6,1627.3,1239.6,0.242,0.314,209.1,18.6,79.5,0.183,803.9,Road as Line,9.0,Timber,1,Held
CA-SNF-000958,Creek Fire,CA-SNF-000958_seg_00350,2020-09-06,train,46.9,1848.2,1403.9,0.785,0.224,225.0,127.9,7.1,0.992,-9.3,Completed Hand Line,2.0,Timber,0,Burned Over
CA-SNF-000958,Creek Fire,CA-SNF-000958_seg_00351,2020-09-06,train,45.7,1857.9,816.2,0.873,0.164,207.1,89.9,27.2,0.89,-755.3,Dozer Line,6.5,Timber,0,Burned Over
CA-SNF-000958,Creek Fire,CA-SNF-000958_seg_00352,2020-09-06,train,15.3,1490.9,2331.1,0.247,0.247,244.4,21.7,47.3,0.679,1886.8,Dozer Line,6.5,Timber,1,Held
CA-SNF-000958,Creek Fire,CA-SNF-000958_seg_00353,2020-09-06,train,39.9,1438.5,926.0,0.828,0.156,229.7,10.1,50.4,0.638,-564.0,Road as Line,9.0,Timber,1,Held
CA-SNF-000958,Creek Fire,CA-SNF-000958_seg_00354,2020-09-06,train,3.6,1341.3,470.5,0.55,0.386,198.3,147.7,39.4,0.773,-519.8,Dozer Line,6.5,Timber,1,Held
CA-SNF-000958,Creek Fire,CA-SNF-000958_seg_00355,2020-09-06,train,11.1,1587.4,3049.9,0.025,0.022,227.2,27.7,70.6,0.333,3004.2,Completed Hand Line,2.0,Timber,1,Held
CA-SNF-000958,Creek Fire,CA-SNF-000958_seg_00356,2020-09-06,train,16.3,1626.2,232.9,0.564,0.43,216.1,158.5,32.4,0.844,-783.1,Dozer Line,6.5,Timber,1,Held
CA-SNF-000958,Creek Fire,CA-SNF-000958_seg_00357,2020-09-06,train,49.2,2071.0,5000.0,0.035,0.028,214.5,147.4,22.9,0.921,4937.1,Road as Line,9.0,Timber,1,Held
CA-SNF-000958,Creek Fire,CA-SNF-000958_seg_00358,2020-09-06,train,34.5,1627.3,1691.9,0.553,0.221,203.5,148.5,34.9,0.82,695.9,Dozer Line,6.5,Timber,0,Burned Over
CA-SNF-000958,Creek Fire,CA-SNF-000958_seg_00359,2020-09-06,train,27.0,2370.9,762.9,0.697,0.372,210.4,84.7,35.8,0.811,-491.0,Dozer Line,6.5,Timber,0,Burned Over
CA-SNF-000958,Creek Fire,CA-SNF-000958_seg_00360,2020-09-06,train,47.4,1351.5,900.2,0.796,0.135,189.6,104.3,4.7,0.997,-533.4,Completed Hand Line,2.0,Timber,0,Burned Over
CA-SNF-000958,Creek Fire,CA-SNF-000958_seg_00361,2020-09-06,train,14.3,1513.0,2821.1,0.316,0.373,197.1,114.5,7.4,0.992,2252.6,Dozer Line,6.5,Timber,1,Held
CA-SNF-000958,Creek Fire,CA-SNF-000958_seg_00362,2020-09-06,train,53.2,1943.1,3417.3,0.323,0.205,198.2,84.7,23.5,0.917,2835.8,Dozer Line,6.5,Timber,1,Held
CA-SNF-000958,Creek Fire,CA-SNF-000958_seg_00363,2020-09-06,train,27.7,2591.4,1411.4,0.397,0.418,200.2,55.0,55.2,0.57,696.8,Dozer Line,6.5,Timber,0,Burned Over
CA-SNF-000958,Creek Fire,CA-SNF-000958_seg_00364,2020-09-06,train,19.3,1811.7,786.8,0.709,0.214,230.9,145.7,4.8,0.997,-488.8,Dozer Line,6.5,Timber,0,Burned Over
CA-SNF-000958,Creek Fire,CA-SNF-000958_seg_00365,2020-09-06,train,21.6,1065.8,525.1,0.868,0.192,204.6,55.8,58.8,0.518,-1036.9,Dozer Line,6.5,Timber,0,Burned Over
CA-SNF-000958,Creek Fire,CA-SNF-000958_seg_00366,2020-09-06,train,33.4,1837.0,1832.6,0.584,0.301,247.1,145.5,11.5,0.98,781.5,Dozer Line,6.5,Timber,0,Burned Over
CA-SNF-000958,Creek Fire,CA-SNF-000958_seg_00367,2020-09-06,train,14.5,1402.0,4836.9,0.021,0.028,206.1,118.3,2.2,0.999,4800.0,Road as Line,9.0,Timber,1,Held
CA-SNF-000958,Creek Fire,CA-SNF-000958_seg_00368,2020-09-06,train,38.8,1835.1,2880.6,0.338,0.365,202.8,127.2,14.4,0.969,2271.7,Dozer Line,6.5,Timber,0,Burned Over
CA-SNF-000958,Creek Fire,CA-SNF-000958_seg_00369,2020-09-06,train,11.9,1414.7,2239.2,0.251,0.32,214.0,91.5,32.5,0.844,1787.4,Road as Line,9.0,Timber,1,Held
CA-SNF-000958,Creek Fire,CA-SNF-000958_seg_00370,2020-09-06,train,36.2,1217.9,1185.0,0.57,0.431,225.3,32.6,77.3,0.22,158.4,Dozer Line,6.5,Timber,1,Held
CA-SNF-000958,Creek Fire,CA-SNF-000958_seg_00371,2020-09-06,train,13.1,795.1,378.3,0.719,0.209,229.1,76.2,62.9,0.456,-915.6,Dozer Line,6.5,Timber,1,Held
CA-SNF-000958,Creek Fire,CA-SNF-000958_seg_00372,2020-09-06,train,34.2,2366.2,405.6,0.779,0.274,203.1,140.8,27.7,0.885,-997.0,Road as Line,9.0,Timber,1,Held
CA-SNF-000958,Creek Fire,CA-SNF-000958_seg_00373,2020-09-06,train,21.4,1487.8,813.3,0.81,0.165,234.5,0.4,35.9,0.81,-643.9,Dozer Line,6.5,Timber,0,Burned Over
CA-SNF-000958,Creek Fire,CA-SNF-000958_seg_00374,2020-09-06,train,24.1,1355.3,430.9,0.862,0.183,187.4,42.9,54.5,0.58,-1119.9,Dozer Line,6.5,Timber,0,Burned Over
CA-SNF-000958,Creek Fire,CA-SNF-000958_seg_00375,2020-09-06,train,28.7,2086.3,2155.2,0.505,0.34,226.8,145.5,8.7,0.989,1246.4,Dozer Line,6.5,Timber,1,Held
CA-SNF-000958,Creek Fire,CA-SNF-000958_seg_00376,2020-09-06,train,28.0,1608.6,648.7,0.496,0.287,233.1,48.4,85.4,0.081,-243.4,Completed Hand Line,2.0,Timber,1,Held
CA-SNF-000958,Creek Fire,CA-SNF-000958_seg_00377,2020-09-06,train,18.2,2350.9,1276.2,0.434,0.404,252.7,178.0,15.3,0.965,495.7,Completed Hand Line,2.0,Timber,1,Held
CA-SNF-000958,Creek Fire,CA-SNF-000958_seg_00378,2020-09-06,train,13.3,2354.4,624.8,0.672,0.367,216.0,76.0,50.1,0.642,-584.1,Dozer Line,6.5,Timber,1,Held
CA-SNF-000958,Creek Fire,CA-SNF-000958_seg_00379,2020-09-06,train,13.3,1815.7,1872.7,0.228,0.165,225.4,0.8,45.4,0.702,1462.1,Road as Line,9.0,Timber,1,Held
CA-SNF-000958,Creek Fire,CA-SNF-000958_seg_00380,2020-09-06,train,24.4,2336.3,766.9,0.872,0.137,183.2,109.9,16.7,0.958,-803.1,Road as Line,9.0,Timber,0,Burned Over
CA-SNF-000958,Creek Fire,CA-SNF-000958_seg_00381,2020-09-06,train,27.8,2299.0,2453.7,0.205,0.271,194.6,82.4,22.3,0.925,2085.1,Dozer Line,6.5,Timber,1,Held
CA-SNF-000958,Creek Fire,CA-SNF-000958_seg_00382,2020-09-06,train,9.4,985.8,4118.4,0.03,0.046,225.3,14.5,59.2,0.512,4064.4,Completed Hand Line,2.0,Timber,1,Held
CA-SNF-000958,Creek Fire,CA-SNF-000958_seg_00383,2020-09-06,train,36.8,1400.9,829.0,0.849,0.112,206.7,64.5,52.1,0.614,-699.7,Road as Line,9.0,Timber,1,Held
CA-SNF-000958,Creek Fire,CA-SNF-000958_seg_00384,2020-09-06,train,33.3,2052.3,1143.3,0.504,0.271,217.9,52.7,75.2,0.255,236.6,Dozer Line,6.5,Timber,1,Held
CA-SNF-000958,Creek Fire,CA-SNF-000958_seg_00385,2020-09-06,train,17.0,1363.2,172.6,0.623,0.264,265.2,93.1,82.1,0.137,-948.4,Completed Hand Line,2.0,Timber,0,Burned Over
CA-SNF-000958,Creek Fire,CA-SNF-000958_seg_00386,2020-09-06,train,35.4,1097.3,462.6,0.893,0.156,216.6,142.4,15.8,0.962,-1143.9,Road as Line,9.0,Timber,0,Burned Over
CA-SNF-000958,Creek Fire,CA-SNF-000958_seg_00387,2020-09-06,train,24.4,1499.3,1074.2,0.765,0.224,228.9,149.7,10.8,0.982,-302.1,Dozer Line,6.5,Timber,1,Held
CA-SNF-000958,Creek Fire,CA-SNF-000958_seg_00388,2020-09-06,train,33.5,2435.5,1079.0,0.511,0.307,271.3,154.7,26.6,0.894,159.5,Dozer Line,6.5,Timber,0,Burned Over
CA-SNF-000958,Creek Fire,CA-SNF-000958_seg_00389,2020-09-06,train,24.3,911.4,1865.5,0.613,0.326,220.1,113.3,16.9,0.957,763.0,Road as Line,9.0,Timber,1,Held
CA-SNF-000958,Creek Fire,CA-SNF-000958_seg_00390,2020-09-06,train,29.5,2042.7,668.4,0.706,0.171,258.0,58.2,70.1,0.34,-602.1,Dozer Line,6.5,Timber,1,Held
CA-SNF-000958,Creek Fire,CA-SNF-000958_seg_00391,2020-09-06,train,19.0,1147.8,2121.1,0.212,0.183,219.3,15.1,65.8,0.41,1739.2,Completed Hand Line,2.0,Timber,1,Held
CA-SNF-000958,Creek Fire,CA-SNF-000958_seg_00392,2020-09-06,train,13.3,2095.8,1041.3,0.491,0.254,220.4,82.7,47.6,0.674,157.2,Dozer Line,6.5,Timber,1,Held
CA-SNF-000958,Creek Fire,CA-SNF-000958_seg_00393,2020-09-06,train,18.3,1645.1,546.3,0.591,0.316,209.3,54.7,64.6,0.429,-517.7,Road as Line,9.0,Timber,1,Held
CA-SNF-000958,Creek Fire,CA-SNF-000958_seg_00394,2020-09-06,train,39.6,1706.8,345.8,0.941,0.068,223.7,121.4,12.4,0.977,-1347.5,Dozer Line,6.5,Timber,0,Burned Over
CA-SNF-000958,Creek Fire,CA-SNF-000958_seg_00395,2020-09-06,train,28.5,1369.4,859.8,0.683,0.273,216.5,22.3,75.8,0.245,-370.5,Dozer Line,6.5,Timber,0,Burned Over
CA-SNF-000958,Creek Fire,CA-SNF-000958_seg_00396,2020-09-06,train,43.0,882.5,600.8,0.805,0.268,246.7,80.0,76.7,0.23,-848.2,Completed Hand Line,2.0,Timber,0,Burned Over
CA-SNF-000958,Creek Fire,CA-SNF-000958_seg_00397,2020-09-06,train,38.8,1603.8,712.7,0.9,0.093,217.7,139.2,11.5,0.98,-907.5,Dozer Line,6.5,Timber,0,Burned Over
CA-SNF-000958,Creek Fire,CA-SNF-000958_seg_00398,2020-09-06,train,14.8,954.2,888.7,0.744,0.158,219.1,80.3,48.8,0.658,-449.8,Road as Line,9.0,Timber,1,Held
CA-SNF-000958,Creek Fire,CA-SNF-000958_seg_00399,2020-09-06,train,32.0,1232.1,2618.0,0.357,0.28,259.7,4.5,14.8,0.967,1974.8,Dozer Line,6.5,Timber,1,Held
CA-SNF-000958,Creek Fire,CA-SNF-000958_seg_00400,2020-09-06,train,30.5,1706.1,914.5,0.723,0.172,229.1,57.1,82.0,0.139,-386.2,Road as Line,9.0,Timber,1,Held
CA-SNF-000958,Creek Fire,CA-SNF-000958_seg_00401,2020-09-06,train,32.2,2434.9,2059.4,0.56,0.322,206.9,132.9,16.0,0.961,1052.2,Dozer Line,6.5,Timber,1,Held
CA-SNF-000958,Creek Fire,CA-SNF-000958_seg_00402,2020-09-06,train,55.0,1694.0,1426.0,0.845,0.23,206.7,144.1,27.4,0.888,-94.7,Completed Hand Line,2.0,Timber,0,Burned Over
CA-SNF-000958,Creek Fire,CA-SNF-000958_seg_00403,2020-09-06,train,42.7,624.8,3114.1,0.283,0.357,218.4,113.6,14.8,0.967,2604.2,Dozer Line,6.5,Timber,0,Burned Over
CA-SNF-000958,Creek Fire,CA-SNF-000958_seg_00404,2020-09-06,train,21.8,1636.8,2174.4,0.259,0.223,191.2,132.4,31.2,0.855,1708.1,Dozer Line,6.5,Timber,1,Held
CA-SNF-000958,Creek Fire,CA-SNF-000958_seg_00405,2020-09-06,train,17.8,1205.7,2301.7,0.296,0.188,228.5,132.4,6.1,0.994,1768.1,Completed Hand Line,2.0,Timber,0,Burned Over
CA-SNF-000958,Creek Fire,CA-SNF-000958_seg_00406,2020-09-06,train,34.2,735.1,245.5,0.788,0.204,217.2,72.3,54.9,0.575,-1173.3,Dozer Line,6.5,Timber,0,Burned Over
CA-SNF-000958,Creek Fire,CA-SNF-000958_seg_00407,2020-09-06,train,24.9,1027.0,892.9,0.57,0.356,202.5,50.5,62.0,0.47,-134.0,Road as Line,9.0,Timber,1,Held
CA-SNF-000958,Creek Fire,CA-SNF-000958_seg_00408,2020-09-06,train,24.1,1630.5,321.5,0.913,0.11,174.5,67.1,17.4,0.954,-1321.7,Dozer Line,6.5,Timber,0,Burned Over
CA-SNF-000958,Creek Fire,CA-SNF-000958_seg_00409,2020-09-06,train,9.2,1520.9,154.3,0.868,0.148,233.2,124.5,18.7,0.947,-1408.7,Completed Hand Line,2.0,Timber,0,Burned Over
CA-SNF-000958,Creek Fire,CA-SNF-000958_seg_00410,2020-09-06,train,11.9,1983.8,808.5,0.628,0.2,226.4,112.2,24.2,0.912,-321.5,Dozer Line,6.5,Timber,0,Burned Over
CA-SNF-000958,Creek Fire,CA-SNF-000958_seg_00411,2020-09-06,train,32.6,1393.2,2576.4,0.255,0.169,226.1,55.4,80.8,0.16,2117.9,Dozer Line,6.5,Timber,1,Held
CA-SNF-000958,Creek Fire,CA-SNF-000958_seg_00412,2020-09-06,train,35.3,1625.2,314.6,0.835,0.149,230.4,54.4,85.9,0.071,-1188.6,Dozer Line,6.5,Timber,0,Burned Over
CA-SNF-000958,Creek Fire,CA-SNF-000958_seg_00413,2020-09-06,train,41.2,1986.7,936.7,0.889,0.087,222.9,141.0,8.1,0.99,-664.3,Completed Hand Line,2.0,Timber,0,Burned Over
CA-SNF-000958,Creek Fire,CA-SNF-000958_seg_00414,2020-09-06,train,31.3,1349.1,974.4,0.798,0.286,215.6,156.1,30.4,0.862,-461.3,Completed Hand Line,2.0,Timber,0,Burned Over
CA-SNF-000958,Creek Fire,CA-SNF-000958_seg_00415,2020-09-06,train,26.6,2043.0,523.6,0.611,0.266,239.6,67.3,82.3,0.134,-577.0,Completed Hand Line,2.0,Timber,0,Burned Over
CA-SNF-000958,Creek Fire,CA-SNF-000958_seg_00416,2020-09-06,train,18.5,2317.8,370.4,0.687,0.242,238.6,65.6,82.9,0.123,-867.0,Completed Hand Line,2.0,Timber,1,Held
CA-SNF-000958,Creek Fire,CA-SNF-000958_seg_00417,2020-09-06,train,21.6,1334.1,2043.8,0.416,0.437,230.9,159.5,18.6,0.948,1294.5,Completed Hand Line,2.0,Timber,0,Burned Over
CA-SNF-000958,Creek Fire,CA-SNF-000958_seg_00418,2020-09-06,train,1.0,2251.9,891.0,0.298,0.28,220.6,19.9,69.3,0.354,353.8,Completed Hand Line,2.0,Timber,1,Held
CA-SNF-000958,Creek Fire,CA-SNF-000958_seg_00419,2020-09-06,train,20.5,627.2,2815.5,0.065,0.109,223.1,16.5,63.4,0.448,2698.8,Completed Hand Line,2.0,Timber,1,Held
CA-SNF-000958,Creek Fire,CA-SNF-000958_seg_00420,2020-09-06,train,31.6,1405.8,4972.8,0.056,0.048,240.6,126.6,24.0,0.914,4871.6,Road as Line,9.0,Timber,1,Held
CA-SNF-000958,Creek Fire,CA-SNF-000958_seg_00421,2020-09-06,train,1.0,2279.3,2352.2,0.134,0.1,219.2,152.5,23.3,0.918,2110.8,Dozer Line,6.5,Timber,1,Held
CA-SNF-000958,Creek Fire,CA-SNF-000958_seg_00422,2020-09-06,train,28.5,1801.0,260.7,0.916,0.111,220.1,130.3,0.2,1.0,-1387.9,Dozer Line,6.5,Timber,0,Burned Over
CA-SNF-000958,Creek Fire,CA-SNF-000958_seg_00423,2020-09-06,train,28.8,1599.1,590.6,0.803,0.141,241.5,10.6,39.1,0.776,-854.1,Road as Line,9.0,Timber,0,Burned Over
CA-SNF-000958,Creek Fire,CA-SNF-000958_seg_00424,2020-09-06,train,18.7,1977.5,583.3,0.694,0.257,222.0,110.5,21.5,0.931,-665.0,Completed Hand Line,2.0,Timber,0,Burned Over
CA-SNF-000958,Creek Fire,CA-SNF-000958_seg_00425,2020-09-06,train,55.0,1223.9,1983.9,0.47,0.347,219.4,54.6,74.7,0.264,1137.3,Dozer Line,6.5,Timber,0,Burned Over
CA-SNF-000958,Creek Fire,CA-SNF-000958_seg_00426,2020-09-06,train,20.2,1336.7,589.7,0.794,0.251,244.1,9.9,35.8,0.811,-839.0,Dozer Line,6.5,Timber,1,Held
CA-SNF-000958,Creek Fire,CA-SNF-000958_seg_00427,2020-09-06,train,15.8,1509.8,1555.5,0.492,0.388,225.8,115.3,20.5,0.937,669.7,Completed Hand Line,2.0,Timber,0,Burned Over
CA-SNF-000958,Creek Fire,CA-SNF-000958_seg_00428,2020-09-06,train,38.0,2067.8,1766.7,0.417,0.395,210.9,24.1,83.2,0.118,1015.4,Completed Hand Line,2.0,Timber,1,Held
CA-SNF-000958,Creek Fire,CA-SNF-000958_seg_00429,2020-09-06,train,16.4,1796.3,374.3,0.639,0.316,227.6,114.8,22.8,0.922,-775.2,Dozer Line,6.5,Timber,1,Held
CA-SNF-000958,Creek Fire,CA-SNF-000958_seg_00430,2020-09-06,train,16.5,1316.4,1628.9,0.453,0.339,219.9,143.9,14.0,0.97,813.8,Dozer Line,6.5,Timber,1,Held
CA-SNF-000958,Creek Fire,CA-SNF-000958_seg_00431,2020-09-06,train,20.0,2199.1,1862.9,0.389,0.357,199.1,88.6,20.5,0.937,1162.6,Dozer Line,6.5,Timber,1,Held
CA-SNF-000958,Creek Fire,CA-SNF-000958_seg_00432,2020-09-06,train,5.4,1157.8,647.9,0.458,0.398,209.5,48.1,71.4,0.319,-175.9,Road as Line,9.0,Timber,1,Held
CA-SNF-000958,Creek Fire,CA-SNF-000958_seg_00433,2020-09-06,train,33.5,1444.1,1665.7,0.55,0.325,248.9,33.5,54.6,0.579,675.8,Completed Hand Line,2.0,Timber,0,Burned Over
CA-SNF-000958,Creek Fire,CA-SNF-000958_seg_00434,2020-09-06,train,38.4,2006.7,169.3,0.934,0.051,208.0,92.9,25.1,0.906,-1511.5,Road as Line,9.0,Timber,0,Burned Over
CA-SNF-000958,Creek Fire,CA-SNF-000958_seg_00435,2020-09-06,train,31.1,1304.9,928.1,0.777,0.259,185.5,54.1,41.5,0.749,-470.2,Road as Line,9.0,Timber,1,Held
CA-SNF-000958,Creek Fire,CA-SNF-000958_seg_00436,2020-09-06,train,29.2,2490.3,4442.9,0.041,0.047,204.5,114.2,0.3,1.0,4368.4,Road as Line,9.0,Timber,1,Held
CA-SNF-000958,Creek Fire,CA-SNF-000958_seg_00437,2020-09-06,train,35.9,1198.1,2113.3,0.449,0.329,224.7,63.8,70.9,0.327,1304.5,Completed Hand Line,2.0,Timber,0,Burned Over
CA-SNF-000958,Creek Fire,CA-SNF-000958_seg_00438,2020-09-06,train,39.9,1276.4,1290.3,0.72,0.24,223.8,164.0,30.3,0.864,-6.5,Completed Hand Line,2.0,Timber,0,Burned Over
CA-SNF-000958,Creek Fire,CA-SNF-000958_seg_00439,2020-09-06,train,16.7,2376.2,260.8,0.857,0.122,246.3,4.1,27.8,0.885,-1281.0,Dozer Line,6.5,Timber,0,Burned Over
CA-SNF-000958,Creek Fire,CA-SNF-000958_seg_00440,2020-09-06,train,17.4,1123.4,2716.6,0.087,0.081,220.6,80.5,50.1,0.641,2559.8,Dozer Line,6.5,Timber,1,Held
CA-SNF-000958,Creek Fire,CA-SNF-000958_seg_00441,2020-09-06,train,4.5,1547.6,2067.2,0.117,0.141,223.1,93.8,39.3,0.774,1855.9,Completed Hand Line,2.0,Timber,1,Held
CA-SNF-000958,Creek Fire,CA-SNF-000958_seg_00442,2020-09-06,train,16.2,1054.5,2135.8,0.066,0.064,214.0,46.7,77.3,0.22,2016.7,Dozer Line,6.5,Timber,1,Held
CA-SNF-000958,Creek Fire,CA-SNF-000958_seg_00443,2020-09-06,train,7.4,2431.1,440.6,0.536,0.38,244.2,73.6,80.6,0.163,-523.8,Dozer Line,6.5,Timber,1,Held
CA-SNF-000958,Creek Fire,CA-SNF-000958_seg_00444,2020-09-06,train,18.1,1764.8,1023.5,0.463,0.39,229.7,91.9,47.8,0.672,190.4,Completed Hand Line,2.0,Timber,1,Held
CA-SNF-000958,Creek Fire,CA-SNF-000958_seg_00445,2020-09-06,train,44.7,2173.0,1457.1,0.582,0.407,204.6,66.2,48.4,0.664,409.2,Dozer Line,6.5,Timber,0,Burned Over
CA-SNF-000958,Creek Fire,CA-SNF-000958_seg_00446,2020-09-06,train,15.2,2227.0,445.6,0.683,0.268,220.4,19.9,69.6,0.349,-783.1,Road as Line,9.0,Timber,1,Held
CA-SNF-000958,Creek Fire,CA-SNF-000958_seg_00447,2020-09-06,train,51.1,1352.0,2995.7,0.273,0.28,204.8,76.0,38.8,0.779,2504.2,Dozer Line,6.5,Timber,1,Held
CA-SNF-000958,Creek Fire,CA-SNF-000958_seg_00448,2020-09-06,train,27.1,1320.4,622.5,0.671,0.194,203.9,50.5,63.4,0.448,-584.9,Dozer Line,6.5,Timber,0,Burned Over
CA-SNF-000958,Creek Fire,CA-SNF-000958_seg_00449,2020-09-06,train,35.1,1480.4,630.1,0.704,0.312,188.6,141.7,43.1,0.73,-637.6,Dozer Line,6.5,Timber,0,Burned Over
CA-SNF-000958,Creek Fire,CA-SNF-000958_seg_00450,2020-09-06,train,54.3,1468.7,1363.1,0.795,0.275,239.4,11.6,42.2,0.741,-67.7,Completed Hand Line,2.0,Timber,0,Burned Over
CA-SNF-000958,Creek Fire,CA-SNF-000958_seg_00451,2020-09-06,train,38.5,2157.6,1302.0,0.516,0.256,204.6,21.2,86.6,0.059,373.5,Road as Line,9.0,Timber,1,Held
CA-SNF-000958,Creek Fire,CA-SNF-000958_seg_00452,2020-09-06,train,7.0,1730.1,2763.5,0.089,0.113,203.5,78.4,35.1,0.819,2604.0,Dozer Line,6.5,Timber,1,Held
CA-SNF-000958,Creek Fire,CA-SNF-000958_seg_00453,2020-09-06,train,34.4,2646.6,992.2,0.74,0.23,235.4,63.2,82.2,0.136,-339.4,Dozer Line,6.5,Timber,1,Held
CA-SNF-000958,Creek Fire,CA-SNF-000958_seg_00454,2020-09-06,train,37.1,1427.3,377.3,0.917,0.082,218.0,115.1,12.9,0.975,-1273.4,Road as Line,9.0,Timber,0,Burned Over
CA-SNF-000958,Creek Fire,CA-SNF-000958_seg_00455,2020-09-06,train,20.3,1517.6,1117.0,0.55,0.261,197.9,68.7,39.2,0.774,126.7,Road as Line,9.0,Timber,1,Held
CA-SNF-000958,Creek Fire,CA-SNF-000958_seg_00456,2020-09-06,train,16.3,1317.2,159.8,0.898,0.124,232.5,6.0,43.5,0.725,-1455.8,Dozer Line,6.5,Timber,0,Burned Over
CA-SNF-000958,Creek Fire,CA-SNF-000958_seg_00457,2020-09-06,train,29.1,1360.3,1048.4,0.771,0.16,193.1,143.0,39.9,0.767,-339.8,Dozer Line,6.5,Timber,1,Held
CA-SNF-000958,Creek Fire,CA-SNF-000958_seg_00458,2020-09-06,train,26.8,1963.4,749.0,0.493,0.414,203.9,27.8,86.2,0.067,-137.8,Completed Hand Line,2.0,Timber,1,Held
CA-SNF-000958,Creek Fire,CA-SNF-000958_seg_00459,2020-09-06,train,13.7,1499.6,635.5,0.817,0.248,232.4,8.7,46.3,0.691,-834.3,Dozer Line,6.5,Timber,1,Held
CA-SNF-000958,Creek Fire,CA-SNF-000958_seg_00460,2020-09-06,train,9.9,1409.9,665.1,0.657,0.334,193.6,147.8,44.2,0.717,-517.1,Completed Hand Line,2.0,Timber,1,Held
CA-SNF-000958,Creek Fire,CA-SNF-000958_seg_00461,2020-09-06,train,23.3,2507.9,4351.9,0.014,0.02,213.3,170.9,47.5,0.675,4326.5,Road as Line,9.0,Timber,1,Held
CA-SNF-000958,Creek Fire,CA-SNF-000958_seg_00462,2020-09-06,train,15.3,1436.6,1105.6,0.635,0.228,230.0,157.5,17.5,0.954,-37.3,Dozer Line,6.5,Timber,0,Burned Over
CA-SNF-000958,Creek Fire,CA-SNF-000958_seg_00463,2020-09-06,train,27.8,1151.8,753.9,0.755,0.302,194.1,51.9,52.2,0.613,-605.8,Completed Hand Line,2.0,Timber,0,Burned Over
CA-SNF-000958,Creek Fire,CA-SNF-000958_seg_00464,2020-09-06,train,12.1,1755.5,276.5,0.792,0.194,197.9,102.5,5.4,0.996,-1148.3,Dozer Line,6.5,Timber,0,Burned Over
CA-SNF-000958,Creek Fire,CA-SNF-000958_seg_00465,2020-09-06,train,44.6,1424.2,366.7,0.932,0.109,222.5,108.7,23.8,0.915,-1311.1,Road as Line,9.0,Timber,0,Burned Over
CA-SNF-000958,Creek Fire,CA-SNF-000958_seg_00466,2020-09-06,train,12.7,1681.7,1455.1,0.505,0.309,198.7,115.9,7.2,0.992,546.4,Dozer Line,6.5,Timber,0,Burned Over
CA-SNF-000958,Creek Fire,CA-SNF-000958_seg_00467,2020-09-06,train,27.2,1254.8,1288.4,0.424,0.351,201.3,54.5,56.8,0.548,524.7,Dozer Line,6.5,Timber,1,Held
CA-SNF-000958,Creek Fire,CA-SNF-000958_seg_00468,2020-09-06,train,28.3,1169.0,784.2,0.712,0.313,174.8,60.5,24.3,0.912,-497.0,Completed Hand Line,2.0,Timber,0,Burned Over
CA-SNF-000958,Creek Fire,CA-SNF-000958_seg_00469,2020-09-06,train,18.4,2038.2,1570.7,0.477,0.252,217.1,170.4,43.3,0.728,711.4,Road as Line,9.0,Timber,0,Burned Over
CA-SNF-000958,Creek Fire,CA-SNF-000958_seg_00470,2020-09-06,train,21.5,1545.8,1387.5,0.401,0.376,181.5,171.0,79.4,0.184,665.7,Road as Line,9.0,Timber,1,Held
CA-SNF-000958,Creek Fire,CA-SNF-000958_seg_00471,2020-09-06,train,11.3,1907.7,943.4,0.775,0.221,242.3,125.0,27.3,0.889,-450.8,Road as Line,9.0,Timber,1,Held
CA-SNF-000958,Creek Fire,CA-SNF-000958_seg_00472,2020-09-06,train,39.3,1316.4,952.8,0.863,0.198,240.4,131.6,18.8,0.947,-601.0,Dozer Line,6.5,Timber,0,Burned Over
CA-SNF-000958,Creek Fire,CA-SNF-000958_seg_00473,2020-09-06,train,43.8,2133.2,4234.0,0.096,0.137,217.8,96.6,31.2,0.855,4061.1,Road as Line,9.0,Timber,1,Held
CA-SNF-000958,Creek Fire,CA-SNF-000958_seg_00474,2020-09-06,train,27.3,1085.3,689.5,0.74,0.231,190.9,149.9,49.0,0.656,-642.4,Dozer Line,6.5,Timber,0,Burned Over
CA-SNF-000958,Creek Fire,CA-SNF-000958_seg_00475,2020-09-06,train,17.6,2146.9,407.9,0.727,0.305,226.9,21.2,64.3,0.434,-899.8,Road as Line,9.0,Timber,1,Held
CA-SNF-000958,Creek Fire,CA-SNF-000958_seg_00476,2020-09-06,train,37.7,1503.2,2123.2,0.33,0.335,241.7,45.3,73.6,0.282,1529.8,Dozer Line,6.5,Timber,1,Held
CA-SNF-000958,Creek Fire,CA-SNF-000958_seg_00477,2020-09-06,train,27.4,887.1,488.1,0.891,0.147,213.5,147.7,24.2,0.912,-1114.9,Road as Line,9.0,Timber,0,Burned Over
CA-SNF-000958,Creek Fire,CA-SNF-000958_seg_00478,2020-09-06,train,51.4,1855.9,1895.9,0.5,0.248,241.7,67.1,84.5,0.095,996.2,Completed Hand Line,2.0,Timber,1,Held
CA-SNF-000958,Creek Fire,CA-SNF-000958_seg_00479,2020-09-06,train,39.5,1285.1,198.1,0.937,0.103,246.3,118.6,37.7,0.791,-1488.5,Dozer Line,6.5,Timber,0,Burned Over
CA-SNF-000958,Creek Fire,CA-SNF-000958_seg_00480,2020-09-06,train,28.9,2164.0,385.4,0.858,0.109,202.9,126.1,13.2,0.974,-1158.8,Completed Hand Line,2.0,Timber,0,Burned Over
CA-SNF-000958,Creek Fire,CA-SNF-000958_seg_00481,2020-09-06,train,41.0,1142.9,1107.3,0.472,0.31,226.8,42.5,85.7,0.075,257.0,Road as Line,9.0,Timber,1,Held
CA-SNF-000958,Creek Fire,CA-SNF-000958_seg_00482,2020-09-06,train,46.1,58.3,1494.3,0.774,0.211,204.9,66.2,48.6,0.661,101.6,Dozer Line,6.5,Timber,1,Held
CA-SNF-000958,Creek Fire,CA-SNF-000958_seg_00483,2020-09-06,train,23.9,1326.3,438.4,0.608,0.37,231.6,15.4,53.7,0.592,-655.2,Road as Line,9.0,Timber,1,Held
CA-SNF-000958,Creek Fire,CA-SNF-000958_seg_00484,2020-09-06,train,11.3,915.5,963.9,0.583,0.3,209.9,55.8,64.1,0.437,-85.6,Completed Hand Line,2.0,Timber,1,Held
CA-SNF-000958,Creek Fire,CA-SNF-000958_seg_00485,2020-09-06,train,8.8,1491.0,1906.5,0.073,0.072,256.7,74.5,87.8,0.038,1775.3,Completed Hand Line,2.0,Timber,1,Held
CA-SNF-000958,Creek Fire,CA-SNF-000958_seg_00486,2020-09-06,train,23.3,2264.6,3096.5,0.137,0.137,213.3,119.6,3.8,0.998,2850.3,Road as Line,9.0,Timber,1,Held
CA-SNF-000958,Creek Fire,CA-SNF-000958_seg_00487,2020-09-06,train,42.8,2096.9,4544.0,0.149,0.186,193.2,92.5,10.7,0.982,4276.6,Dozer Line,6.5,Timber,1,Held
CA-SNF-000958,Creek Fire,CA-SNF-000958_seg_00488,2020-09-06,train,20.3,2271.0,333.1,0.766,0.213,186.1,144.0,47.9,0.67,-1046.0,Completed Hand Line,2.0,Timber,0,Burned Over
CA-SNF-000958,Creek Fire,CA-SNF-000958_seg_00489,2020-09-06,train,1.6,1155.5,368.2,0.796,0.182,217.5,143.4,16.0,0.961,-1064.5,Dozer Line,6.5,Timber,0,Burned Over
CA-SNF-000958,Creek Fire,CA-SNF-000958_seg_00490,2020-09-06,train,16.1,1013.0,2118.1,0.326,0.312,230.9,98.4,42.5,0.737,1531.9,Dozer Line,6.5,Timber,1,Held
CA-SNF-000958,Creek Fire,CA-SNF-000958_seg_00491,2020-09-06,train,28.6,1336.2,718.9,0.842,0.156,210.3,113.2,7.1,0.992,-796.3,Completed Hand Line,2.0,Timber,0,Burned Over
CA-SNF-000958,Creek Fire,CA-SNF-000958_seg_00492,2020-09-06,train,29.2,1797.1,1062.0,0.584,0.278,245.5,139.0,16.5,0.959,10.2,Dozer Line,6.5,Timber,0,Burned Over
CA-SNF-000958,Creek Fire,CA-SNF-000958_seg_00493,2020-09-06,train,22.5,2276.0,426.9,0.604,0.215,233.1,26.0,62.9,0.456,-660.8,Road as Line,9.0,Timber,0,Burned Over
CA-SNF-000958,Creek Fire,CA-SNF-000958_seg_00494,2020-09-06,train,30.0,1329.6,1959.3,0.42,0.214,215.7,17.9,72.3,0.305,1203.8,Dozer Line,6.5,Timber,1,Held
CA-SNF-000958,Creek Fire,CA-SNF-000958_seg_00495,2020-09-06,train,33.3,2202.0,484.0,0.729,0.177,219.3,43.9,85.4,0.081,-827.7,Dozer Line,6.5,Timber,1,Held
CA-SNF-000958,Creek Fire,CA-SNF-000958_seg_00496,2020-09-06,train,30.7,1437.4,2678.9,0.332,0.379,206.9,91.5,25.4,0.903,2082.1,Dozer Line,6.5,Timber,0,Burned Over
CA-SNF-000958,Creek Fire,CA-SNF-000958_seg_00497,2020-09-06,train,15.3,1395.0,1090.9,0.354,0.352,223.1,19.5,66.4,0.4,454.1,Dozer Line,6.5,Timber,1,Held
CA-SNF-000958,Creek Fire,CA-SNF-000958_seg_00498,2020-09-06,train,22.2,1592.1,3967.4,0.044,0.056,214.2,74.9,49.3,0.653,3888.8,Completed Hand Line,2.0,Timber,1,Held
CA-SNF-000958,Creek Fire,CA-SNF-000958_seg_00499,2020-09-06,train,38.3,1497.5,451.8,0.948,0.047,225.6,146.5,10.9,0.982,-1255.3,Completed Hand Line,2.0,Timber,0,Burned Over
CA-SNF-000958,Creek Fire,CA-SNF-000958_seg_00500,2020-09-06,train,37.6,1631.3,1216.5,0.572,0.372,224.8,53.7,81.0,0.156,187.8,Road as Line,9.0,Timber,1,Held
CA-SNF-000958,Creek Fire,CA-SNF-000958_seg_00501,2020-09-06,train,41.8,948.6,1160.3,0.783,0.263,251.1,143.3,17.8,0.952,-249.4,Road as Line,9.0,Timber,1,Held
CA-SNF-000958,Creek Fire,CA-SNF-000958_seg_00502,2020-09-06,train,1.0,2233.7,1238.2,0.393,0.207,215.8,126.9,1.1,1.0,530.1,Completed Hand Line,2.0,Timber,1,Held
CA-SNF-000958,Creek Fire,CA-SNF-000958_seg_00503,2020-09-06,train,34.3,1229.4,899.6,0.77,0.162,236.1,104.3,41.8,0.746,-487.0,Dozer Line,6.5,Timber,0,Burned Over
CA-SNF-000958,Creek Fire,CA-SNF-000958_seg_00504,2020-09-06,train,17.6,1375.4,2641.8,0.129,0.09,239.4,24.9,55.6,0.565,2409.2,Dozer Line,6.5,Timber,1,Held
CA-SNF-000958,Creek Fire,CA-SNF-000958_seg_00505,2020-09-06,train,12.1,1672.5,698.4,0.658,0.375,219.5,91.8,37.7,0.791,-485.2,Completed Hand Line,2.0,Timber,0,Burned Over
CA-SNF-000958,Creek Fire,CA-SNF-000958_seg_00506,2020-09-06,train,31.9,1444.4,574.7,0.757,0.162,208.5,90.6,27.9,0.884,-788.5,Dozer Line,6.5,Timber,0,Burned Over
CA-SNF-000958,Creek Fire,CA-SNF-000958_seg_00507,2020-09-06,train,30.1,1568.6,3155.3,0.135,0.174,209.9,56.1,63.9,0.44,2912.6,Dozer Line,6.5,Timber,1,Held
CA-SNF-000958,Creek Fire,CA-SNF-000958_seg_00508,2020-09-06,train,27.7,1763.7,261.1,0.862,0.105,232.7,145.4,2.7,0.999,-1290.8,Dozer Line,6.5,Timber,0,Burned Over
CA-SNF-000958,Creek Fire,CA-SNF-000958_seg_00509,2020-09-06,train,12.3,1503.6,449.0,0.539,0.312,234.2,2.1,37.9,0.789,-520.9,Dozer Line,6.5,Timber,0,Burned Over
CA-SNF-000958,Creek Fire,CA-SNF-000958_seg_00510,2020-09-06,train,19.2,1564.0,982.5,0.354,0.252,255.4,62.2,76.8,0.228,345.7,Dozer Line,6.5,Timber,1,Held
CA-SNF-000958,Creek Fire,CA-SNF-000958_seg_00511,2020-09-06,train,26.1,1835.7,1084.1,0.703,0.283,223.2,70.6,62.6,0.46,-180.8,Dozer Line,6.5,Timber,1,Held
CA-SNF-000958,Creek Fire,CA-SNF-000958_seg_00512,2020-09-06,train,44.4,1610.7,2295.8,0.603,0.296,181.3,81.6,9.7,0.986,1210.6,Dozer Line,6.5,Timber,1,Held
CA-SNF-000958,Creek Fire,CA-SNF-000958_seg_00513,2020-09-06,train,50.4,1178.9,3362.2,0.217,0.244,226.7,151.7,15.0,0.966,2970.9,Completed Hand Line,2.0,Timber,0,Burned Over
CA-SNF-000958,Creek Fire,CA-SNF-000958_seg_00514,2020-09-06,train,27.4,1346.2,383.8,0.696,0.344,201.7,41.0,70.7,0.33,-869.4,Road as Line,9.0,Timber,1,Held
CA-SNF-000958,Creek Fire,CA-SNF-000958_seg_00515,2020-09-06,train,26.0,475.0,649.1,0.682,0.234,223.1,179.0,45.9,0.696,-578.7,Road as Line,9.0,Timber,1,Held
CA-SNF-000958,Creek Fire,CA-SNF-000958_seg_00516,2020-09-06,train,17.5,1965.7,2377.2,0.107,0.113,160.8,144.4,73.6,0.283,2185.3,Completed Hand Line,2.0,Timber,1,Held
CA-SNF-000958,Creek Fire,CA-SNF-000958_seg_00517,2020-09-06,train,30.7,2185.0,2809.7,0.307,0.36,203.2,152.8,39.5,0.771,2256.4,Completed Hand Line,2.0,Timber,1,Held
CA-SNF-000958,Creek Fire,CA-SNF-000958_seg_00518,2020-09-06,train,33.9,2027.1,917.9,0.791,0.18,212.4,178.8,56.4,0.553,-505.3,Road as Line,9.0,Timber,1,Held
CA-SNF-000958,Creek Fire,CA-SNF-000958_seg_00519,2020-09-06,train,24.6,909.7,738.1,0.497,0.284,205.1,27.3,87.8,0.038,-156.1,Completed Hand Line,2.0,Timber,1,Held
CA-SNF-000958,Creek Fire,CA-SNF-000958_seg_00520,2020-09-06,train,18.7,1145.7,1537.3,0.341,0.273,201.8,46.4,65.4,0.417,924.2,Completed Hand Line,2.0,Timber,1,Held
CA-SNF-000958,Creek Fire,CA-SNF-000958_seg_00521,2020-09-06,train,11.7,873.4,1668.3,0.34,0.209,208.3,171.7,53.4,0.596,1056.9,Dozer Line,6.5,Timber,1,Held
CA-SNF-000958,Creek Fire,CA-SNF-000958_seg_00522,2020-09-06,train,14.2,1699.9,881.0,0.567,0.382,201.5,79.3,32.2,0.846,-139.8,Dozer Line,6.5,Timber,0,Burned Over
CA-SNF-000958,Creek Fire,CA-SNF-000958_seg_00523,2020-09-06,train,32.2,1833.8,393.6,0.73,0.245,219.0,84.3,44.7,0.711,-919.5,Road as Line,9.0,Timber,0,Burned Over
CA-SNF-000958,Creek Fire,CA-SNF-000958_seg_00524,2020-09-06,train,1.0,1723.1,1118.7,0.261,0.307,208.7,22.2,83.4,0.114,648.7,Dozer Line,6.5,Timber,1,Held
CA-SNF-000958,Creek Fire,CA-SNF-000958_seg_00525,2020-09-06,train,32.4,1789.0,1534.0,0.341,0.212,221.1,41.7,89.3,0.011,920.2,Road as Line,9.0,Timber,1,Held
CA-SNF-000958,Creek Fire,CA-SNF-000958_seg_00526,2020-09-06,train,39.3,1114.1,2794.3,0.191,0.182,245.0,146.6,8.4,0.989,2450.2,Completed Hand Line,2.0,Timber,1,Held
CA-SNF-000958,Creek Fire,CA-SNF-000958_seg_00527,2020-09-06,train,20.5,2017.6,317.8,0.825,0.172,206.6,61.9,54.7,0.578,-1166.9,Road as Line,9.0,Timber,1,Held
CA-SNF-000958,Creek Fire,CA-SNF-000958_seg_00528,2020-09-06,train,25.7,1337.2,209.7,0.765,0.191,228.8,128.8,10.0,0.985,-1167.9,Road as Line,9.0,Timber,0,Burned Over
CA-SNF-000958,Creek Fire,CA-SNF-000958_seg_00529,2020-09-06,train,22.2,933.7,285.3,0.632,0.364,247.5,61.3,83.9,0.107,-852.1,Road as Line,9.0,Timber,1,Held
CA-SNF-000958,Creek Fire,CA-SNF-000958_seg_00530,2020-09-06,train,33.7,1436.8,2094.4,0.503,0.303,195.7,25.8,80.0,0.174,1189.2,Completed Hand Line,2.0,Timber,1,Held
CA-SNF-000958,Creek Fire,CA-SNF-000958_seg_00531,2020-09-06,train,14.1,1800.4,3773.9,0.032,0.039,192.9,154.7,51.8,0.618,3716.0,Dozer Line,6.5,Timber,1,Held
CA-SNF-000958,Creek Fire,CA-SNF-000958_seg_00532,2020-09-06,train,1.0,1470.2,493.8,0.564,0.419,240.4,30.4,60.0,0.5,-520.7,Dozer Line,6.5,Timber,1,Held
CA-SNF-000958,Creek Fire,CA-SNF-000958_seg_00533,2020-09-06,train,15.5,641.6,3779.5,0.03,0.039,224.7,166.1,31.3,0.854,3725.2,Dozer Line,6.5,Timber,1,Held
CA-SNF-000958,Creek Fire,CA-SNF-000958_seg_00534,2020-09-06,train,19.6,2095.1,2066.9,0.338,0.359,251.9,36.5,54.6,0.579,1458.2,Road as Line,9.0,Timber,1,Held
CA-SNF-000958,Creek Fire,CA-SNF-000958_seg_00535,2020-09-06,train,14.6,1845.7,747.7,0.784,0.175,213.4,120.0,3.4,0.998,-662.9,Road as Line,9.0,Timber,1,Held
CA-SNF-000958,Creek Fire,CA-SNF-000958_seg_00536,2020-09-06,train,26.4,1568.3,200.6,0.719,0.3,202.9,14.1,81.2,0.153,-1093.7,Dozer Line,6.5,Timber,1,Held
CA-SNF-000958,Creek Fire,CA-SNF-000958_seg_00537,2020-09-06,train,10.0,1575.5,1691.2,0.242,0.32,203.2,0.7,67.4,0.384,1256.2,Dozer Line,6.5,Timber,1,Held
CA-SNF-000958,Creek Fire,CA-SNF-000958_seg_00538,2020-09-06,train,42.7,2195.8,2584.0,0.385,0.396,217.5,12.3,64.7,0.427,1890.9,Dozer Line,6.5,Timber,1,Held
CA-SNF-000958,Creek Fire,CA-SNF-000958_seg_00539,2020-09-06,train,34.8,1386.3,861.6,0.909,0.086,214.0,122.5,1.5,1.0,-774.0,Road as Line,9.0,Timber,1,Held
CA-SNF-000958,Creek Fire,CA-SNF-000958_seg_00540,2020-09-06,train,16.9,1687.2,3503.3,0.078,0.127,221.2,97.7,33.5,0.834,3362.5,Road as Line,9.0,Timber,1,Held
CA-SNF-000958,Creek Fire,CA-SNF-000958_seg_00541,2020-09-06,train,18.9,1540.0,1390.3,0.647,0.38,188.1,96.3,1.8,0.999,226.0,Dozer Line,6.5,Timber,1,Held
CA-SNF-000958,Creek Fire,CA-SNF-000958_seg_00542,2020-09-06,train,35.5,1971.1,1457.6,0.669,0.314,202.9,48.2,64.7,0.427,252.7,Dozer Line,6.5,Timber,1,Held
CA-SNF-000958,Creek Fire,CA-SNF-000958_seg_00543,2020-09-06,train,33.3,1999.9,2403.0,0.414,0.344,209.4,109.7,9.7,0.986,1657.7,Dozer Line,6.5,Timber,1,Held
CA-SNF-000958,Creek Fire,CA-SNF-000958_seg_00544,2020-09-06,train,20.8,1791.1,672.2,0.864,0.208,222.3,130.3,2.0,0.999,-882.8,Dozer Line,6.5,Timber,1,Held
CA-SNF-000958,Creek Fire,CA-SNF-000958_seg_00545,2020-09-06,train,20.2,1482.5,649.5,0.775,0.2,243.1,85.8,67.3,0.385,-744.7,Completed Hand Line,2.0,Timber,1,Held
CA-SNF-000958,Creek Fire,CA-SNF-000958_seg_00546,2020-09-06,train,31.1,1554.3,434.4,0.808,0.168,202.8,77.3,35.5,0.814,-1019.4,Dozer Line,6.5,Timber,1,Held
CA-SNF-000958,Creek Fire,CA-SNF-000958_seg_00547,2020-09-06,train,48.3,1152.3,2502.6,0.405,0.413,271.4,54.5,53.1,0.6,1773.5,Dozer Line,6.5,Timber,0,Burned Over
CA-SNF-000958,Creek Fire,CA-SNF-000958_seg_00548,2020-09-06,train,22.8,1436.0,1253.4,0.384,0.353,195.0,23.5,81.6,0.146,561.5,Dozer Line,6.5,Timber,1,Held
CA-SNF-000958,Creek Fire,CA-SNF-000958_seg_00549,2020-09-06,train,21.1,2563.5,472.5,0.772,0.279,239.0,131.0,18.0,0.951,-918.0,Dozer Line,6.5,Timber,0,Burned Over
CA-SNF-000958,Creek Fire,CA-SNF-000958_seg_00550,2020-09-06,train,34.8,1779.4,653.4,0.931,0.084,205.7,113.3,2.4,0.999,-1023.2,Dozer Line,6.5,Timber,0,Burned Over
CA-SNF-000958,Creek Fire,CA-SNF-000958_seg_00551,2020-09-06,train,27.5,1273.0,1639.6,0.694,0.354,205.0,73.1,41.9,0.744,391.1,Road as Line,9.0,Timber,1,Held
CA-SNF-000958,Creek Fire,CA-SNF-000958_seg_00552,2020-09-06,train,17.9,1007.8,3308.9,0.034,0.031,202.8,40.8,72.0,0.308,3247.4,Dozer Line,6.5,Timber,1,Held
CA-SNF-000958,Creek Fire,CA-SNF-000958_seg_00553,2020-09-06,train,13.5,1179.9,161.4,0.779,0.221,248.4,102.2,56.2,0.556,-1241.1,Dozer Line,6.5,Timber,1,Held
CA-SNF-000958,Creek Fire,CA-SNF-000958_seg_00554,2020-09-06,train,35.5,1113.8,2299.8,0.471,0.238,231.0,174.4,33.5,0.834,1452.9,Dozer Line,6.5,Timber,1,Held
CA-SNF-000958,Creek Fire,CA-SNF-000958_seg_00555,2020-09-06,train,32.1,2321.0,525.1,0.684,0.37,246.2,129.2,27.0,0.891,-706.8,Road as Line,9.0,Timber,1,Held
CA-SNF-000958,Creek Fire,CA-SNF-000958_seg_00556,2020-09-06,train,24.1,1843.8,2205.0,0.507,0.265,185.0,82.8,12.2,0.977,1292.4,Completed Hand Line,2.0,Timber,0,Burned Over
CA-SNF-000958,Creek Fire,CA-SNF-000958_seg_00557,2020-09-06,train,4.0,1853.9,1035.0,0.572,0.25,239.3,114.1,35.2,0.817,5.0,Completed Hand Line,2.0,Timber,0,Burned Over
CA-SNF-000958,Creek Fire,CA-SNF-000958_seg_00558,2020-09-06,train,45.6,1541.8,1177.4,0.531,0.439,195.4,29.4,75.9,0.243,220.9,Road as Line,9.0,Timber,1,Held
CA-SNF-000958,Creek Fire,CA-SNF-000958_seg_00559,2020-09-06,train,34.6,1093.1,2064.9,0.571,0.407,236.2,141.8,4.5,0.997,1037.1,Dozer Line,6.5,Timber,1,Held
CA-SNF-000958,Creek Fire,CA-SNF-000958_seg_00560,2020-09-06,train,16.6,2239.9,1963.5,0.311,0.326,217.6,83.7,43.9,0.72,1403.8,Dozer Line,6.5,Timber,1,Held
CA-SNF-000958,Creek Fire,CA-SNF-000958_seg_00561,2020-09-06,train,11.0,1476.8,2367.4,0.306,0.307,186.7,77.8,18.9,0.946,1817.5,Dozer Line,6.5,Timber,1,Held
CA-SNF-000958,Creek Fire,CA-SNF-000958_seg_00562,2020-09-06,train,11.6,2009.0,1439.8,0.388,0.232,262.6,57.3,64.6,0.429,742.3,Dozer Line,6.5,Timber,1,Held
CA-SNF-000958,Creek Fire,CA-SNF-000958_seg_00563,2020-09-06,train,39.5,2056.9,830.6,0.808,0.166,254.8,11.0,26.2,0.897,-623.3,Road as Line,9.0,Timber,0,Burned Over
CA-SNF-000958,Creek Fire,CA-SNF-000958_seg_00564,2020-09-06,train,40.3,1714.7,539.5,0.786,0.247,239.9,105.7,44.1,0.718,-876.0,Completed Hand Line,2.0,Timber,0,Burned Over
CA-SNF-000958,Creek Fire,CA-SNF-000958_seg_00565,2020-09-06,train,37.0,1865.8,638.4,0.929,0.107,232.0,124.9,17.1,0.956,-1033.7,Dozer Line,6.5,Timber,0,Burned Over
CA-SNF-000958,Creek Fire,CA-SNF-000958_seg_00566,2020-09-06,train,27.0,1313.9,2891.1,0.087,0.142,217.2,44.7,82.5,0.131,2734.0,Dozer Line,6.5,Timber,1,Held
CA-SNF-000958,Creek Fire,CA-SNF-000958_seg_00567,2020-09-06,train,38.0,1522.3,1354.6,0.552,0.4,207.4,45.6,71.7,0.313,360.7,Dozer Line,6.5,Timber,1,Held
CA-SNF-000958,Creek Fire,CA-SNF-000958_seg_00568,2020-09-06,train,29.8,1576.7,492.9,0.812,0.127,226.1,8.7,52.6,0.607,-968.5,Road as Line,9.0,Timber,1,Held
CA-SNF-000958,Creek Fire,CA-SNF-000958_seg_00569,2020-09-06,train,23.2,1167.9,3898.9,0.222,0.147,212.7,144.7,22.0,0.927,3498.7,Dozer Line,6.5,Timber,1,Held
CA-SNF-000958,Creek Fire,CA-SNF-000958_seg_00570,2020-09-06,train,2.3,1189.5,238.6,0.612,0.383,210.3,70.8,49.5,0.649,-862.5,Completed Hand Line,2.0,Timber,1,Held
CA-SNF-000958,Creek Fire,CA-SNF-000958_seg_00571,2020-09-06,train,23.2,1685.5,1023.0,0.619,0.383,187.0,87.5,9.4,0.987,-91.2,Road as Line,9.0,Timber,0,Burned Over
CA-SNF-000958,Creek Fire,CA-SNF-000958_seg_00572,2020-09-06,train,40.7,1245.6,595.4,0.826,0.255,264.9,131.3,43.7,0.723,-891.3,Road as Line,9.0,Timber,0,Burned Over
CA-SNF-000958,Creek Fire,CA-SNF-000958_seg_00573,2020-09-06,train,5.7,1354.1,972.6,0.513,0.308,253.5,56.5,73.0,0.292,49.7,Dozer Line,6.5,Timber,1,Held
CA-SNF-000958,Creek Fire,CA-SNF-000958_seg_00574,2020-09-06,train,32.5,1879.6,2348.3,0.363,0.216,190.0,44.3,55.7,0.563,1694.9,Completed Hand Line,2.0,Timber,0,Burned Over
CA-SNF-000958,Creek Fire,CA-SNF-000958_seg_00575,2020-09-06,train,6.6,1162.0,475.3,0.794,0.131,247.6,128.9,28.7,0.877,-953.1,Dozer Line,6.5,Timber,1,Held
CA-SNF-000958,Creek Fire,CA-SNF-000958_seg_00576,2020-09-06,train,33.9,1857.3,734.2,0.7,0.256,230.7,101.2,39.5,0.772,-525.4,Dozer Line,6.5,Timber,0,Burned Over
CA-SNF-000958,Creek Fire,CA-SNF-000958_seg_00577,2020-09-06,train,10.5,1396.9,3078.9,0.102,0.127,186.9,76.0,20.9,0.934,2895.6,Dozer Line,6.5,Timber,1,Held
CA-SNF-000958,Creek Fire,CA-SNF-000958_seg_00578,2020-09-06,train,8.1,1668.5,1733.2,0.245,0.243,201.3,152.9,41.6,0.748,1292.9,Road as Line,9.0,Timber,1,Held
CA-SNF-000958,Creek Fire,CA-SNF-000958_seg_00579,2020-09-06,train,30.7,2381.0,1432.1,0.643,0.304,208.7,161.2,42.5,0.737,274.0,Dozer Line,6.5,Timber,0,Burned Over
CA-SNF-000958,Creek Fire,CA-SNF-000958_seg_00580,2020-09-06,train,21.3,1631.7,672.9,0.771,0.317,196.4,147.1,40.7,0.758,-714.0,Road as Line,9.0,Timber,1,Held
CA-SNF-000958,Creek Fire,CA-SNF-000958_seg_00581,2020-09-06,train,25.2,2357.6,359.7,0.861,0.097,195.8,96.5,9.3,0.987,-1190.7,Completed Hand Line,2.0,Timber,0,Burned Over
CA-SNF-000958,Creek Fire,CA-SNF-000958_seg_00582,2020-09-06,train,26.2,2249.0,1492.2,0.494,0.239,235.5,99.7,45.8,0.697,602.2,Dozer Line,6.5,Timber,1,Held
CA-SNF-000958,Creek Fire,CA-SNF-000958_seg_00583,2020-09-06,train,27.5,2152.7,1643.4,0.579,0.207,244.3,130.9,23.4,0.918,602.0,Dozer Line,6.5,Timber,0,Burned Over
CA-SNF-000958,Creek Fire,CA-SNF-000958_seg_00584,2020-09-06,train,11.5,1685.7,706.8,0.483,0.271,208.4,178.0,59.6,0.506,-162.3,Road as Line,9.0,Timber,1,Held
CA-SNF-000958,Creek Fire,CA-SNF-000958_seg_00585,2020-09-06,train,38.6,1619.2,3605.0,0.219,0.208,202.6,101.6,11.0,0.982,3211.4,Dozer Line,6.5,Timber,1,Held
CA-SNF-000958,Creek Fire,CA-SNF-000958_seg_00586,2020-09-06,train,26.3,1456.5,674.9,0.64,0.368,248.5,76.5,82.0,0.139,-476.8,Completed Hand Line,2.0,Timber,1,Held
CA-SNF-000958,Creek Fire,CA-SNF-000958_seg_00587,2020-09-06,train,23.9,1812.5,1329.6,0.424,0.231,195.3,8.8,83.5,0.113,565.9,Road as Line,9.0,Timber,1,Held
CA-SNF-000958,Creek Fire,CA-SNF-000958_seg_00588,2020-09-06,train,23.2,2081.2,438.8,0.727,0.254,224.0,136.5,2.5,0.999,-870.6,Dozer Line,6.5,Timber,0,Burned Over
CA-SNF-000958,Creek Fire,CA-SNF-000958_seg_00589,2020-09-06,train,26.4,1114.1,1982.1,0.276,0.216,225.1,19.5,64.4,0.432,1485.2,Dozer Line,6.5,Timber,1,Held
CA-SNF-000958,Creek Fire,CA-SNF-000958_seg_00590,2020-09-06,train,38.8,2035.0,713.9,0.695,0.175,227.5,24.9,67.4,0.384,-537.5,Dozer Line,6.5,Timber,1,Held
CA-SNF-000958,Creek Fire,CA-SNF-000958_seg_00591,2020-09-06,train,32.8,2957.7,1465.2,0.602,0.242,198.3,129.6,21.3,0.932,382.1,Completed Hand Line,2.0,Timber,0,Burned Over
CA-SNF-000958,Creek Fire,CA-SNF-000958_seg_00592,2020-09-06,train,24.4,1174.8,273.0,0.764,0.287,223.0,55.8,77.2,0.222,-1102.8,Dozer Line,6.5,Timber,1,Held
CA-SNF-000958,Creek Fire,CA-SNF-000958_seg_00593,2020-09-06,train,27.0,1746.4,453.4,0.819,0.257,229.4,14.3,54.9,0.575,-1021.5,Completed Hand Line,2.0,Timber,0,Burned Over
CA-SNF-000958,Creek Fire,CA-SNF-000958_seg_00594,2020-09-06,train,37.6,1571.2,4067.1,0.162,0.164,168.0,102.3,24.3,0.912,3776.3,Dozer Line,6.5,Timber,1,Held
CA-SNF-000958,Creek Fire,CA-SNF-000958_seg_00595,2020-09-06,train,30.7,1715.6,719.0,0.833,0.219,227.1,109.0,28.1,0.882,-781.0,Road as Line,9.0,Timber,1,Held
CA-SNF-000958,Creek Fire,CA-SNF-000958_seg_00596,2020-09-06,train,31.8,1650.3,555.9,0.856,0.155,197.1,161.4,54.3,0.583,-984.2,Completed Hand Line,2.0,Timber,0,Burned Over
CA-SNF-000958,Creek Fire,CA-SNF-000958_seg_00597,2020-09-06,train,31.0,2004.6,203.3,0.952,0.075,216.5,101.5,25.0,0.906,-1510.3,Dozer Line,6.5,Timber,0,Burned Over
CA-SNF-000958,Creek Fire,CA-SNF-000958_seg_00598,2020-09-06,train,26.3,1808.9,203.3,0.826,0.141,210.5,72.5,48.0,0.669,-1284.0,Road as Line,9.0,Timber,1,Held
CA-SNF-000958,Creek Fire,CA-SNF-000958_seg_00599,2020-09-06,train,13.4,1714.7,1201.6,0.612,0.21,210.3,110.6,9.8,0.985,100.2,Dozer Line,6.5,Timber,1,Held
CA-SNF-000958,Creek Fire,CA-SNF-000958_seg_00600,2020-09-06,train,19.6,922.2,582.7,0.804,0.252,226.3,154.4,18.1,0.95,-864.0,Dozer Line,6.5,Timber,0,Burned Over
CA-SNF-000958,Creek Fire,CA-SNF-000958_seg_00601,2020-09-06,train,23.0,1246.5,486.2,0.826,0.158,198.4,130.4,22.0,0.927,-1000.1,Dozer Line,6.5,Timber,0,Burned Over
CA-SNF-000958,Creek Fire,CA-SNF-000958_seg_00602,2020-09-06,train,8.4,2292.3,348.6,0.465,0.401,207.8,5.7,67.9,0.377,-488.9,Completed Hand Line,2.0,Timber,1,Held
CA-SNF-000958,Creek Fire,CA-SNF-000958_seg_00603,2020-09-06,train,40.4,1655.0,257.0,0.948,0.078,216.0,1.2,55.1,0.572,-1450.3,Completed Hand Line,2.0,Timber,0,Burned Over
CA-SNF-000958,Creek Fire,CA-SNF-000958_seg_00604,2020-09-06,train,8.4,2024.9,1297.4,0.298,0.246,216.0,144.8,18.7,0.947,761.2,Road as Line,9.0,Timber,1,Held
CA-SNF-000958,Creek Fire,CA-SNF-000958_seg_00605,2020-09-06,train,14.8,1586.0,1951.0,0.603,0.244,207.1,99.4,17.7,0.953,866.1,Dozer Line,6.5,Timber,1,Held
CA-SNF-000958,Creek Fire,CA-SNF-000958_seg_00606,2020-09-06,train,25.5,1447.4,2466.4,0.227,0.307,208.4,154.4,36.0,0.809,2058.2,Dozer Line,6.5,Timber,1,Held
CA-SNF-000958,Creek Fire,CA-SNF-000958_seg_00607,2020-09-06,train,39.0,1980.8,1211.9,0.64,0.193,237.3,80.1,67.2,0.388,59.4,Dozer Line,6.5,Timber,1,Held
CA-SNF-000958,Creek Fire,CA-SNF-000958_seg_00608,2020-09-06,train,6.8,1850.4,874.5,0.691,0.269,209.5,162.5,43.0,0.732,-369.8,Dozer Line,6.5,Timber,1,Held
CA-SNF-000958,Creek Fire,CA-SNF-000958_seg_00609,2020-09-06,train,16.4,1792.9,530.6,0.588,0.231,172.3,163.9,81.6,0.146,-527.2,Dozer Line,6.5,Timber,1,Held
CA-SNF-000958,Creek Fire,CA-SNF-000958_seg_00610,2020-09-06,train,14.3,1766.7,452.0,0.433,0.262,249.5,48.2,68.7,0.364,-327.9,Road as Line,9.0,Timber,1,Held
CA-SNF-000958,Creek Fire,CA-SNF-000958_seg_00611,2020-09-06,train,25.9,1614.2,490.3,0.843,0.205,231.3,169.7,28.4,0.88,-1027.0,Completed Hand Line,2.0,Timber,0,Burned Over
CA-SNF-000958,Creek Fire,CA-SNF-000958_seg_00612,2020-09-06,train,5.4,910.7,2301.0,0.147,0.195,232.1,12.7,50.7,0.634,2037.0,Dozer Line,6.5,Timber,1,Held
CA-SNF-000958,Creek Fire,CA-SNF-000958_seg_00613,2020-09-06,train,23.3,1572.0,3696.7,0.116,0.086,221.6,88.0,43.6,0.724,3487.1,Dozer Line,6.5,Timber,1,Held
CA-SNF-000958,Creek Fire,CA-SNF-000958_seg_00614,2020-09-06,train,35.8,1437.8,616.5,0.747,0.206,204.2,17.0,82.8,0.125,-728.0,Dozer Line,6.5,Timber,0,Burned Over
CA-SNF-000958,Creek Fire,CA-SNF-000958_seg_00615,2020-09-06,train,34.7,1190.4,720.9,0.725,0.263,202.6,157.8,45.3,0.704,-584.6,Dozer Line,6.5,Timber,1,Held
CA-SNF-000958,Creek Fire,CA-SNF-000958_seg_00616,2020-09-06,train,27.2,2256.5,285.2,0.717,0.255,265.0,73.0,78.0,0.208,-1005.5,Dozer Line,6.5,Timber,1,Held
CA-SNF-000958,Creek Fire,CA-SNF-000958_seg_00617,2020-09-06,train,20.2,2329.6,935.8,0.462,0.248,204.6,39.9,74.7,0.265,104.6,Dozer Line,6.5,Timber,1,Held
CA-SNF-000958,Creek Fire,CA-SNF-000958_seg_00618,2020-09-06,train,25.1,1449.7,850.8,0.572,0.4,189.8,159.3,59.5,0.508,-178.8,Completed Hand Line,2.0,Timber,1,Held
CA-SNF-000958,Creek Fire,CA-SNF-000958_seg_00619,2020-09-06,train,21.9,1942.7,3626.4,0.025,0.033,226.7,52.9,83.8,0.108,3582.2,Dozer Line,6.5,Timber,1,Held
CA-SNF-000958,Creek Fire,CA-SNF-000958_seg_00620,2020-09-06,train,18.0,1462.5,777.4,0.633,0.404,214.5,101.6,22.9,0.922,-362.2,Dozer Line,6.5,Timber,0,Burned Over
CA-SNF-000958,Creek Fire,CA-SNF-000958_seg_00621,2020-09-06,train,7.6,1318.3,685.9,0.508,0.389,254.1,130.8,33.3,0.836,-229.3,Dozer Line,6.5,Timber,1,Held
CA-SNF-000958,Creek Fire,CA-SNF-000958_seg_00622,2020-09-06,train,40.0,1900.6,439.6,0.871,0.173,212.7,176.4,53.7,0.592,-1128.0,Dozer Line,6.5,Timber,0,Burned Over
CA-SNF-000958,Creek Fire,CA-SNF-000958_seg_00623,2020-09-06,train,25.7,1943.2,583.9,0.869,0.122,180.3,102.2,11.9,0.978,-980.1,Dozer Line,6.5,Timber,0,Burned Over
CA-SNF-000958,Creek Fire,CA-SNF-000958_seg_00624,2020-09-06,train,43.2,1881.2,665.1,0.879,0.188,181.0,100.8,9.8,0.985,-917.1,Dozer Line,6.5,Timber,0,Burned Over
CA-SNF-000958,Creek Fire,CA-SNF-000958_seg_00625,2020-09-06,train,16.8,1424.4,266.5,0.555,0.434,201.5,81.6,29.9,0.867,-733.4,Dozer Line,6.5,Timber,1,Held
CA-SNF-000958,Creek Fire,CA-SNF-000958_seg_00626,2020-09-06,train,1.5,1738.9,3471.8,0.045,0.058,202.7,70.3,42.4,0.738,3391.0,Dozer Line,6.5,Timber,1,Held
CA-SNF-000958,Creek Fire,CA-SNF-000958_seg_00627,2020-09-06,train,27.3,1438.7,305.4,0.867,0.173,222.9,158.6,25.6,0.902,-1255.5,Road as Line,9.0,Timber,0,Burned Over
CA-SNF-000958,Creek Fire,CA-SNF-000958_seg_00628,2020-09-06,train,32.2,1423.9,430.8,0.77,0.221,194.3,54.4,49.9,0.644,-955.0,Dozer Line,6.5,Timber,0,Burned Over
CA-SNF-000958,Creek Fire,CA-SNF-000958_seg_00629,2020-09-06,train,17.7,1408.3,2635.1,0.111,0.145,208.1,0.9,62.8,0.457,2434.6,Dozer Line,6.5,Timber,1,Held
CA-SNF-000958,Creek Fire,CA-SNF-000958_seg_00630,2020-09-06,train,23.2,1242.8,1200.2,0.69,0.301,230.3,171.7,31.4,0.854,-41.1,Completed Hand Line,2.0,Timber,1,Held
CA-SNF-000958,Creek Fire,CA-SNF-000958_seg_00631,2020-09-06,train,21.0,2020.4,208.9,0.903,0.142,264.2,9.6,15.5,0.964,-1416.6,Road as Line,9.0,Timber,0,Burned Over
CA-SNF-000958,Creek Fire,CA-SNF-000958_seg_00632,2020-09-06,train,29.8,1573.8,1206.6,0.665,0.235,225.5,12.7,57.2,0.541,10.4,Road as Line,9.0,Timber,1,Held
CA-SNF-000958,Creek Fire,CA-SNF-000958_seg_00633,2020-09-06,train,29.6,1765.3,207.6,0.628,0.34,218.5,41.6,86.9,0.054,-922.3,Dozer Line,6.5,Timber,1,Held
CA-SNF-000958,Creek Fire,CA-SNF-000958_seg_00634,2020-09-06,train,36.1,1261.4,1518.8,0.622,0.381,262.1,9.2,17.2,0.955,400.1,Completed Hand Line,2.0,Timber,0,Burned Over
CA-SNF-000958,Creek Fire,CA-SNF-000958_seg_00635,2020-09-06,train,24.2,1799.5,515.2,0.743,0.333,241.3,47.5,76.2,0.238,-822.0,Dozer Line,6.5,Timber,1,Held
CA-SNF-000958,Creek Fire,CA-SNF-000958_seg_00636,2020-09-06,train,38.3,879.2,607.5,0.878,0.099,196.2,65.3,40.9,0.756,-973.7,Dozer Line,6.5,Timber,0,Burned Over
CA-SNF-000958,Creek Fire,CA-SNF-000958_seg_00637,2020-09-06,train,24.4,1712.6,252.2,0.575,0.266,217.1,38.4,88.7,0.022,-783.1,Dozer Line,6.5,Timber,1,Held
CA-SNF-000958,Creek Fire,CA-SNF-000958_seg_00638,2020-09-06,train,24.8,1944.9,402.2,0.799,0.23,219.3,5.2,56.0,0.56,-1035.3,Road as Line,9.0,Timber,1,Held
CA-SNF-000958,Creek Fire,CA-SNF-000958_seg_00639,2020-09-06,train,18.2,2142.1,2407.6,0.164,0.143,216.8,11.9,65.1,0.421,2112.6,Dozer Line,6.5,Timber,1,Held
CA-SNF-000958,Creek Fire,CA-SNF-000958_seg_00640,2020-09-06,train,22.6,1377.8,654.6,0.48,0.421,225.9,32.3,76.4,0.234,-208.7,Road as Line,9.0,Timber,1,Held
CA-SNF-000958,Creek Fire,CA-SNF-000958_seg_00641,2020-09-06,train,32.4,1979.9,891.9,0.894,0.13,217.6,108.5,19.1,0.945,-717.3,Completed Hand Line,2.0,Timber,0,Burned Over
CA-SNF-000958,Creek Fire,CA-SNF-000958_seg_00642,2020-09-06,train,39.9,1880.4,508.3,0.865,0.206,213.5,137.1,13.6,0.972,-1048.9,Completed Hand Line,2.0,Timber,0,Burned Over
CA-SNF-000958,Creek Fire,CA-SNF-000958_seg_00643,2020-09-06,train,12.8,1498.7,2617.9,0.133,0.182,225.9,91.3,44.5,0.713,2379.1,Dozer Line,6.5,Timber,1,Held
CA-SNF-000958,Creek Fire,CA-SNF-000958_seg_00644,2020-09-06,train,17.8,1248.1,981.0,0.442,0.371,235.5,57.7,87.8,0.038,186.0,Road as Line,9.0,Timber,1,Held
CA-SNF-000958,Creek Fire,CA-SNF-000958_seg_00645,2020-09-06,train,2.1,1770.8,369.1,0.697,0.298,197.3,125.7,18.4,0.949,-884.9,Dozer Line,6.5,Timber,1,Held
CA-SNF-000958,Creek Fire,CA-SNF-000958_seg_00646,2020-09-06,train,40.2,2033.6,743.5,0.75,0.227,221.1,48.0,83.2,0.119,-607.1,Completed Hand Line,2.0,Timber,0,Burned Over
CA-SNF-000958,Creek Fire,CA-SNF-000958_seg_00647,2020-09-06,train,26.9,1883.4,572.8,0.69,0.304,217.7,58.3,69.4,0.352,-668.8,Dozer Line,6.5,Timber,1,Held
CA-SNF-000958,Creek Fire,CA-SNF-000958_seg_00648,2020-09-06,train,27.2,931.9,4364.7,0.039,0.061,223.8,129.9,3.9,0.998,4294.5,Completed Hand Line,2.0,Timber,1,Held
CA-SNF-000958,Creek Fire,CA-SNF-000958_seg_00649,2020-09-06,train,37.7,1342.2,339.5,0.877,0.095,217.0,115.8,11.2,0.981,-1239.3,Dozer Line,6.5,Timber,0,Burned Over
CA-SNF-000958,Creek Fire,CA-SNF-000958_seg_00650,2020-09-06,train,23.2,2101.1,1050.2,0.554,0.434,231.2,39.3,78.2,0.205,53.5,Dozer Line,6.5,Timber,1,Held
CA-SNF-000958,Creek Fire,CA-SNF-000958_seg_00651,2020-09-06,train,36.5,1296.8,359.7,0.948,0.066,229.3,131.5,7.9,0.991,-1347.0,Dozer Line,6.5,Timber,0,Burned Over
CA-SNF-000958,Creek Fire,CA-SNF-000958_seg_00652,2020-09-06,train,20.5,2266.4,368.0,0.884,0.096,219.5,104.0,25.5,0.903,-1223.3,Dozer Line,6.5,Timber,0,Burned Over
CA-SNF-000958,Creek Fire,CA-SNF-000958_seg_00653,2020-09-06,train,30.7,1746.5,1528.4,0.558,0.24,206.7,159.8,43.2,0.729,524.5,Dozer Line,6.5,Timber,0,Burned Over
CA-SNF-000958,Creek Fire,CA-SNF-000958_seg_00654,2020-09-06,train,16.9,1677.3,393.9,0.673,0.312,217.7,62.8,64.9,0.424,-817.0,Completed Hand Line,2.0,Timber,1,Held
CA-SNF-000958,Creek Fire,CA-SNF-000958_seg_00655,2020-09-06,train,29.9,873.9,1524.4,0.654,0.278,234.7,12.5,47.7,0.672,346.3,Completed Hand Line,2.0,Timber,0,Burned Over
CA-SNF-000958,Creek Fire,CA-SNF-000958_seg_00656,2020-09-06,train,40.9,2025.6,634.2,0.772,0.309,218.4,58.9,69.5,0.35,-756.0,Completed Hand Line,2.0,Timber,1,Held
CA-SNF-000958,Creek Fire,CA-SNF-000958_seg_00657,2020-09-06,train,38.9,1477.7,315.6,0.837,0.203,208.9,46.1,72.8,0.296,-1191.5,Dozer Line,6.5,Timber,0,Burned Over
CA-SNF-000958,Creek Fire,CA-SNF-000958_seg_00658,2020-09-06,train,32.1,1856.6,1793.7,0.439,0.42,218.5,6.9,58.4,0.524,1003.0,Road as Line,9.0,Timber,1,Held
CA-SNF-000958,Creek Fire,CA-SNF-000958_seg_00659,2020-09-06,train,20.4,1472.1,2123.3,0.261,0.303,169.8,82.2,2.4,0.999,1653.0,Dozer Line,6.5,Timber,1,Held
CA-SNF-000958,Creek Fire,CA-SNF-000958_seg_00660,2020-09-06,train,12.2,981.9,449.9,0.791,0.203,182.1,127.7,35.6,0.813,-973.4,Dozer Line,6.5,Timber,0,Burned Over
CA-SNF-000958,Creek Fire,CA-SNF-000958_seg_00661,2020-09-06,train,33.8,1541.4,502.0,0.893,0.167,217.3,154.5,27.2,0.89,-1104.8,Dozer Line,6.5,Timber,0,Burned Over
CA-SNF-000958,Creek Fire,CA-SNF-000958_seg_00662,2020-09-06,train,26.6,1547.9,561.2,0.718,0.182,217.5,98.4,29.1,0.874,-731.1,Road as Line,9.0,Timber,1,Held
CA-SNF-000958,Creek Fire,CA-SNF-000958_seg_00663,2020-09-06,train,46.7,2282.2,373.5,0.932,0.057,230.5,149.4,8.9,0.988,-1303.3,Dozer Line,6.5,Timber,0,Burned Over
CA-SNF-000958,Creek Fire,CA-SNF-000958_seg_00664,2020-09-06,train,13.3,1063.4,4742.4,0.025,0.039,192.0,110.7,8.7,0.988,4696.5,Dozer Line,6.5,Timber,1,Held
CA-SNF-000958,Creek Fire,CA-SNF-000958_seg_00665,2020-09-06,train,38.2,1197.7,321.5,0.862,0.101,226.8,125.3,11.5,0.98,-1229.8,Road as Line,9.0,Timber,0,Burned Over
CA-SNF-000958,Creek Fire,CA-SNF-000958_seg_00666,2020-09-06,train,13.5,1292.8,3199.5,0.015,0.024,216.9,42.3,84.6,0.094,3172.4,Dozer Line,6.5,Timber,1,Held
CA-SNF-000958,Creek Fire,CA-SNF-000958_seg_00667,2020-09-06,train,44.8,1195.7,693.3,0.712,0.352,221.2,35.7,84.6,0.095,-587.8,Road as Line,9.0,Timber,1,Held
CA-SNF-000958,Creek Fire,CA-SNF-000958_seg_00668,2020-09-06,train,6.8,1337.2,1611.4,0.319,0.183,208.2,83.3,34.8,0.821,1036.7,Dozer Line,6.5,Timber,1,Held
CA-SNF-000958,Creek Fire,CA-SNF-000958_seg_00669,2020-09-06,train,26.9,1957.5,4133.8,0.013,0.021,228.0,45.9,87.9,0.037,4109.8,Dozer Line,6.5,Timber,1,Held
CA-SNF-000958,Creek Fire,CA-SNF-000958_seg_00670,2020-09-06,train,16.0,1881.6,2422.9,0.396,0.234,204.3,143.9,29.6,0.87,1710.4,Completed Hand Line,2.0,Timber,0,Burned Over
CA-SNF-000958,Creek Fire,CA-SNF-000958_seg_00671,2020-09-06,train,40.9,1344.8,1724.9,0.475,0.281,209.6,53.1,66.5,0.399,870.0,Road as Line,9.0,Timber,1,Held
CA-SNF-000958,Creek Fire,CA-SNF-000958_seg_00672,2020-09-06,train,31.0,1115.5,260.9,0.703,0.374,205.2,176.9,61.7,0.475,-1004.8,Road as Line,9.0,Timber,1,Held
CA-SNF-000958,Creek Fire,CA-SNF-000958_seg_00673,2020-09-06,train,13.7,1675.5,850.4,0.742,0.284,220.0,174.9,44.9,0.708,-486.0,Dozer Line,6.5,Timber,1,Held
CA-SNF-000958,Creek Fire,CA-SNF-000958_seg_00674,2020-09-06,train,23.2,2459.3,1164.0,0.598,0.374,224.8,174.2,39.4,0.772,87.5,Completed Hand Line,2.0,Timber,0,Burned Over
CA-SNF-000958,Creek Fire,CA-SNF-000958_seg_00675,2020-09-06,train,43.3,1953.3,1632.6,0.453,0.2,203.9,36.3,77.7,0.213,817.7,Road as Line,9.0,Timber,1,Held
CA-SNF-000958,Creek Fire,CA-SNF-000958_seg_00676,2020-09-06,train,20.2,1647.7,1184.6,0.624,0.241,192.4,91.4,11.1,0.981,61.0,Road as Line,9.0,Timber,1,Held
CA-SNF-000958,Creek Fire,CA-SNF-000958_seg_00677,2020-09-06,train,15.6,2214.4,1723.5,0.32,0.279,189.8,134.6,34.7,0.822,1146.8,Completed Hand Line,2.0,Timber,1,Held
CA-SNF-000958,Creek Fire,CA-SNF-000958_seg_00678,2020-09-06,train,40.7,2371.8,750.9,0.774,0.288,253.3,59.1,75.8,0.246,-642.6,Dozer Line,6.5,Timber,0,Burned Over
CA-SNF-000958,Creek Fire,CA-SNF-000958_seg_00679,2020-09-06,train,14.8,2115.3,338.7,0.805,0.273,201.0,158.9,47.9,0.67,-1111.1,Completed Hand Line,2.0,Timber,0,Burned Over
CA-SNF-000958,Creek Fire,CA-SNF-000958_seg_00680,2020-09-06,train,37.6,2221.7,471.2,0.777,0.18,202.1,46.5,65.7,0.412,-928.0,Road as Line,9.0,Timber,1,Held
CA-SNF-000958,Creek Fire,CA-SNF-000958_seg_00681,2020-09-06,train,26.2,1959.0,1296.9,0.486,0.435,258.6,105.7,62.9,0.455,423.0,Road as Line,9.0,Timber,1,Held
CA-SNF-000958,Creek Fire,CA-SNF-000958_seg_00682,2020-09-06,train,31.5,772.3,2594.1,0.381,0.416,216.5,118.7,7.8,0.991,1907.5,Dozer Line,6.5,Timber,0,Burned Over
CA-SNF-000958,Creek Fire,CA-SNF-000958_seg_00683,2020-09-06,train,20.1,1641.2,3278.5,0.158,0.209,216.8,115.2,11.6,0.98,2993.8,Completed Hand Line,2.0,Timber,1,Held
CA-SNF-000958,Creek Fire,CA-SNF-000958_seg_00684,2020-09-06,train,42.3,885.8,494.4,0.828,0.144,180.6,132.1,41.4,0.75,-995.3,Road as Line,9.0,Timber,0,Burned Over
CA-SNF-000958,Creek Fire,CA-SNF-000958_seg_00685,2020-09-06,train,12.2,1516.8,2158.0,0.106,0.116,212.6,9.8,67.2,0.388,1967.9,Road as Line,9.0,Timber,1,Held
CA-SNF-000958,Creek Fire,CA-SNF-000958_seg_00686,2020-09-06,train,42.2,1756.0,1465.9,0.533,0.318,222.3,59.4,72.9,0.294,505.9,Dozer Line,6.5,Timber,0,Burned Over
CA-SNF-000958,Creek Fire,CA-SNF-000958_seg_00687,2020-09-06,train,14.6,1435.1,433.7,0.772,0.158,249.1,171.9,12.9,0.975,-955.4,Road as Line,9.0,Timber,0,Burned Over
CA-SNF-000958,Creek Fire,CA-SNF-000958_seg_00688,2020-09-06,train,39.8,2436.7,407.8,0.861,0.096,204.3,114.6,0.4,1.0,-1142.0,Road as Line,9.0,Timber,0,Burned Over
CA-SNF-000958,Creek Fire,CA-SNF-000958_seg_00689,2020-09-06,train,31.9,1815.7,615.5,0.811,0.185,263.2,128.1,45.1,0.706,-844.6,Road as Line,9.0,Timber,0,Burned Over
CA-SNF-000958,Creek Fire,CA-SNF-000958_seg_00690,2020-09-06,train,42.2,1293.4,454.6,0.79,0.287,224.8,131.0,3.8,0.998,-966.9,Road as Line,9.0,Timber,0,Burned Over
CA-SNF-000958,Creek Fire,CA-SNF-000958_seg_00691,2020-09-06,train,28.5,1297.9,632.4,0.858,0.116,240.5,120.8,29.7,0.868,-912.5,Road as Line,9.0,Timber,1,Held
CA-SNF-000958,Creek Fire,CA-SNF-000958_seg_00692,2020-09-06,train,32.3,1880.1,564.4,0.748,0.157,224.7,87.7,47.0,0.682,-781.5,Dozer Line,6.5,Timber,1,Held
CA-SNF-000958,Creek Fire,CA-SNF-000958_seg_00693,2020-09-06,train,1.0,1230.8,4968.0,0.008,0.01,240.0,7.5,37.5,0.793,4954.4,Dozer Line,6.5,Timber,1,Held
CA-SNF-000958,Creek Fire,CA-SNF-000958_seg_00694,2020-09-06,train,18.5,2337.8,2077.3,0.286,0.196,223.0,101.4,31.5,0.853,1562.7,Road as Line,9.0,Timber,1,Held
CA-SNF-000958,Creek Fire,CA-SNF-000958_seg_00695,2020-09-06,train,34.6,2146.8,1732.0,0.329,0.248,228.6,86.0,52.6,0.608,1140.3,Dozer Line,6.5,Timber,1,Held
CA-SNF-000958,Creek Fire,CA-SNF-000958_seg_00696,2020-09-06,train,31.5,1766.6,1406.7,0.417,0.283,204.3,176.1,61.8,0.472,655.5,Dozer Line,6.5,Timber,1,Held
CA-SNF-000958,Creek Fire,CA-SNF-000958_seg_00697,2020-09-06,train,27.0,1650.4,703.9,0.478,0.283,226.8,46.2,89.4,0.011,-156.6,Dozer Line,6.5,Timber,1,Held
CA-SNF-000958,Creek Fire,CA-SNF-000958_seg_00698,2020-09-06,train,31.6,1204.5,1079.1,0.61,0.379,225.5,87.7,47.8,0.671,-19.0,Dozer Line,6.5,Timber,1,Held
CA-SNF-000958,Creek Fire,CA-SNF-000958_seg_00699,2020-09-06,train,24.7,2198.5,516.0,0.797,0.213,222.4,108.1,24.3,0.912,-918.9,Road as Line,9.0,Timber,0,Burned Over
CA-SNF-000958,Creek Fire,CA-SNF-000958_seg_00700,2020-09-06,train,37.3,1207.8,333.9,0.879,0.145,260.7,147.5,23.1,0.92,-1248.6,Dozer Line,6.5,Timber,0,Burned Over
CA-SNF-000958,Creek Fire,CA-SNF-000958_seg_00701,2020-09-06,train,21.8,1275.8,178.4,0.772,0.148,247.3,60.7,83.4,0.116,-1210.4,Road as Line,9.0,Timber,1,Held
CA-SNF-000958,Creek Fire,CA-SNF-000958_seg_00702,2020-09-06,train,1.0,1461.6,377.4,0.685,0.218,244.9,122.1,32.8,0.841,-855.9,Dozer Line,6.5,Timber,1,Held
CA-SNF-000958,Creek Fire,CA-SNF-000958_seg_00703,2020-09-06,train,27.0,1401.9,391.5,0.848,0.191,245.9,20.6,44.7,0.71,-1135.5,Road as Line,9.0,Timber,0,Burned Over
CA-SNF-000958,Creek Fire,CA-SNF-000958_seg_00704,2020-09-06,train,10.2,1119.8,355.7,0.67,0.311,250.6,133.3,27.3,0.888,-851.1,Dozer Line,6.5,Timber,1,Held
CA-SNF-000958,Creek Fire,CA-SNF-000958_seg_00705,2020-09-06,train,26.8,1404.2,201.6,0.899,0.154,244.1,165.5,11.5,0.98,-1415.8,Road as Line,9.0,Timber,0,Burned Over
CA-SNF-000958,Creek Fire,CA-SNF-000958_seg_00706,2020-09-06,train,37.9,1564.2,554.4,0.703,0.28,198.4,9.7,81.4,0.15,-710.5,Completed Hand Line,2.0,Timber,0,Burned Over
CA-SNF-000958,Creek Fire,CA-SNF-000958_seg_00707,2020-09-06,train,24.4,1787.5,357.5,0.555,0.382,199.9,34.8,75.0,0.258,-641.2,Dozer Line,6.5,Timber,0,Burned Over
CA-SNF-000958,Creek Fire,CA-SNF-000958_seg_00708,2020-09-06,train,32.8,1165.0,562.9,0.752,0.243,202.0,9.5,77.5,0.216,-789.9,Dozer Line,6.5,Timber,1,Held
CA-SNF-000958,Creek Fire,CA-SNF-000958_seg_00709,2020-09-06,train,37.6,970.2,1565.6,0.492,0.407,240.9,75.1,75.9,0.244,680.1,Dozer Line,6.5,Timber,1,Held
CA-SNF-000958,Creek Fire,CA-SNF-000958_seg_00710,2020-09-06,train,5.0,3040.5,891.7,0.386,0.249,198.6,31.8,76.7,0.229,196.7,Dozer Line,6.5,Timber,1,Held
CA-SNF-000958,Creek Fire,CA-SNF-000958_seg_00711,2020-09-06,train,33.2,935.1,531.9,0.908,0.131,210.7,125.8,5.2,0.996,-1103.2,Dozer Line,6.5,Timber,0,Burned Over
CA-SNF-000958,Creek Fire,CA-SNF-000958_seg_00712,2020-09-06,train,17.4,1278.6,3200.2,0.095,0.114,208.9,81.7,37.2,0.797,3029.0,Road as Line,9.0,Timber,1,Held
CA-SNF-000958,Creek Fire,CA-SNF-000958_seg_00713,2020-09-06,train,34.9,1907.2,1624.9,0.583,0.301,220.6,129.5,1.1,1.0,574.9,Dozer Line,6.5,Timber,1,Held
CA-SNF-000958,Creek Fire,CA-SNF-000958_seg_00714,2020-09-06,train,5.2,1039.0,737.6,0.358,0.186,214.9,6.0,61.1,0.483,93.8,Dozer Line,6.5,Timber,0,Burned Over
CA-SNF-000958,Creek Fire,CA-SNF-000958_seg_00715,2020-09-06,train,31.5,1357.9,2597.8,0.149,0.12,234.9,85.0,60.0,0.5,2329.6,Road as Line,9.0,Timber,1,Held
CA-SNF-000958,Creek Fire,CA-SNF-000958_seg_00716,2020-09-06,train,42.6,1976.1,1126.1,0.887,0.148,183.3,47.3,46.1,0.693,-470.2,Dozer Line,6.5,Timber,0,Burned Over
CA-SNF-000958,Creek Fire,CA-SNF-000958_seg_00717,2020-09-06,train,33.6,2142.5,1125.3,0.712,0.254,219.7,175.9,46.2,0.692,-156.0,Completed Hand Line,2.0,Timber,1,Held
CA-SNF-000958,Creek Fire,CA-SNF-000958_seg_00718,2020-09-06,train,24.4,978.9,2619.0,0.173,0.183,229.8,72.1,67.7,0.379,2307.5,Road as Line,9.0,Timber,1,Held
CA-SNF-000958,Creek Fire,CA-SNF-000958_seg_00719,2020-09-06,train,22.6,1717.7,813.3,0.552,0.307,201.5,40.7,70.9,0.328,-179.9,Dozer Line,6.5,Timber,1,Held
CA-SNF-000958,Creek Fire,CA-SNF-000958_seg_00720,2020-09-06,train,30.4,1602.6,4550.3,0.067,0.086,258.3,9.7,21.3,0.931,4429.2,Dozer Line,6.5,Timber,1,Held
CA-SNF-000958,Creek Fire,CA-SNF-000958_seg_00721,2020-09-06,train,34.7,2070.1,1705.8,0.435,0.282,226.3,65.2,71.1,0.324,923.1,Dozer Line,6.5,Timber,1,Held
CA-SNF-000958,Creek Fire,CA-SNF-000958_seg_00722,2020-09-06,train,22.6,1924.8,381.8,0.838,0.132,272.7,122.9,59.8,0.503,-1127.4,Completed Hand Line,2.0,Timber,0,Burned Over
CA-SNF-000958,Creek Fire,CA-SNF-000958_seg_00723,2020-09-06,train,13.9,1769.9,1496.6,0.33,0.251,197.5,116.7,9.2,0.987,902.1,Dozer Line,6.5,Timber,1,Held
CA-SNF-000958,Creek Fire,CA-SNF-000958_seg_00724,2020-09-06,train,1.8,2486.3,502.3,0.574,0.289,221.2,134.7,3.5,0.998,-531.1,Road as Line,9.0,Timber,1,Held
CA-SNF-000958,Creek Fire,CA-SNF-000958_seg_00725,2020-09-06,train,20.2,1526.7,772.0,0.659,0.227,246.3,50.6,74.3,0.271,-414.7,Dozer Line,6.5,Timber,1,Held
CA-SNF-000958,Creek Fire,CA-SNF-000958_seg_00726,2020-09-06,train,22.1,1759.8,399.4,0.747,0.267,186.3,161.7,65.3,0.417,-945.7,Dozer Line,6.5,Timber,1,Held
CA-SNF-000958,Creek Fire,CA-SNF-000958_seg_00727,2020-09-06,train,7.9,1656.9,1542.8,0.411,0.374,196.6,138.9,32.2,0.846,802.8,Completed Hand Line,2.0,Timber,1,Held
CA-SNF-000958,Creek Fire,CA-SNF-000958_seg_00728,2020-09-06,train,24.1,1271.6,2132.4,0.387,0.201,193.9,138.0,34.1,0.828,1435.8,Dozer Line,6.5,Timber,1,Held
CA-SNF-000958,Creek Fire,CA-SNF-000958_seg_00729,2020-09-06,train,25.5,1480.7,1286.9,0.479,0.404,206.3,49.1,67.2,0.388,424.5,Dozer Line,6.5,Timber,1,Held
CA-SNF-000958,Creek Fire,CA-SNF-000958_seg_00730,2020-09-06,train,28.9,2027.9,631.8,0.688,0.266,195.9,46.0,59.9,0.501,-606.4,Dozer Line,6.5,Timber,1,Held
CA-SNF-000958,Creek Fire,CA-SNF-000958_seg_00731,2020-09-06,train,35.4,1927.0,272.7,0.911,0.069,242.8,106.4,46.4,0.69,-1367.2,Road as Line,9.0,Timber,0,Burned Over
CA-SNF-000958,Creek Fire,CA-SNF-000958_seg_00732,2020-09-06,train,31.9,2118.6,812.6,0.785,0.303,194.7,73.9,30.8,0.859,-599.7,Dozer Line,6.5,Timber,1,Held
CA-SNF-000958,Creek Fire,CA-SNF-000958_seg_00733,2020-09-06,train,46.6,1685.7,982.0,0.871,0.141,229.3,74.2,65.1,0.421,-584.9,Road as Line,9.0,Timber,0,Burned Over
CA-SNF-000958,Creek Fire,CA-SNF-000958_seg_00734,2020-09-06,train,24.9,1682.3,2742.8,0.374,0.249,243.7,136.7,17.0,0.956,2070.0,Dozer Line,6.5,Timber,1,Held
CA-SNF-000958,Creek Fire,CA-SNF-000958_seg_00735,2020-09-06,train,25.4,1700.5,572.0,0.703,0.275,237.1,153.3,6.1,0.994,-693.7,Completed Hand Line,2.0,Timber,0,Burned Over
CA-SNF-000958,Creek Fire,CA-SNF-000958_seg_00736,2020-09-06,train,12.8,2090.4,229.7,0.558,0.437,220.9,25.4,74.5,0.268,-775.0,Dozer Line,6.5,Timber,1,Held
CA-SNF-000958,Creek Fire,CA-SNF-000958_seg_00737,2020-09-06,train,27.0,1635.9,491.9,0.634,0.353,211.0,31.4,89.6,0.007,-649.9,Completed Hand Line,2.0,Timber,0,Burned Over
CA-SNF-000958,Creek Fire,CA-SNF-000958_seg_00738,2020-09-06,train,22.9,1775.2,885.0,0.715,0.328,195.2,77.4,27.9,0.884,-401.3,Dozer Line,6.5,Timber,0,Burned Over
CA-SNF-000958,Creek Fire,CA-SNF-000958_seg_00739,2020-09-06,train,36.8,1841.9,820.0,0.801,0.226,241.2,169.7,18.5,0.948,-621.9,Road as Line,9.0,Timber,0,Burned Over
CA-SNF-000958,Creek Fire,CA-SNF-000958_seg_00740,2020-09-06,train,27.7,1306.1,508.1,0.784,0.147,204.0,59.3,54.7,0.577,-903.3,Dozer Line,6.5,Timber,1,Held
CA-SNF-000958,Creek Fire,CA-SNF-000958_seg_00741,2020-09-06,train,25.5,2321.8,1562.9,0.789,0.286,234.9,104.6,40.3,0.763,142.7,Road as Line,9.0,Timber,1,Held
CA-SNF-000958,Creek Fire,CA-SNF-000958_seg_00742,2020-09-06,train,16.7,1522.8,5000.0,0.007,0.012,206.7,178.4,61.7,0.475,4986.9,Road as Line,9.0,Timber,1,Held
CA-SNF-000958,Creek Fire,CA-SNF-000958_seg_00743,2020-09-06,train,55.0,1441.8,568.8,0.862,0.189,203.4,51.5,61.8,0.472,-982.2,Dozer Line,6.5,Timber,0,Burned Over
CA-SNF-000958,Creek Fire,CA-SNF-000958_seg_00744,2020-09-06,train,24.7,2078.2,325.6,0.918,0.125,250.4,144.6,15.8,0.962,-1327.1,Dozer Line,6.5,Timber,0,Burned Over
CA-SNF-000958,Creek Fire,CA-SNF-000958_seg_00745,2020-09-06,train,17.7,1441.1,186.9,0.728,0.233,214.1,45.4,78.7,0.196,-1123.5,Dozer Line,6.5,Timber,1,Held
CA-SNF-000958,Creek Fire,CA-SNF-000958_seg_00746,2020-09-06,train,33.9,1552.9,845.8,0.5,0.428,203.5,38.4,75.2,0.256,-54.4,Road as Line,9.0,Timber,1,Held
CA-SNF-000958,Creek Fire,CA-SNF-000958_seg_00747,2020-09-06,train,34.2,1129.3,881.8,0.522,0.415,234.7,51.2,86.5,0.061,-57.4,Road as Line,9.0,Timber,1,Held
CA-SNF-000958,Creek Fire,CA-SNF-000958_seg_00748,2020-09-06,train,42.5,1812.9,2406.2,0.444,0.385,198.3,88.5,19.9,0.94,1606.2,Dozer Line,6.5,Timber,1,Held
CA-SNF-000958,Creek Fire,CA-SNF-000958_seg_00749,2020-09-06,train,17.2,1534.2,1007.6,0.656,0.26,200.6,112.1,1.4,1.0,-173.7,Dozer Line,6.5,Timber,1,Held
CA-SNF-000958,Creek Fire,CA-SNF-000958_seg_00750,2020-09-06,train,23.2,1878.5,1519.8,0.607,0.415,224.9,153.8,18.9,0.946,427.0,Completed Hand Line,2.0,Timber,0,Burned Over
CA-SNF-000958,Creek Fire,CA-SNF-000958_seg_00751,2020-09-06,train,27.3,1538.5,2306.2,0.233,0.308,205.0,166.6,51.6,0.621,1886.3,Road as Line,9.0,Timber,1,Held
CA-SNF-000958,Creek Fire,CA-SNF-000958_seg_00752,2020-09-06,train,25.9,1405.1,1062.7,0.854,0.141,210.6,124.7,4.1,0.997,-474.6,Dozer Line,6.5,Timber,1,Held
CA-SNF-000958,Creek Fire,CA-SNF-000958_seg_00753,2020-09-06,train,8.0,1297.9,2571.3,0.2,0.248,185.6,97.3,1.7,1.0,2212.2,Dozer Line,6.5,Timber,1,Held
CA-SNF-000958,Creek Fire,CA-SNF-000958_seg_00754,2020-09-06,train,37.3,1766.7,838.3,0.87,0.195,210.6,68.7,51.9,0.617,-728.6,Road as Line,9.0,Timber,1,Held
CA-SNF-000958,Creek Fire,CA-SNF-000958_seg_00755,2020-09-06,train,20.2,2264.9,397.2,0.867,0.136,233.8,140.0,3.8,0.998,-1164.2,Dozer Line,6.5,Timber,1,Held
CA-SNF-000958,Creek Fire,CA-SNF-000958_seg_00756,2020-09-06,train,25.5,2132.2,2284.6,0.368,0.359,212.5,101.0,21.5,0.931,1622.5,Dozer Line,6.5,Timber,1,Held
CA-SNF-000958,Creek Fire,CA-SNF-000958_seg_00757,2020-09-06,train,41.4,1755.3,2599.1,0.115,0.153,222.1,62.5,69.7,0.348,2392.6,Dozer Line,6.5,Timber,1,Held
CA-SNF-000958,Creek Fire,CA-SNF-000958_seg_00758,2020-09-06,train,40.9,1863.9,2437.6,0.405,0.378,192.5,154.6,52.1,0.614,1707.7,Dozer Line,6.5,Timber,1,Held
CA-SNF-000958,Creek Fire,CA-SNF-000958_seg_00759,2020-09-06,train,37.4,1305.1,3556.8,0.048,0.066,222.3,39.3,87.0,0.052,3470.4,Completed Hand Line,2.0,Timber,1,Held
CA-SNF-000958,Creek Fire,CA-SNF-000958_seg_00760,2020-09-06,train,20.5,2057.4,599.1,0.809,0.242,228.0,164.1,26.1,0.898,-856.5,Completed Hand Line,2.0,Timber,0,Burned Over
CA-SNF-000958,Creek Fire,CA-SNF-000958_seg_00761,2020-09-06,train,18.7,2077.3,1596.2,0.634,0.29,224.5,130.8,3.7,0.998,455.0,Completed Hand Line,2.0,Timber,0,Burned Over
CA-SNF-000958,Creek Fire,CA-SNF-000958_seg_00762,2020-09-06,train,32.9,1995.2,1075.2,0.73,0.273,238.1,174.8,26.7,0.894,-238.3,Road as Line,9.0,Timber,0,Burned Over
CA-SNF-000958,Creek Fire,CA-SNF-000958_seg_00763,2020-09-06,train,19.7,1462.5,2004.5,0.175,0.117,233.7,70.4,73.3,0.287,1690.2,Completed Hand Line,2.0,Timber,1,Held
CA-SNF-000958,Creek Fire,CA-SNF-000958_seg_00764,2020-09-06,train,15.1,2206.9,1795.0,0.412,0.345,228.4,77.6,60.8,0.489,1053.5,Dozer Line,6.5,Timber,1,Held
CA-SNF-000958,Creek Fire,CA-SNF-000958_seg_00765,2020-09-06,train,19.9,1336.7,1553.4,0.342,0.275,248.9,83.7,75.1,0.257,938.1,Dozer Line,6.5,Timber,1,Held
CA-SNF-000958,Creek Fire,CA-SNF-000958_seg_00766,2020-09-06,train,45.5,1340.8,542.6,0.93,0.084,228.6,121.9,16.7,0.958,-1131.4,Dozer Line,6.5,Timber,0,Burned Over
CA-SNF-000958,Creek Fire,CA-SNF-000958_seg_00767,2020-09-06,train,28.1,1855.5,456.5,0.819,0.123,245.2,129.3,25.9,0.9,-1018.0,Dozer Line,6.5,Timber,0,Burned Over
CA-SNF-000958,Creek Fire,CA-SNF-000958_seg_00768,2020-09-06,train,36.1,2245.7,454.1,0.79,0.141,204.4,25.9,88.5,0.026,-968.2,Completed Hand Line,2.0,Timber,0,Burned Over
CA-SNF-000958,Creek Fire,CA-SNF-000958_seg_00769,2020-09-06,train,29.9,2260.5,696.8,0.854,0.205,224.4,170.4,36.0,0.809,-839.9,Dozer Line,6.5,Timber,1,Held
CA-SNF-000958,Creek Fire,CA-SNF-000958_seg_00770,2020-09-06,train,16.9,1348.3,1897.8,0.284,0.24,235.8,29.8,64.0,0.438,1386.0,Road as Line,9.0,Timber,1,Held
CA-SNF-000958,Creek Fire,CA-SNF-000958_seg_00771,2020-09-06,train,12.3,1468.3,673.3,0.585,0.343,194.1,161.6,57.5,0.537,-380.3,Dozer Line,6.5,Timber,1,Held
CA-SNF-000958,Creek Fire,CA-SNF-000958_seg_00772,2020-09-06,train,40.2,1376.9,736.7,0.837,0.17,193.9,123.9,20.0,0.94,-769.3,Dozer Line,6.5,Timber,0,Burned Over
CA-SNF-000958,Creek Fire,CA-SNF-000958_seg_00773,2020-09-06,train,6.2,2129.7,1324.6,0.284,0.189,248.6,100.6,57.9,0.531,813.2,Completed Hand Line,2.0,Timber,1,Held
CA-SNF-000958,Creek Fire,CA-SNF-000958_seg_00774,2020-09-06,train,15.3,2566.0,1932.8,0.225,0.274,205.6,161.0,45.4,0.702,1528.4,Dozer Line,6.5,Timber,1,Held
CA-SNF-000958,Creek Fire,CA-SNF-000958_seg_00775,2020-09-06,train,32.3,2189.8,576.9,0.706,0.314,239.5,33.3,63.8,0.441,-693.6,Dozer Line,6.5,Timber,1,Held
CA-SNF-000958,Creek Fire,CA-SNF-000958_seg_00776,2020-09-06,train,10.2,1802.5,734.8,0.577,0.245,208.8,85.2,33.6,0.833,-303.5,Road as Line,9.0,Timber,1,Held
CA-SNF-000958,Creek Fire,CA-SNF-000958_seg_00777,2020-09-06,train,23.8,1908.8,1529.4,0.723,0.179,221.6,131.2,0.4,1.0,228.1,Dozer Line,6.5,Timber,0,Burned Over
CA-SNF-000958,Creek Fire,CA-SNF-000958_seg_00778,2020-09-06,train,43.5,1497.2,418.2,0.765,0.26,222.1,31.1,79.0,0.19,-958.3,Road as Line,9.0,Timber,1,Held
CA-SNF-000958,Creek Fire,CA-SNF-000958_seg_00779,2020-09-06,train,41.6,1948.9,2927.3,0.404,0.232,195.7,148.1,42.4,0.738,2199.3,Dozer Line,6.5,Timber,1,Held
CA-SNF-000958,Creek Fire,CA-SNF-000958_seg_00780,2020-09-06,train,17.4,1559.5,1273.1,0.629,0.399,219.8,147.1,17.3,0.955,140.6,Dozer Line,6.5,Timber,1,Held
CA-SNF-000958,Creek Fire,CA-SNF-000958_seg_00781,2020-09-06,train,26.7,2182.8,3866.3,0.06,0.062,222.7,107.0,25.7,0.901,3758.6,Completed Hand Line,2.0,Timber,1,Held
CA-SNF-000958,Creek Fire,CA-SNF-000958_seg_00782,2020-09-06,train,25.8,1248.5,439.5,0.637,0.345,223.0,12.4,59.4,0.51,-707.1,Completed Hand Line,2.0,Timber,0,Burned Over
CA-SNF-000958,Creek Fire,CA-SNF-000958_seg_00783,2020-09-06,train,33.5,1772.2,297.9,0.901,0.086,223.4,147.5,14.1,0.97,-1323.6,Dozer Line,6.5,Timber,0,Burned Over
CA-SNF-000958,Creek Fire,CA-SNF-000958_seg_00784,2020-09-06,train,29.9,1908.7,1226.0,0.566,0.348,218.2,16.6,68.4,0.368,206.6,Completed Hand Line,2.0,Timber,1,Held
CA-SNF-000958,Creek Fire,CA-SNF-000958_seg_00785,2020-09-06,train,25.3,1492.2,787.6,0.583,0.223,224.3,68.4,65.9,0.408,-262.6,Road as Line,9.0,Timber,1,Held
CA-SNF-000958,Creek Fire,CA-SNF-000958_seg_00786,2020-09-06,train,27.4,1886.7,406.1,0.892,0.156,199.9,120.7,10.8,0.982,-1199.2,Dozer Line,6.5,Timber,0,Burned Over
CA-SNF-000958,Creek Fire,CA-SNF-000958_seg_00787,2020-09-06,train,3.4,1706.5,955.8,0.336,0.337,273.9,112.7,71.2,0.322,351.6,Road as Line,9.0,Timber,1,Held
CA-SNF-000958,Creek Fire,CA-SNF-000958_seg_00788,2020-09-06,train,27.1,2261.3,2936.3,0.238,0.237,228.3,124.3,13.9,0.971,2508.2,Road as Line,9.0,Timber,1,Held
CA-SNF-000958,Creek Fire,CA-SNF-000958_seg_00789,2020-09-06,train,22.0,1787.1,1976.4,0.385,0.248,261.4,130.0,41.4,0.75,1284.2,Completed Hand Line,2.0,Timber,1,Held
CA-SNF-000958,Creek Fire,CA-SNF-000958_seg_00790,2020-09-06,train,28.2,2132.1,1028.9,0.403,0.391,222.3,46.1,86.2,0.066,302.6,Dozer Line,6.5,Timber,1,Held
CA-SNF-000958,Creek Fire,CA-SNF-000958_seg_00791,2020-09-06,train,43.0,1127.1,457.6,0.754,0.187,235.3,82.7,62.7,0.459,-900.4,Dozer Line,6.5,Timber,0,Burned Over
CA-SNF-000958,Creek Fire,CA-SNF-000958_seg_00792,2020-09-06,train,22.7,2131.4,1417.8,0.388,0.373,239.9,13.8,43.9,0.72,719.3,Dozer Line,6.5,Timber,1,Held
CA-SNF-000958,Creek Fire,CA-SNF-000958_seg_00793,2020-09-06,train,21.7,2755.8,1861.0,0.284,0.32,202.5,171.7,59.2,0.512,1349.8,Dozer Line,6.5,Timber,1,Held
CA-SNF-000958,Creek Fire,CA-SNF-000958_seg_00794,2020-09-06,train,27.3,2211.7,3094.1,0.05,0.057,254.1,50.6,66.5,0.399,3003.7,Road as Line,9.0,Timber,1,Held
CA-SNF-000958,Creek Fire,CA-SNF-000958_seg_00795,2020-09-06,train,18.3,1679.3,185.7,0.784,0.224,243.5,83.0,70.5,0.334,-1225.9,Dozer Line,6.5,Timber,1,Held
CA-SNF-000958,Creek Fire,CA-SNF-000958_seg_00796,2020-09-06,train,21.4,1937.4,805.4,0.688,0.218,220.0,8.7,58.7,0.519,-433.8,Dozer Line,6.5,Timber,1,Held
CA-SNF-000958,Creek Fire,CA-SNF-000958_seg_00797,2020-09-06,train,23.2,1173.4,1578.3,0.264,0.276,211.2,51.4,69.8,0.345,1103.1,Road as Line,9.0,Timber,1,Held
CA-SNF-000958,Creek Fire,CA-SNF-000958_seg_00798,2020-09-06,train,5.0,1560.2,334.0,0.564,0.33,230.5,88.7,51.8,0.619,-681.3,Road as Line,9.0,Timber,1,Held
CA-SNF-000958,Creek Fire,CA-SNF-000958_seg_00799,2020-09-06,train,33.5,1474.0,2600.7,0.282,0.343,228.2,56.9,81.2,0.152,2092.5,Completed Hand Line,2.0,Timber,0,Burned Over
CA-SNF-000958,Creek Fire,CA-SNF-000958_seg_00800,2020-09-06,train,19.5,2094.5,1818.3,0.283,0.347,197.5,29.7,77.8,0.212,1308.5,Road as Line,9.0,Timber,1,Held
CA-SNF-000958,Creek Fire,CA-SNF-000958_seg_00801,2020-09-06,train,20.0,1099.3,480.1,0.699,0.218,235.4,26.2,60.8,0.488,-778.2,Dozer Line,6.5,Timber,1,Held
CA-SNF-000958,Creek Fire,CA-SNF-000958_seg_00802,2020-09-06,train,35.4,987.7,1757.5,0.486,0.298,234.7,93.1,51.6,0.621,883.6,Dozer Line,6.5,Timber,1,Held
CA-SNF-000958,Creek Fire,CA-SNF-000958_seg_00803,2020-09-06,train,38.0,1714.0,371.7,0.882,0.096,201.1,62.1,49.0,0.656,-1215.1,Dozer Line,6.5,Timber,0,Burned Over
CA-SNF-000958,Creek Fire,CA-SNF-000958_seg_00804,2020-09-06,train,38.2,2207.3,249.4,0.88,0.159,196.7,45.6,61.2,0.482,-1335.0,Road as Line,9.0,Timber,0,Burned Over
CA-SNF-000958,Creek Fire,CA-SNF-000958_seg_00805,2020-09-06,train,32.0,2119.1,589.9,0.758,0.308,254.4,21.3,36.9,0.8,-774.1,Dozer Line,6.5,Timber,0,Burned Over
CA-SNF-000958,Creek Fire,CA-SNF-000958_seg_00806,2020-09-06,train,23.7,1649.2,648.2,0.632,0.268,206.7,59.9,56.8,0.548,-489.4,Dozer Line,6.5,Timber,1,Held
CA-SNF-000958,Creek Fire,CA-SNF-000958_seg_00807,2020-09-06,train,39.1,1660.0,2420.9,0.111,0.102,227.0,46.0,89.0,0.017,2221.4,Dozer Line,6.5,Timber,1,Held
CA-SNF-000958,Creek Fire,CA-SNF-000958_seg_00808,2020-09-06,train,47.4,1924.0,1349.2,0.929,0.109,195.4,121.8,16.4,0.96,-322.4,Dozer Line,6.5,Timber,0,Burned Over
CA-SNF-000958,Creek Fire,CA-SNF-000958_seg_00809,2020-09-06,train,27.9,2961.4,266.8,0.862,0.111,247.6,153.2,4.4,0.997,-1285.2,Dozer Line,6.5,Timber,1,Held
CA-SNF-000958,Creek Fire,CA-SNF-000958_seg_00810,2020-09-06,train,23.2,904.3,522.8,0.764,0.299,226.4,84.9,51.5,0.622,-853.0,Completed Hand Line,2.0,Timber,0,Burned Over
CA-SNF-000958,Creek Fire,CA-SNF-000958_seg_00811,2020-09-06,train,45.0,1847.4,700.0,0.697,0.292,221.5,41.7,89.8,0.003,-554.1,Completed Hand Line,2.0,Timber,1,Held
CA-SNF-000958,Creek Fire,CA-SNF-000958_seg_00812,2020-09-06,train,19.0,1718.5,1661.1,0.254,0.326,201.7,5.3,73.6,0.283,1203.4,Dozer Line,6.5,Timber,1,Held
CA-SNF-000958,Creek Fire,CA-SNF-000958_seg_00813,2020-09-06,train,34.9,1100.9,2816.2,0.126,0.119,220.6,46.7,83.9,0.107,2588.7,Road as Line,9.0,Timber,1,Held
CA-SNF-000958,Creek Fire,CA-SNF-000958_seg_00814,2020-09-06,train,5.8,2390.8,191.4,0.709,0.265,215.5,146.3,20.8,0.935,-1085.6,Road as Line,9.0,Timber,1,Held
CA-SNF-000958,Creek Fire,CA-SNF-000958_seg_00815,2020-09-06,train,22.0,1804.1,1231.4,0.677,0.339,209.9,146.0,26.1,0.898,13.1,Dozer Line,6.5,Timber,1,Held
CA-SNF-000958,Creek Fire,CA-SNF-000958_seg_00816,2020-09-06,train,35.2,2246.0,2368.5,0.357,0.283,214.0,125.4,1.4,1.0,1726.5,Dozer Line,6.5,Timber,1,Held
CA-SNF-000958,Creek Fire,CA-SNF-000958_seg_00817,2020-09-06,train,26.9,2083.6,2787.8,0.18,0.128,244.3,167.4,13.2,0.974,2463.4,Completed Hand Line,2.0,Timber,1,Held
CA-SNF-000958,Creek Fire,CA-SNF-000958_seg_00818,2020-09-06,train,16.7,1006.4,610.9,0.807,0.143,227.0,125.5,11.5,0.98,-841.5,Dozer Line,6.5,Timber,1,Held
CA-SNF-000958,Creek Fire,CA-SNF-000958_seg_00819,2020-09-06,train,33.6,1827.7,1267.8,0.602,0.356,214.0,131.8,7.8,0.991,184.6,Dozer Line,6.5,Timber,1,Held
CA-SNF-000958,Creek Fire,CA-SNF-000958_seg_00820,2020-09-06,train,16.8,698.0,1644.2,0.379,0.294,213.8,22.6,78.8,0.195,962.6,Completed Hand Line,2.0,Timber,1,Held
CA-SNF-000958,Creek Fire,CA-SNF-000958_seg_00821,2020-09-06,train,8.4,2180.0,3524.3,0.081,0.112,214.8,140.1,15.3,0.965,3378.1,Completed Hand Line,2.0,Timber,1,Held
CA-SNF-000958,Creek Fire,CA-SNF-000958_seg_00822,2020-09-06,train,8.5,1075.7,1650.6,0.09,0.138,225.3,44.1,88.9,0.019,1488.6,Completed Hand Line,2.0,Timber,1,Held
CA-SNF-000958,Creek Fire,CA-SNF-000958_seg_00823,2020-09-06,train,37.9,1903.3,684.0,0.885,0.183,200.7,84.9,25.8,0.9,-908.1,Dozer Line,6.5,Timber,0,Burned Over
CA-SNF-000958,Creek Fire,CA-SNF-000958_seg_00824,2020-09-06,train,31.0,1329.6,881.3,0.561,0.217,217.8,49.3,78.5,0.199,-129.2,Road as Line,9.0,Timber,1,Held
CA-SNF-000958,Creek Fire,CA-SNF-000958_seg_00825,2020-09-06,train,24.0,2444.6,4016.7,0.057,0.071,249.0,155.8,3.3,0.998,3914.7,Road as Line,9.0,Timber,1,Held
CA-SNF-000958,Creek Fire,CA-SNF-000958_seg_00826,2020-09-06,train,26.2,2327.4,5000.0,0.016,0.019,232.4,21.7,59.4,0.51,4970.9,Dozer Line,6.5,Timber,1,Held
CA-SNF-000958,Creek Fire,CA-SNF-000958_seg_00827,2020-09-06,train,34.8,2092.7,224.7,0.887,0.111,203.2,90.9,22.3,0.925,-1371.1,Road as Line,9.0,Timber,0,Burned Over
CA-SNF-000958,Creek Fire,CA-SNF-000958_seg_00828,2020-09-06,train,43.4,1807.4,1021.3,0.787,0.19,192.2,138.5,36.3,0.806,-395.6,Road as Line,9.0,Timber,0,Burned Over
CA-SNF-000958,Creek Fire,CA-SNF-000958_seg_00829,2020-09-06,train,1.0,1107.4,2340.0,0.106,0.081,216.9,100.7,26.2,0.897,2148.9,Road as Line,9.0,Timber,1,Held
CA-SNF-000958,Creek Fire,CA-SNF-000958_seg_00830,2020-09-06,train,31.7,1510.6,354.7,0.76,0.247,220.2,167.7,37.5,0.794,-1012.5,Dozer Line,6.5,Timber,0,Burned Over
CA-SNF-000958,Creek Fire,CA-SNF-000958_seg_00831,2020-09-06,train,34.0,1195.3,1293.9,0.649,0.187,209.6,105.4,14.2,0.969,126.2,Road as Line,9.0,Timber,0,Burned Over
CA-SNF-000958,Creek Fire,CA-SNF-000958_seg_00832,2020-09-06,train,55.0,2031.6,1398.1,0.849,0.142,215.4,149.2,23.9,0.915,-130.9,Road as Line,9.0,Timber,0,Burned Over
CA-SNF-000958,Creek Fire,CA-SNF-000958_seg_00833,2020-09-06,train,37.0,2168.6,401.3,0.898,0.149,242.6,149.2,3.4,0.998,-1215.5,Road as Line,9.0,Timber,0,Burned Over
CA-SNF-000958,Creek Fire,CA-SNF-000958_seg_00834,2020-09-06,train,28.4,1952.1,225.2,0.823,0.177,197.4,93.6,13.7,0.971,-1256.9,Road as Line,9.0,Timber,0,Burned Over
CA-SNF-000958,Creek Fire,CA-SNF-000958_seg_00835,2020-09-06,train,23.1,1928.1,2084.6,0.202,0.221,228.6,6.6,47.9,0.67,1721.8,Completed Hand Line,2.0,Timber,1,Held
CA-SNF-000958,Creek Fire,CA-SNF-000958_seg_00836,2020-09-06,train,32.3,1617.5,835.5,0.731,0.328,215.7,125.1,0.6,1.0,-479.8,Completed Hand Line,2.0,Timber,0,Burned Over
CA-SNF-000958,Creek Fire,CA-SNF-000958_seg_00837,2020-09-06,train,30.5,2094.0,2539.6,0.108,0.119,227.6,51.6,86.1,0.069,2345.7,Dozer Line,6.5,Timber,1,Held
CA-SNF-000958,Creek Fire,CA-SNF-000958_seg_00838,2020-09-06,train,33.9,2129.2,280.4,0.827,0.183,235.9,28.8,62.9,0.455,-1208.0,Dozer Line,6.5,Timber,0,Burned Over
CA-SNF-000958,Creek Fire,CA-SNF-000958_seg_00839,2020-09-06,train,35.3,1780.9,343.8,0.939,0.069,241.3,23.8,52.5,0.608,-1345.8,Completed Hand Line,2.0,Timber,0,Burned Over
CA-SNF-000958,Creek Fire,CA-SNF-000958_seg_00840,2020-09-06,train,17.0,1884.7,504.4,0.882,0.183,241.5,171.4,19.8,0.941,-1082.7,Dozer Line,6.5,Timber,1,Held
CA-SNF-000958,Creek Fire,CA-SNF-000958_seg_00841,2020-09-06,train,1.0,1738.2,1941.5,0.317,0.332,218.3,83.1,45.3,0.704,1371.6,Dozer Line,6.5,Timber,1,Held
CA-SNF-000958,Creek Fire,CA-SNF-000958_seg_00842,2020-09-06,train,31.0,1794.0,1788.1,0.543,0.374,213.0,83.7,39.3,0.774,810.0,Dozer Line,6.5,Timber,1,Held
CA-SNF-000958,Creek Fire,CA-SNF-000958_seg_00843,2020-09-06,train,25.6,1799.3,2353.3,0.294,0.358,234.7,143.7,1.0,1.0,1824.7,Dozer Line,6.5,Timber,1,Held
CA-SNF-000958,Creek Fire,CA-SNF-000958_seg_00844,2020-09-06,train,26.4,1346.3,316.5,0.744,0.229,201.7,178.7,67.1,0.39,-1022.6,Road as Line,9.0,Timber,1,Held
CA-SNF-000958,Creek Fire,CA-SNF-000958_seg_00845,2020-09-06,train,40.9,2121.2,446.8,0.871,0.174,214.1,153.9,29.8,0.868,-1121.6,Dozer Line,6.5,Timber,0,Burned Over
CA-SNF-000958,Creek Fire,CA-SNF-000958_seg_00846,2020-09-06,train,5.9,1490.9,1653.7,0.385,0.328,243.7,132.0,21.6,0.929,960.8,Dozer Line,6.5,Timber,1,Held
CA-SNF-000958,Creek Fire,CA-SNF-000958_seg_00847,2020-09-06,train,29.8,2326.6,414.0,0.897,0.137,223.6,2.0,48.4,0.663,-1201.0,Road as Line,9.0,Timber,0,Burned Over
CA-SNF-000958,Creek Fire,CA-SNF-000958_seg_00848,2020-09-06,train,34.7,1733.7,1893.1,0.406,0.31,236.4,71.8,74.7,0.265,1162.4,Road as Line,9.0,Timber,1,Held
CA-SNF-000958,Creek Fire,CA-SNF-000958_seg_00849,2020-09-06,train,31.0,1687.4,1639.0,0.492,0.372,196.6,94.3,12.3,0.977,753.3,Dozer Line,6.5,Timber,0,Burned Over
CA-SNF-000958,Creek Fire,CA-SNF-000958_seg_00850,2020-09-06,train,27.3,1592.2,1336.1,0.708,0.239,209.1,175.9,56.8,0.547,61.8,Dozer Line,6.5,Timber,1,Held
CA-SNF-000958,Creek Fire,CA-SNF-000958_seg_00851,2020-09-06,train,38.0,1231.1,451.9,0.871,0.122,211.5,97.1,24.4,0.911,-1116.0,Dozer Line,6.5,Timber,0,Burned Over
CA-SNF-000958,Creek Fire,CA-SNF-000958_seg_00852,2020-09-06,train,30.9,1072.7,1257.2,0.535,0.25,201.2,178.3,67.1,0.388,294.5,Road as Line,9.0,Timber,0,Burned Over
CA-SNF-000958,Creek Fire,CA-SNF-000958_seg_00853,2020-09-06,train,45.3,1822.6,1259.3,0.55,0.424,199.3,6.8,77.5,0.216,268.5,Road as Line,9.0,Timber,1,Held
CA-SNF-000958,Creek Fire,CA-SNF-000958_seg_00854,2020-09-06,train,42.4,1805.8,366.4,0.81,0.213,203.9,4.1,70.2,0.339,-1091.1,Road as Line,9.0,Timber,0,Burned Over
CA-SNF-000958,Creek Fire,CA-SNF-000958_seg_00855,2020-09-06,train,9.7,1766.5,314.0,0.762,0.304,241.3,130.9,20.4,0.937,-1058.2,Road as Line,9.0,Timber,1,Held
CA-SNF-000958,Creek Fire,CA-SNF-000958_seg_00856,2020-09-06,train,14.9,1696.6,5000.0,0.013,0.022,197.4,82.4,25.1,0.906,4975.9,Completed Hand Line,2.0,Timber,1,Held
CA-SNF-000958,Creek Fire,CA-SNF-000958_seg_00857,2020-09-06,train,40.1,1661.4,1297.4,0.627,0.31,220.7,64.5,66.2,0.404,168.5,Dozer Line,6.5,Timber,1,Held
CA-SNF-000958,Creek Fire,CA-SNF-000958_seg_00858,2020-09-06,train,30.5,1745.6,1859.4,0.509,0.274,221.5,63.4,68.1,0.374,942.8,Road as Line,9.0,Timber,1,Held
CA-SNF-000958,Creek Fire,CA-SNF-000958_seg_00859,2020-09-06,train,16.8,1188.6,559.4,0.826,0.161,227.8,165.1,27.3,0.889,-927.4,Road as Line,9.0,Timber,1,Held
CA-SNF-000958,Creek Fire,CA-SNF-000958_seg_00860,2020-09-06,train,17.0,1439.8,222.0,0.703,0.198,215.0,13.4,68.4,0.367,-1043.2,Completed Hand Line,2.0,Timber,1,Held
CA-SNF-000958,Creek Fire,CA-SNF-000958_seg_00861,2020-09-06,train,14.4,1814.4,1485.8,0.409,0.234,225.9,36.7,80.8,0.159,748.9,Road as Line,9.0,Timber,1,Held
CA-SNF-000958,Creek Fire,CA-SNF-000958_seg_00862,2020-09-06,train,5.8,1501.7,1719.9,0.217,0.182,214.8,30.6,85.8,0.073,1329.0,Dozer Line,6.5,Timber,1,Held
CA-SNF-000958,Creek Fire,CA-SNF-000958_seg_00863,2020-09-06,train,38.4,1067.8,190.7,0.891,0.12,245.2,104.4,50.7,0.633,-1412.7,Road as Line,9.0,Timber,0,Burned Over
CA-SNF-000958,Creek Fire,CA-SNF-000958_seg_00864,2020-09-06,train,47.0,1867.4,594.5,0.831,0.22,239.3,27.8,58.4,0.524,-901.9,Completed Hand Line,2.0,Timber,0,Burned Over
CA-SNF-000958,Creek Fire,CA-SNF-000958_seg_00865,2020-09-06,train,28.0,1262.5,3515.0,0.132,0.182,272.0,65.4,63.4,0.449,3278.2,Road as Line,9.0,Timber,1,Held
CA-SNF-000958,Creek Fire,CA-SNF-000958_seg_00866,2020-09-06,train,30.7,1711.0,3112.2,0.078,0.084,223.9,74.7,59.2,0.512,2972.2,Completed Hand Line,2.0,Timber,1,Held
CA-SNF-000958,Creek Fire,CA-SNF-000958_seg_00867,2020-09-06,train,5.8,1655.9,800.5,0.509,0.264,256.9,128.8,38.0,0.788,-114.8,Dozer Line,6.5,Timber,0,Burned Over
CA-SNF-000958,Creek Fire,CA-SNF-000958_seg_00868,2020-09-06,train,37.8,1696.0,220.4,0.798,0.244,225.5,98.8,36.7,0.802,-1215.8,Dozer Line,6.5,Timber,0,Burned Over
CA-SNF-000958,Creek Fire,CA-SNF-000958_seg_00869,2020-09-06,train,36.3,1428.9,260.4,0.936,0.102,229.0,165.3,26.3,0.896,-1424.2,Road as Line,9.0,Timber,0,Burned Over
CA-SNF-000958,Creek Fire,CA-SNF-000958_seg_00870,2020-09-06,train,19.6,2112.2,856.7,0.528,0.21,220.4,42.6,87.9,0.037,-93.8,Completed Hand Line,2.0,Timber,1,Held
CA-SNF-000958,Creek Fire,CA-SNF-000958_seg_00871,2020-09-06,train,25.8,1229.0,221.4,0.92,0.101,221.5,134.4,2.9,0.999,-1434.5,Road as Line,9.0,Timber,0,Burned Over
CA-SNF-000958,Creek Fire,CA-SNF-000958_seg_00872,2020-09-06,train,1.0,1983.9,3346.9,0.041,0.045,207.8,29.8,88.1,0.034,3273.5,Road as Line,9.0,Timber,1,Held
CA-SNF-000958,Creek Fire,CA-SNF-000958_seg_00873,2020-09-06,train,39.2,2243.0,740.9,0.802,0.137,230.4,123.5,16.9,0.957,-703.3,Road as Line,9.0,Timber,1,Held
CA-SNF-000958,Creek Fire,CA-SNF-000958_seg_00874,2020-09-06,train,40.3,1433.2,150.8,0.947,0.051,208.9,68.7,50.2,0.64,-1553.7,Dozer Line,6.5,Timber,0,Burned Over
CA-SNF-000958,Creek Fire,CA-SNF-000958_seg_00875,2020-09-06,train,11.5,1596.5,2707.8,0.186,0.139,208.5,118.3,0.2,1.0,2372.2,Dozer Line,6.5,Timber,1,Held
CA-SNF-000958,Creek Fire,CA-SNF-000958_seg_00876,2020-09-06,train,18.5,1083.8,4787.8,0.018,0.024,200.5,125.8,15.2,0.965,4754.7,Completed Hand Line,2.0,Timber,1,Held
CA-SNF-000958,Creek Fire,CA-SNF-000958_seg_00877,2020-09-06,train,23.5,1570.5,307.0,0.823,0.148,206.0,149.1,33.2,0.837,-1175.1,Dozer Line,6.5,Timber,0,Burned Over
CA-SNF-000958,Creek Fire,CA-SNF-000958_seg_00878,2020-09-06,train,25.5,1638.8,1019.9,0.722,0.334,219.8,146.7,16.9,0.957,-279.9,Dozer Line,6.5,Timber,0,Burned Over
CA-SNF-000958,Creek Fire,CA-SNF-000958_seg_00879,2020-09-06,train,38.5,1828.0,2654.7,0.282,0.221,232.5,19.1,56.5,0.551,2147.6,Dozer Line,6.5,Timber,0,Burned Over
CA-SNF-000958,Creek Fire,CA-SNF-000958_seg_00880,2020-09-06,train,31.9,1990.0,1802.4,0.373,0.256,215.1,9.9,64.8,0.426,1131.8,Road as Line,9.0,Timber,1,Held
CA-SNF-000958,Creek Fire,CA-SNF-000958_seg_00881,2020-09-06,train,37.2,1051.6,2665.5,0.383,0.348,206.5,67.3,49.3,0.653,1976.7,Road as Line,9.0,Timber,1,Held
CA-SNF-000958,Creek Fire,CA-SNF-000958_seg_00882,2020-09-06,train,19.7,1190.7,831.1,0.522,0.202,215.7,14.7,68.9,0.359,-108.6,Dozer Line,6.5,Timber,1,Held
CA-SNF-000958,Creek Fire,CA-SNF-000958_seg_00883,2020-09-06,train,21.7,1417.8,2316.4,0.206,0.248,244.7,29.3,54.6,0.579,1945.4,Road as Line,9.0,Timber,1,Held
CA-SNF-000958,Creek Fire,CA-SNF-000958_seg_00884,2020-09-06,train,27.5,726.2,809.0,0.784,0.171,235.2,18.3,53.0,0.601,-602.2,Dozer Line,6.5,Timber,1,Held
CA-SNF-000958,Creek Fire,CA-SNF-000958_seg_00885,2020-09-06,train,48.4,1003.0,2612.5,0.316,0.182,243.1,7.6,34.5,0.824,2043.0,Dozer Line,6.5,Timber,1,Held
CA-SNF-000958,Creek Fire,CA-SNF-000958_seg_00886,2020-09-06,train,22.9,1764.0,972.3,0.593,0.23,201.7,167.2,55.5,0.566,-95.8,Dozer Line,6.5,Timber,1,Held
CA-SNF-000958,Creek Fire,CA-SNF-000958_seg_00887,2020-09-06,train,36.4,2155.2,4947.2,0.025,0.037,249.2,161.3,2.1,0.999,4902.8,Road as Line,9.0,Timber,1,Held
CA-SNF-000958,Creek Fire,CA-SNF-000958_seg_00888,2020-09-06,train,25.5,2212.0,3591.7,0.102,0.082,199.0,149.4,40.4,0.762,3408.3,Dozer Line,6.5,Timber,1,Held
CA-SNF-000958,Creek Fire,CA-SNF-000958_seg_00889,2020-09-06,train,15.2,1323.7,1470.3,0.612,0.343,240.1,161.9,11.8,0.979,368.1,Dozer Line,6.5,Timber,0,Burned Over
CA-SNF-000958,Creek Fire,CA-SNF-000958_seg_00890,2020-09-06,train,22.8,1897.9,680.3,0.561,0.319,236.8,32.8,66.0,0.407,-329.6,Road as Line,9.0,Timber,1,Held
CA-SNF-000958,Creek Fire,CA-SNF-000958_seg_00891,2020-09-06,train,30.4,1771.4,1454.3,0.451,0.368,199.4,51.2,58.2,0.527,642.1,Road as Line,9.0,Timber,1,Held
CA-SNF-000958,Creek Fire,CA-SNF-000958_seg_00892,2020-09-06,train,7.3,2141.2,1353.7,0.413,0.327,201.6,126.7,15.1,0.966,609.6,Completed Hand Line,2.0,Timber,1,Held
CA-SNF-000958,Creek Fire,CA-SNF-000958_seg_00893,2020-09-06,train,29.2,1846.2,443.8,0.744,0.229,198.6,8.8,80.2,0.171,-895.9,Dozer Line,6.5,Timber,1,Held
CA-SNF-000958,Creek Fire,CA-SNF-000958_seg_00894,2020-09-06,train,25.4,1585.5,2059.0,0.238,0.243,215.1,45.9,79.2,0.188,1631.2,Dozer Line,6.5,Timber,1,Held
CA-SNF-000958,Creek Fire,CA-SNF-000958_seg_00895,2020-09-06,train,45.9,1618.3,473.2,0.93,0.07,204.2,99.3,14.9,0.967,-1201.0,Completed Hand Line,2.0,Timber,0,Burned Over
CA-SNF-000958,Creek Fire,CA-SNF-000958_seg_00896,2020-09-06,train,15.2,1003.7,2266.7,0.275,0.324,224.5,133.2,1.3,1.0,1771.9,Road as Line,9.0,Timber,1,Held
CA-SNF-000958,Creek Fire,CA-SNF-000958_seg_00897,2020-09-06,train,31.8,1161.6,1368.3,0.634,0.338,235.9,123.2,22.7,0.922,227.8,Dozer Line,6.5,Timber,0,Burned Over
CA-SNF-000958,Creek Fire,CA-SNF-000958_seg_00898,2020-09-06,train,28.9,1855.8,169.4,0.864,0.195,204.0,111.4,2.6,0.999,-1385.7,Road as Line,9.0,Timber,0,Burned Over
CA-SNF-000958,Creek Fire,CA-SNF-000958_seg_00899,2020-09-06,train,12.5,2013.4,557.0,0.778,0.153,203.5,112.9,0.6,1.0,-843.5,Road as Line,9.0,Timber,1,Held
CA-SNF-000958,Creek Fire,CA-SNF-000958_seg_00900,2020-09-06,train,39.7,1009.6,329.6,0.79,0.211,240.1,51.4,81.3,0.151,-1092.5,Dozer Line,6.5,Timber,0,Burned Over
CA-SNF-000958,Creek Fire,CA-SNF-000958_seg_00901,2020-09-06,train,47.7,1259.7,1979.7,0.396,0.384,215.9,24.3,78.4,0.202,1266.3,Completed Hand Line,2.0,Timber,1,Held
CA-SNF-000958,Creek Fire,CA-SNF-000958_seg_00902,2020-09-06,train,38.3,1105.1,835.9,0.764,0.239,221.9,97.2,34.7,0.822,-538.7,Dozer Line,6.5,Timber,0,Burned Over
CA-SNF-000958,Creek Fire,CA-SNF-000958_seg_00903,2020-09-06,train,17.3,1158.2,789.4,0.673,0.257,214.0,141.5,17.5,0.953,-421.9,Dozer Line,6.5,Timber,0,Burned Over
CA-SNF-000958,Creek Fire,CA-SNF-000958_seg_00904,2020-09-06,train,23.0,1598.6,692.9,0.7,0.211,265.2,11.3,16.1,0.961,-566.8,Road as Line,9.0,Timber,1,Held
CA-SNF-000958,Creek Fire,CA-SNF-000958_seg_00905,2020-09-06,train,32.7,1771.6,2260.9,0.239,0.24,216.0,27.2,81.3,0.151,1830.4,Road as Line,9.0,Timber,1,Held
CA-SNF-000958,Creek Fire,CA-SNF-000958_seg_00906,2020-09-06,train,12.7,952.9,287.1,0.693,0.335,226.6,81.5,55.1,0.572,-959.7,Dozer Line,6.5,Timber,1,Held
CA-SNF-000958,Creek Fire,CA-SNF-000958_seg_00907,2020-09-06,train,33.3,1689.2,1673.2,0.352,0.277,200.8,15.8,85.0,0.088,1038.9,Dozer Line,6.5,Timber,1,Held
CA-SNF-000958,Creek Fire,CA-SNF-000958_seg_00908,2020-09-06,train,32.1,1593.3,1701.8,0.367,0.206,219.4,26.9,77.5,0.217,1040.4,Dozer Line,6.5,Timber,1,Held
CA-SNF-000958,Creek Fire,CA-SNF-000958_seg_00909,2020-09-06,train,44.1,1614.5,2039.1,0.754,0.296,214.7,130.6,5.9,0.995,681.0,Dozer Line,6.5,Timber,1,Held
CA-SNF-000958,Creek Fire,CA-SNF-000958_seg_00910,2020-09-06,train,20.3,2083.1,1573.6,0.224,0.286,224.1,40.0,85.9,0.071,1170.1,Dozer Line,6.5,Timber,1,Held
CA-SNF-000958,Creek Fire,CA-SNF-000958_seg_00911,2020-09-06,train,21.4,1032.3,1844.3,0.248,0.323,228.1,54.7,83.4,0.114,1397.1,Dozer Line,6.5,Timber,1,Held
CA-SNF-000958,Creek Fire,CA-SNF-000958_seg_00912,2020-09-06,train,17.9,2432.8,1023.4,0.514,0.44,190.9,162.2,61.3,0.48,97.8,Completed Hand Line,2.0,Timber,1,Held
CA-SNF-000958,Creek Fire,CA-SNF-000958_seg_00913,2020-09-06,train,53.5,1228.7,896.5,0.68,0.269,224.7,61.9,72.8,0.296,-327.9,Dozer Line,6.5,Timber,1,Held
CA-SNF-000958,Creek Fire,CA-SNF-000958_seg_00914,2020-09-06,train,28.7,1323.6,661.1,0.83,0.212,229.6,169.9,30.3,0.863,-833.7,Road as Line,9.0,Timber,0,Burned Over
CA-SNF-000958,Creek Fire,CA-SNF-000958_seg_00915,2020-09-06,train,1.0,1641.7,343.7,0.782,0.158,207.6,148.3,30.7,0.86,-1063.3,Dozer Line,6.5,Timber,1,Held
CA-SNF-000958,Creek Fire,CA-SNF-000958_seg_00916,2020-09-06,train,28.9,1148.2,397.8,0.842,0.14,226.1,100.3,35.8,0.811,-1117.0,Dozer Line,6.5,Timber,0,Burned Over
CA-SNF-000958,Creek Fire,CA-SNF-000958_seg_00917,2020-09-06,train,52.0,2066.4,5000.0,0.028,0.032,198.9,28.6,80.3,0.169,4950.1,Dozer Line,6.5,Timber,1,Held
CA-SNF-000958,Creek Fire,CA-SNF-000958_seg_00918,2020-09-06,train,22.3,1179.3,1580.0,0.382,0.346,211.9,57.8,64.1,0.437,891.7,Dozer Line,6.5,Timber,1,Held
CA-SNF-000958,Creek Fire,CA-SNF-000958_seg_00919,2020-09-06,train,7.3,1335.9,743.2,0.688,0.251,211.7,129.0,7.3,0.992,-495.2,Road as Line,9.0,Timber,1,Held
CA-SNF-000958,Creek Fire,CA-SNF-000958_seg_00920,2020-09-06,train,23.6,1588.4,1643.2,0.512,0.438,234.4,151.5,7.1,0.992,721.0,Dozer Line,6.5,Timber,1,Held
CA-SNF-000958,Creek Fire,CA-SNF-000958_seg_00921,2020-09-06,train,21.7,1709.0,677.1,0.509,0.295,186.2,166.0,69.8,0.346,-239.6,Dozer Line,6.5,Timber,1,Held
CA-SNF-000958,Creek Fire,CA-SNF-000958_seg_00922,2020-09-06,train,22.8,1914.6,1287.1,0.653,0.336,183.8,107.1,13.3,0.973,111.4,Dozer Line,6.5,Timber,1,Held
CA-SNF-000958,Creek Fire,CA-SNF-000958_seg_00923,2020-09-06,train,40.3,1557.8,1318.1,0.558,0.22,232.3,81.2,61.1,0.483,313.3,Road as Line,9.0,Timber,1,Held
CA-SNF-000958,Creek Fire,CA-SNF-000958_seg_00924,2020-09-06,train,34.7,1536.3,973.0,0.7,0.243,218.3,108.0,20.3,0.938,-286.6,Road as Line,9.0,Timber,1,Held
CA-SNF-000958,Creek Fire,CA-SNF-000958_seg_00925,2020-09-06,train,23.5,1160.0,925.9,0.725,0.358,180.0,150.8,60.8,0.488,-379.0,Completed Hand Line,2.0,Timber,1,Held
CA-SNF-000958,Creek Fire,CA-SNF-000958_seg_00926,2020-09-06,train,19.0,1234.3,881.3,0.458,0.23,233.9,45.9,82.0,0.14,57.2,Completed Hand Line,2.0,Timber,1,Held
CA-SNF-000958,Creek Fire,CA-SNF-000958_seg_00927,2020-09-06,train,22.3,1905.5,397.3,0.654,0.307,232.1,28.8,66.7,0.396,-779.3,Completed Hand Line,2.0,Timber,1,Held
CA-SNF-000958,Creek Fire,CA-SNF-000958_seg_00928,2020-09-06,train,31.3,1706.4,3562.7,0.03,0.029,216.7,56.2,70.5,0.334,3509.1,Dozer Line,6.5,Timber,1,Held
CA-SNF-000958,Creek Fire,CA-SNF-000958_seg_00929,2020-09-06,train,13.3,1567.1,171.8,0.733,0.352,203.1,1.1,68.0,0.375,-1148.2,Road as Line,9.0,Timber,1,Held
CA-SNF-000958,Creek Fire,CA-SNF-000958_seg_00930,2020-09-06,train,23.8,2050.3,362.2,0.802,0.146,259.1,129.1,40.0,0.766,-1081.5,Completed Hand Line,2.0,Timber,0,Burned Over
CA-SNF-000958,Creek Fire,CA-SNF-000958_seg_00931,2020-09-06,train,36.4,2036.6,2498.4,0.216,0.226,180.0,167.0,77.1,0.224,2110.2,Dozer Line,6.5,Timber,1,Held
CA-SNF-000958,Creek Fire,CA-SNF-000958_seg_00932,2020-09-06,train,32.4,1868.3,1245.6,0.738,0.213,221.0,142.3,11.3,0.981,-82.0,Road as Line,9.0,Timber,0,Burned Over
CA-SNF-000958,Creek Fire,CA-SNF-000958_seg_00933,2020-09-06,train,28.8,1420.3,2914.7,0.278,0.167,177.6,136.9,49.3,0.653,2414.3,Dozer Line,6.5,Timber,1,Held
CA-SNF-000958,Creek Fire,CA-SNF-000958_seg_00934,2020-09-06,train,33.6,1783.3,426.2,0.896,0.1,200.4,164.5,54.1,0.586,-1186.6,Completed Hand Line,2.0,Timber,0,Burned Over
CA-SNF-000958,Creek Fire,CA-SNF-000958_seg_00935,2020-09-06,train,24.8,1291.8,830.9,0.851,0.125,262.6,154.8,17.8,0.952,-700.3,Dozer Line,6.5,Timber,0,Burned Over
CA-SNF-000958,Creek Fire,CA-SNF-000958_seg_00936,2020-09-06,train,24.3,1480.9,173.0,0.818,0.153,190.0,136.3,36.3,0.806,-1298.6,Dozer Line,6.5,Timber,0,Burned Over
CA-SNF-000958,Creek Fire,CA-SNF-000958_seg_00937,2020-09-06,train,31.6,2024.3,666.2,0.915,0.106,182.7,60.8,31.8,0.849,-980.1,Road as Line,9.0,Timber,0,Burned Over
CA-SNF-000958,Creek Fire,CA-SNF-000958_seg_00938,2020-09-06,train,39.3,1942.4,1836.4,0.494,0.413,232.0,89.9,52.1,0.614,947.1,Dozer Line,6.5,Timber,1,Held
CA-SNF-000958,Creek Fire,CA-SNF-000958_seg_00939,2020-09-06,train,26.3,1163.5,1029.9,0.717,0.205,201.1,83.0,28.1,0.882,-261.0,Road as Line,9.0,Timber,1,Held
CA-SNF-000958,Creek Fire,CA-SNF-000958_seg_00940,2020-09-06,train,21.3,1679.0,1236.5,0.402,0.388,207.9,46.2,71.6,0.315,512.6,Road as Line,9.0,Timber,1,Held
CA-SNF-000958,Creek Fire,CA-SNF-000958_seg_00941,2020-09-06,train,19.4,1730.7,2466.9,0.384,0.192,229.8,141.6,1.8,0.999,1775.8,Completed Hand Line,2.0,Timber,1,Held
CA-SNF-000958,Creek Fire,CA-SNF-000958_seg_00942,2020-09-06,train,23.9,1722.6,454.2,0.801,0.282,233.5,13.5,50.0,0.642,-987.7,Dozer Line,6.5,Timber,1,Held
CA-SNF-000958,Creek Fire,CA-SNF-000958_seg_00943,2020-09-06,train,23.7,2136.4,243.0,0.8,0.142,247.2,28.1,50.9,0.63,-1197.7,Completed Hand Line,2.0,Timber,0,Burned Over
CA-SNF-000958,Creek Fire,CA-SNF-000958_seg_00944,2020-09-06,train,15.7,1778.4,2230.1,0.197,0.129,234.3,147.5,3.2,0.998,1875.5,Completed Hand Line,2.0,Timber,0,Burned Over
CA-SNF-000958,Creek Fire,CA-SNF-000958_seg_00945,2020-09-06,train,24.0,1485.7,937.5,0.421,0.288,175.6,176.6,89.0,0.017,179.0,Road as Line,9.0,Timber,1,Held
CA-SNF-000958,Creek Fire,CA-SNF-000958_seg_00946,2020-09-06,train,38.0,1704.4,1202.6,0.713,0.201,215.2,176.0,50.8,0.632,-80.7,Dozer Line,6.5,Timber,1,Held
CA-SNF-000958,Creek Fire,CA-SNF-000958_seg_00947,2020-09-06,train,22.6,1584.3,737.2,0.676,0.371,168.5,91.6,13.1,0.974,-480.2,Completed Hand Line,2.0,Timber,0,Burned Over
CA-SNF-000958,Creek Fire,CA-SNF-000958_seg_00948,2020-09-06,train,10.2,1290.9,3108.2,0.076,0.111,207.6,65.5,52.1,0.614,2970.9,Dozer Line,6.5,Timber,1,Held
CA-SNF-000958,Creek Fire,CA-SNF-000958_seg_00949,2020-09-06,train,40.2,1326.0,4175.1,0.036,0.055,213.9,17.3,73.3,0.287,4111.0,Road as Line,9.0,Timber,1,Held
CA-SNF-000958,Creek Fire,CA-SNF-000958_seg_00950,2020-09-06,train,23.6,2081.4,1002.1,0.428,0.364,204.7,61.3,53.4,0.596,230.8,Dozer Line,6.5,Timber,1,Held
CA-MEU-008674,Mendocino Complex,CA-MEU-008674_seg_00001,2018-08-04,val,16.4,465.3,3561.9,0.029,0.036,91.4,85.4,84.0,0.105,3509.0,Road as Line,9.0,Grass/Brush,1,Held
CA-MEU-008674,Mendocino Complex,CA-MEU-008674_seg_00002,2018-08-04,val,3.0,1152.9,5000.0,0.006,0.007,136.5,164.8,61.7,0.474,4989.5,Dozer Line,6.5,Grass/Brush,1,Held
CA-MEU-008674,Mendocino Complex,CA-MEU-008674_seg_00003,2018-08-04,val,9.3,1053.3,1888.9,0.243,0.307,138.2,159.3,68.9,0.36,1452.1,Dozer Line,6.5,Grass/Brush,1,Held
CA-MEU-008674,Mendocino Complex,CA-MEU-008674_seg_00004,2018-08-04,val,11.1,836.2,1200.7,0.648,0.2,148.0,46.7,11.3,0.981,34.0,Dozer Line,6.5,Grass/Brush,0,Burned Over
CA-MEU-008674,Mendocino Complex,CA-MEU-008674_seg_00005,2018-08-04,val,25.5,805.8,612.3,0.786,0.177,177.8,45.5,42.3,0.74,-802.3,Road as Line,9.0,Grass/Brush,1,Held
CA-MEU-008674,Mendocino Complex,CA-MEU-008674_seg_00006,2018-08-04,val,17.6,827.8,1514.4,0.219,0.191,149.7,130.5,70.8,0.328,1119.9,Dozer Line,6.5,Grass/Brush,1,Held
CA-MEU-008674,Mendocino Complex,CA-MEU-008674_seg_00007,2018-08-04,val,19.3,1126.4,543.6,0.546,0.438,153.4,146.7,83.2,0.118,-439.0,Dozer Line,6.5,Grass/Brush,1,Held
CA-MEU-008674,Mendocino Complex,CA-MEU-008674_seg_00008,2018-08-04,val,26.2,951.7,1192.0,0.561,0.258,160.6,166.5,84.1,0.102,182.6,Dozer Line,6.5,Grass/Brush,1,Held
CA-MEU-008674,Mendocino Complex,CA-MEU-008674_seg_00009,2018-08-04,val,22.2,1411.6,185.5,0.744,0.337,152.4,146.1,83.6,0.111,-1153.9,Road as Line,9.0,Grass/Brush,1,Held
CA-MEU-008674,Mendocino Complex,CA-MEU-008674_seg_00010,2018-08-04,val,14.6,983.0,1621.2,0.201,0.136,159.2,145.9,76.8,0.229,1259.6,Road as Line,9.0,Grass/Brush,1,Held
CA-MEU-008674,Mendocino Complex,CA-MEU-008674_seg_00011,2018-08-04,val,26.6,889.3,828.5,0.764,0.215,154.9,113.7,48.8,0.659,-547.3,Dozer Line,6.5,Grass/Brush,0,Burned Over
CA-MEU-008674,Mendocino Complex,CA-MEU-008674_seg_00012,2018-08-04,val,17.8,1495.0,828.5,0.727,0.329,163.7,70.9,2.7,0.999,-480.3,Dozer Line,6.5,Grass/Brush,0,Burned Over
CA-MEU-008674,Mendocino Complex,CA-MEU-008674_seg_00013,2018-08-04,val,14.6,583.4,1233.6,0.336,0.347,156.4,20.1,46.3,0.691,629.3,Dozer Line,6.5,Grass/Brush,1,Held
CA-MEU-008674,Mendocino Complex,CA-MEU-008674_seg_00014,2018-08-04,val,20.3,988.6,205.2,0.814,0.254,153.2,88.1,24.8,0.908,-1259.4,Dozer Line,6.5,Grass/Brush,0,Burned Over
CA-MEU-008674,Mendocino Complex,CA-MEU-008674_seg_00015,2018-08-04,val,32.4,808.3,1355.6,0.738,0.2,153.9,85.6,21.7,0.929,26.9,Road as Line,9.0,Grass/Brush,1,Held
CA-MEU-008674,Mendocino Complex,CA-MEU-008674_seg_00016,2018-08-04,val,24.0,900.0,706.7,0.479,0.347,143.8,155.2,78.6,0.198,-154.7,Road as Line,9.0,Grass/Brush,1,Held
CA-MEU-008674,Mendocino Complex,CA-MEU-008674_seg_00017,2018-08-04,val,27.8,606.5,393.2,0.868,0.095,183.1,115.4,22.3,0.925,-1169.3,Dozer Line,6.5,Grass/Brush,0,Burned Over
CA-MEU-008674,Mendocino Complex,CA-MEU-008674_seg_00018,2018-08-04,val,15.5,853.6,2396.0,0.136,0.108,140.6,15.3,35.3,0.817,2151.1,Dozer Line,6.5,Grass/Brush,1,Held
CA-MEU-008674,Mendocino Complex,CA-MEU-008674_seg_00019,2018-08-04,val,19.9,756.5,289.6,0.871,0.131,158.5,39.3,29.2,0.873,-1277.4,Dozer Line,6.5,Grass/Brush,0,Burned Over
CA-MEU-008674,Mendocino Complex,CA-MEU-008674_seg_00020,2018-08-04,val,8.4,660.5,3029.3,0.083,0.099,150.2,173.9,66.3,0.402,2880.2,Dozer Line,6.5,Grass/Brush,1,Held
CA-MEU-008674,Mendocino Complex,CA-MEU-008674_seg_00021,2018-08-04,val,16.9,1148.8,205.1,0.677,0.315,156.6,11.9,54.7,0.578,-1013.4,Dozer Line,6.5,Grass/Brush,1,Held
CA-MEU-008674,Mendocino Complex,CA-MEU-008674_seg_00022,2018-08-04,val,18.5,917.9,425.3,0.704,0.259,122.0,81.9,49.9,0.644,-841.8,Road as Line,9.0,Grass/Brush,1,Held
CA-MEU-008674,Mendocino Complex,CA-MEU-008674_seg_00023,2018-08-04,val,18.4,1048.7,669.3,0.735,0.22,160.6,151.5,80.9,0.159,-653.3,Dozer Line,6.5,Grass/Brush,1,Held
CA-MEU-008674,Mendocino Complex,CA-MEU-008674_seg_00024,2018-08-04,val,11.2,1110.0,1016.0,0.508,0.417,140.2,86.3,36.0,0.809,102.5,Dozer Line,6.5,Grass/Brush,1,Held
CA-MEU-008674,Mendocino Complex,CA-MEU-008674_seg_00025,2018-08-04,val,12.0,715.9,488.4,0.479,0.385,170.0,177.5,82.5,0.13,-374.1,Dozer Line,6.5,Grass/Brush,1,Held
CA-MEU-008674,Mendocino Complex,CA-MEU-008674_seg_00026,2018-08-04,val,10.9,1636.0,1110.4,0.276,0.359,126.7,160.0,56.7,0.548,613.4,Dozer Line,6.5,Grass/Brush,1,Held
CA-MEU-008674,Mendocino Complex,CA-MEU-008674_seg_00027,2018-08-04,val,17.7,917.0,707.8,0.73,0.225,181.6,112.7,21.1,0.933,-607.1,Dozer Line,6.5,Grass/Brush,1,Held
CA-MEU-008674,Mendocino Complex,CA-MEU-008674_seg_00028,2018-08-04,val,13.9,843.5,1406.3,0.268,0.274,172.0,150.0,68.0,0.375,924.7,Dozer Line,6.5,Grass/Brush,1,Held
CA-MEU-008674,Mendocino Complex,CA-MEU-008674_seg_00029,2018-08-04,val,14.7,1317.8,488.7,0.638,0.246,161.8,29.7,42.1,0.742,-659.0,Dozer Line,6.5,Grass/Brush,1,Held
CA-MEU-008674,Mendocino Complex,CA-MEU-008674_seg_00030,2018-08-04,val,15.3,768.9,2112.3,0.201,0.239,169.7,63.6,16.1,0.961,1749.6,Dozer Line,6.5,Grass/Brush,1,Held
CA-MEU-008674,Mendocino Complex,CA-MEU-008674_seg_00031,2018-08-04,val,10.7,1094.2,267.7,0.772,0.145,167.6,64.3,13.3,0.973,-1122.4,Dozer Line,6.5,Grass/Brush,0,Burned Over
CA-MEU-008674,Mendocino Complex,CA-MEU-008674_seg_00032,2018-08-04,val,19.5,896.7,2461.6,0.136,0.201,159.5,179.4,70.1,0.341,2216.9,Dozer Line,6.5,Grass/Brush,1,Held
CA-MEU-008674,Mendocino Complex,CA-MEU-008674_seg_00033,2018-08-04,val,19.0,1037.5,3033.5,0.15,0.193,136.0,174.2,51.8,0.619,2762.8,Dozer Line,6.5,Grass/Brush,1,Held
CA-MEU-008674,Mendocino Complex,CA-MEU-008674_seg_00034,2018-08-04,val,9.5,1008.9,1210.9,0.408,0.259,117.2,159.3,47.9,0.67,476.6,Road as Line,9.0,Grass/Brush,1,Held
CA-MEU-008674,Mendocino Complex,CA-MEU-008674_seg_00035,2018-08-04,val,17.5,729.2,1070.9,0.578,0.241,110.5,154.4,46.1,0.694,30.2,Dozer Line,6.5,Grass/Brush,1,Held
CA-MEU-008674,Mendocino Complex,CA-MEU-008674_seg_00036,2018-08-04,val,10.5,1056.6,274.4,0.793,0.191,127.6,156.3,61.4,0.479,-1152.5,Dozer Line,6.5,Grass/Brush,1,Held
CA-MEU-008674,Mendocino Complex,CA-MEU-008674_seg_00037,2018-08-04,val,16.2,438.4,645.8,0.75,0.246,156.4,60.6,5.8,0.995,-704.6,Dozer Line,6.5,Grass/Brush,0,Burned Over
CA-MEU-008674,Mendocino Complex,CA-MEU-008674_seg_00038,2018-08-04,val,8.7,485.3,986.1,0.676,0.249,127.2,47.1,10.0,0.985,-231.0,Road as Line,9.0,Grass/Brush,1,Held
CA-MEU-008674,Mendocino Complex,CA-MEU-008674_seg_00039,2018-08-04,val,29.3,765.6,2389.6,0.126,0.103,148.1,159.3,78.8,0.194,2163.6,Dozer Line,6.5,Grass/Brush,1,Held
CA-MEU-008674,Mendocino Complex,CA-MEU-008674_seg_00040,2018-08-04,val,24.3,868.6,2431.9,0.234,0.284,134.4,79.9,35.5,0.814,2010.2,Dozer Line,6.5,Grass/Brush,0,Burned Over
CA-MEU-008674,Mendocino Complex,CA-MEU-008674_seg_00041,2018-08-04,val,22.6,691.8,2499.1,0.17,0.206,118.5,91.9,63.5,0.447,2193.7,Dozer Line,6.5,Grass/Brush,1,Held
CA-MEU-008674,Mendocino Complex,CA-MEU-008674_seg_00042,2018-08-04,val,10.4,881.5,965.5,0.619,0.276,121.7,89.4,57.6,0.535,-148.3,Road as Line,9.0,Grass/Brush,1,Held
CA-MEU-008674,Mendocino Complex,CA-MEU-008674_seg_00043,2018-08-04,val,22.4,369.7,2157.1,0.313,0.304,150.3,132.6,72.3,0.304,1594.3,Dozer Line,6.5,Grass/Brush,1,Held
CA-MEU-008674,Mendocino Complex,CA-MEU-008674_seg_00044,2018-08-04,val,23.8,729.5,1101.3,0.72,0.245,138.7,177.0,51.7,0.62,-193.8,Road as Line,9.0,Grass/Brush,0,Burned Over
CA-MEU-008674,Mendocino Complex,CA-MEU-008674_seg_00045,2018-08-04,val,22.5,1066.0,1145.1,0.495,0.322,157.0,35.5,31.4,0.853,253.4,Dozer Line,6.5,Grass/Brush,1,Held
CA-MEU-008674,Mendocino Complex,CA-MEU-008674_seg_00046,2018-08-04,val,8.6,1338.9,826.5,0.54,0.204,147.2,139.8,82.5,0.13,-144.8,Dozer Line,6.5,Grass/Brush,1,Held
CA-MEU-008674,Mendocino Complex,CA-MEU-008674_seg_00047,2018-08-04,val,17.3,1150.9,757.6,0.627,0.253,152.3,122.3,60.0,0.5,-370.6,Dozer Line,6.5,Grass/Brush,1,Held
CA-MEU-008674,Mendocino Complex,CA-MEU-008674_seg_00048,2018-08-04,val,26.1,799.9,2201.9,0.19,0.18,165.3,167.2,88.1,0.033,1859.1,Dozer Line,6.5,Grass/Brush,1,Held
CA-MEU-008674,Mendocino Complex,CA-MEU-008674_seg_00049,2018-08-04,val,13.6,681.0,3236.6,0.019,0.023,166.0,149.5,73.5,0.283,3202.8,Dozer Line,6.5,Grass/Brush,1,Held
CA-MEU-008674,Mendocino Complex,CA-MEU-008674_seg_00050,2018-08-04,val,31.3,369.0,1592.2,0.467,0.326,163.3,118.4,45.2,0.705,751.4,Dozer Line,6.5,Grass/Brush,1,Held
CA-MEU-008674,Mendocino Complex,CA-MEU-008674_seg_00051,2018-08-04,val,19.0,1626.2,265.4,0.689,0.182,116.3,133.9,72.4,0.303,-974.4,Dozer Line,6.5,Grass/Brush,1,Held
CA-MEU-008674,Mendocino Complex,CA-MEU-008674_seg_00052,2018-08-04,val,24.9,709.1,357.3,0.794,0.227,131.5,57.8,16.3,0.96,-1071.1,Dozer Line,6.5,Grass/Brush,0,Burned Over
CA-MEU-008674,Mendocino Complex,CA-MEU-008674_seg_00053,2018-08-04,val,8.5,913.9,2601.4,0.078,0.095,139.7,173.8,55.9,0.56,2461.6,Completed Hand Line,2.0,Grass/Brush,0,Burned Over
CA-MEU-008674,Mendocino Complex,CA-MEU-008674_seg_00054,2018-08-04,val,15.1,490.9,260.5,0.862,0.161,126.0,4.4,31.6,0.851,-1291.2,Dozer Line,6.5,Grass/Brush,1,Held
CA-MEU-008674,Mendocino Complex,CA-MEU-008674_seg_00055,2018-08-04,val,20.0,871.9,209.6,0.816,0.222,140.1,73.1,23.0,0.92,-1258.4,Dozer Line,6.5,Grass/Brush,0,Burned Over
CA-MEU-008674,Mendocino Complex,CA-MEU-008674_seg_00056,2018-08-04,val,27.3,865.2,152.9,0.856,0.168,142.9,33.3,19.6,0.942,-1388.0,Dozer Line,6.5,Grass/Brush,0,Burned Over
CA-MEU-008674,Mendocino Complex,CA-MEU-008674_seg_00057,2018-08-04,val,15.3,1168.0,1051.5,0.704,0.275,140.2,110.7,60.5,0.492,-216.3,Road as Line,9.0,Grass/Brush,1,Held
CA-MEU-008674,Mendocino Complex,CA-MEU-008674_seg_00058,2018-08-04,val,24.6,494.4,2374.3,0.341,0.232,151.7,49.1,12.5,0.976,1759.6,Dozer Line,6.5,Grass/Brush,1,Held
CA-MEU-008674,Mendocino Complex,CA-MEU-008674_seg_00059,2018-08-04,val,10.9,838.1,541.0,0.639,0.248,147.1,52.6,4.6,0.997,-610.0,Dozer Line,6.5,Grass/Brush,0,Burned Over
CA-MEU-008674,Mendocino Complex,CA-MEU-008674_seg_00060,2018-08-04,val,6.2,895.8,1247.4,0.246,0.259,136.4,137.1,89.4,0.011,803.9,Road as Line,9.0,Grass/Brush,1,Held
CA-MEU-008674,Mendocino Complex,CA-MEU-008674_seg_00061,2018-08-04,val,15.7,582.0,532.0,0.563,0.326,134.2,153.9,70.4,0.336,-480.7,Road as Line,9.0,Grass/Brush,1,Held
CA-MEU-008674,Mendocino Complex,CA-MEU-008674_seg_00062,2018-08-04,val,24.4,583.9,1160.1,0.479,0.402,145.6,176.9,58.7,0.519,297.4,Dozer Line,6.5,Grass/Brush,1,Held
CA-MEU-008674,Mendocino Complex,CA-MEU-008674_seg_00063,2018-08-04,val,25.6,1071.7,348.7,0.892,0.15,124.3,1.8,32.4,0.844,-1256.6,Road as Line,9.0,Grass/Brush,0,Burned Over
CA-MEU-008674,Mendocino Complex,CA-MEU-008674_seg_00064,2018-08-04,val,35.3,775.8,800.2,0.833,0.245,174.2,69.9,14.3,0.969,-698.4,Dozer Line,6.5,Grass/Brush,0,Burned Over
CA-MEU-008674,Mendocino Complex,CA-MEU-008674_seg_00065,2018-08-04,val,27.4,1141.0,1462.3,0.416,0.351,118.1,26.3,1.8,0.999,713.2,Dozer Line,6.5,Grass/Brush,1,Held
CA-MEU-008674,Mendocino Complex,CA-MEU-008674_seg_00066,2018-08-04,val,15.1,1003.0,948.6,0.633,0.414,135.2,37.4,7.8,0.991,-190.0,Road as Line,9.0,Grass/Brush,1,Held
CA-MEU-008674,Mendocino Complex,CA-MEU-008674_seg_00067,2018-08-04,val,18.3,630.3,1032.8,0.579,0.208,139.1,159.0,70.1,0.341,-9.9,Dozer Line,6.5,Grass/Brush,1,Held
CA-MEU-008674,Mendocino Complex,CA-MEU-008674_seg_00068,2018-08-04,val,3.7,626.6,1943.0,0.181,0.217,134.8,58.6,13.8,0.971,1617.9,Road as Line,9.0,Grass/Brush,1,Held
CA-MEU-008674,Mendocino Complex,CA-MEU-008674_seg_00069,2018-08-04,val,17.9,516.1,2763.2,0.267,0.182,129.7,0.4,39.3,0.774,2282.0,Dozer Line,6.5,Grass/Brush,1,Held
CA-MEU-008674,Mendocino Complex,CA-MEU-008674_seg_00070,2018-08-04,val,23.4,836.0,440.2,0.758,0.232,137.8,108.3,60.5,0.492,-924.5,Dozer Line,6.5,Grass/Brush,0,Burned Over
CA-MEU-008674,Mendocino Complex,CA-MEU-008674_seg_00071,2018-08-04,val,29.4,519.7,384.6,0.759,0.326,160.6,143.9,73.3,0.287,-981.4,Dozer Line,6.5,Grass/Brush,1,Held
CA-MEU-008674,Mendocino Complex,CA-MEU-008674_seg_00072,2018-08-04,val,21.9,1052.0,623.1,0.701,0.371,144.0,9.1,44.9,0.708,-638.0,Dozer Line,6.5,Grass/Brush,1,Held
CA-MEU-008674,Mendocino Complex,CA-MEU-008674_seg_00073,2018-08-04,val,23.7,714.7,454.0,0.658,0.191,168.3,18.2,60.0,0.5,-731.2,Dozer Line,6.5,Grass/Brush,1,Held
CA-MEU-008674,Mendocino Complex,CA-MEU-008674_seg_00074,2018-08-04,val,22.1,915.6,2580.2,0.17,0.213,129.3,101.3,62.0,0.469,2274.0,Dozer Line,6.5,Grass/Brush,1,Held
CA-MEU-008674,Mendocino Complex,CA-MEU-008674_seg_00075,2018-08-04,val,16.0,821.0,428.6,0.786,0.141,148.9,50.2,8.7,0.989,-986.9,Completed Hand Line,2.0,Grass/Brush,0,Burned Over
CA-MEU-008674,Mendocino Complex,CA-MEU-008674_seg_00076,2018-08-04,val,24.1,1278.1,692.4,0.708,0.221,155.8,7.8,58.0,0.53,-582.6,Dozer Line,6.5,Grass/Brush,0,Burned Over
CA-MEU-008674,Mendocino Complex,CA-MEU-008674_seg_00077,2018-08-04,val,13.5,1148.5,689.0,0.391,0.222,135.3,138.0,87.3,0.047,-15.5,Dozer Line,6.5,Grass/Brush,1,Held
CA-MEU-008674,Mendocino Complex,CA-MEU-008674_seg_00078,2018-08-04,val,25.6,260.2,441.4,0.676,0.218,169.5,144.3,64.9,0.425,-774.6,Dozer Line,6.5,Grass/Brush,0,Burned Over
CA-MEU-008674,Mendocino Complex,CA-MEU-008674_seg_00079,2018-08-04,val,20.0,300.6,308.2,0.738,0.27,157.7,129.5,61.8,0.473,-1020.2,Dozer Line,6.5,Grass/Brush,1,Held
CA-MEU-008674,Mendocino Complex,CA-MEU-008674_seg_00080,2018-08-04,val,23.4,568.2,2103.0,0.499,0.271,156.7,51.8,15.0,0.966,1205.1,Dozer Line,6.5,Grass/Brush,1,Held
CA-MEU-008674,Mendocino Complex,CA-MEU-008674_seg_00081,2018-08-04,val,20.8,827.5,547.5,0.699,0.258,153.9,22.7,41.2,0.753,-710.0,Dozer Line,6.5,Grass/Brush,0,Burned Over
CA-MEU-008674,Mendocino Complex,CA-MEU-008674_seg_00082,2018-08-04,val,20.8,883.3,677.7,0.726,0.188,129.2,74.5,35.3,0.816,-628.7,Dozer Line,6.5,Grass/Brush,1,Held
CA-MEU-008674,Mendocino Complex,CA-MEU-008674_seg_00083,2018-08-04,val,19.0,713.0,482.4,0.699,0.181,134.4,9.7,34.7,0.823,-775.2,Dozer Line,6.5,Grass/Brush,1,Held
CA-MEU-008674,Mendocino Complex,CA-MEU-008674_seg_00084,2018-08-04,val,13.8,1037.3,2364.0,0.073,0.088,141.5,134.7,83.2,0.119,2232.0,Dozer Line,6.5,Grass/Brush,1,Held
CA-MEU-008674,Mendocino Complex,CA-MEU-008674_seg_00085,2018-08-04,val,19.2,938.6,1586.1,0.484,0.417,166.5,32.0,44.5,0.713,715.2,Dozer Line,6.5,Grass/Brush,0,Burned Over
CA-MEU-008674,Mendocino Complex,CA-MEU-008674_seg_00086,2018-08-04,val,27.4,543.6,463.1,0.744,0.273,145.2,103.4,48.2,0.667,-875.5,Dozer Line,6.5,Grass/Brush,0,Burned Over
CA-MEU-008674,Mendocino Complex,CA-MEU-008674_seg_00087,2018-08-04,val,1.0,642.4,800.8,0.35,0.283,143.3,156.8,76.5,0.233,170.7,Dozer Line,6.5,Grass/Brush,1,Held
CA-MEU-008674,Mendocino Complex,CA-MEU-008674_seg_00088,2018-08-04,val,17.7,784.6,754.9,0.839,0.214,146.9,48.9,8.0,0.99,-755.8,Dozer Line,6.5,Grass/Brush,0,Burned Over
CA-MEU-008674,Mendocino Complex,CA-MEU-008674_seg_00089,2018-08-04,val,16.3,720.9,235.6,0.525,0.28,156.8,6.2,60.5,0.492,-709.0,Dozer Line,6.5,Grass/Brush,1,Held
CA-MEU-008674,Mendocino Complex,CA-MEU-008674_seg_00090,2018-08-04,val,23.5,1139.3,745.8,0.807,0.278,140.0,34.3,15.8,0.962,-706.1,Dozer Line,6.5,Grass/Brush,1,Held
CA-MEU-008674,Mendocino Complex,CA-MEU-008674_seg_00091,2018-08-04,val,11.5,786.0,901.6,0.634,0.376,151.0,54.5,6.6,0.993,-239.3,Road as Line,9.0,Grass/Brush,1,Held
CA-MEU-008674,Mendocino Complex,CA-MEU-008674_seg_00092,2018-08-04,val,25.6,825.8,1375.3,0.757,0.149,171.2,80.8,0.4,1.0,13.1,Completed Hand Line,2.0,Grass/Brush,0,Burned Over
CA-MEU-008674,Mendocino Complex,CA-MEU-008674_seg_00093,2018-08-04,val,12.2,949.6,1318.7,0.233,0.287,121.4,126.0,85.4,0.081,899.2,Road as Line,9.0,Grass/Brush,1,Held
CA-MEU-008674,Mendocino Complex,CA-MEU-008674_seg_00094,2018-08-04,val,14.8,581.1,2353.4,0.197,0.144,131.0,80.8,39.8,0.768,1998.4,Dozer Line,6.5,Grass/Brush,1,Held
CA-MEU-008674,Mendocino Complex,CA-MEU-008674_seg_00095,2018-08-04,val,13.0,609.5,4275.6,0.011,0.017,152.2,133.1,70.9,0.328,4256.0,Dozer Line,6.5,Grass/Brush,1,Held
CA-MEU-008674,Mendocino Complex,CA-MEU-008674_seg_00096,2018-08-04,val,27.9,533.2,720.6,0.695,0.322,151.5,15.1,46.4,0.689,-529.6,Dozer Line,6.5,Grass/Brush,0,Burned Over
CA-MEU-008674,Mendocino Complex,CA-MEU-008674_seg_00097,2018-08-04,val,25.1,584.6,1256.0,0.345,0.191,163.0,5.0,68.0,0.375,634.6,Dozer Line,6.5,Grass/Brush,1,Held
CA-MEU-008674,Mendocino Complex,CA-MEU-008674_seg_00098,2018-08-04,val,11.8,1322.6,4792.6,0.007,0.012,143.2,149.0,84.2,0.102,4779.6,Dozer Line,6.5,Grass/Brush,1,Held
CA-MEU-008674,Mendocino Complex,CA-MEU-008674_seg_00099,2018-08-04,val,17.2,1369.4,512.9,0.674,0.294,151.3,1.2,60.1,0.498,-700.0,Dozer Line,6.5,Grass/Brush,1,Held
CA-MEU-008674,Mendocino Complex,CA-MEU-008674_seg_00100,2018-08-04,val,10.5,798.9,2199.6,0.18,0.263,121.4,104.6,73.2,0.289,1875.0,Road as Line,9.0,Grass/Brush,1,Held
CA-MEU-008674,Mendocino Complex,CA-MEU-008674_seg_00101,2018-08-04,val,15.7,890.0,1012.2,0.513,0.206,171.7,101.0,19.3,0.944,88.4,Dozer Line,6.5,Grass/Brush,1,Held
CA-MEU-008674,Mendocino Complex,CA-MEU-008674_seg_00102,2018-08-04,val,10.1,1032.6,541.4,0.644,0.199,117.0,12.2,14.7,0.967,-618.4,Dozer Line,6.5,Grass/Brush,1,Held
CA-MEU-008674,Mendocino Complex,CA-MEU-008674_seg_00103,2018-08-04,val,26.1,1111.5,1049.4,0.645,0.336,128.4,120.0,81.6,0.145,-111.6,Road as Line,9.0,Grass/Brush,1,Held
CA-MEU-008674,Mendocino Complex,CA-MEU-008674_seg_00104,2018-08-04,val,8.1,1120.5,1484.1,0.461,0.325,119.8,15.2,14.6,0.968,654.5,Road as Line,9.0,Grass/Brush,1,Held
CA-MEU-008674,Mendocino Complex,CA-MEU-008674_seg_00105,2018-08-04,val,22.5,509.6,3023.1,0.091,0.106,148.4,132.3,74.0,0.276,2859.9,Dozer Line,6.5,Grass/Brush,1,Held
CA-MEU-008674,Mendocino Complex,CA-MEU-008674_seg_00106,2018-08-04,val,26.0,491.0,5000.0,0.01,0.012,154.7,123.5,58.8,0.518,4981.1,Road as Line,9.0,Grass/Brush,1,Held
CA-MEU-008674,Mendocino Complex,CA-MEU-008674_seg_00107,2018-08-04,val,21.8,719.5,2304.3,0.128,0.178,177.0,166.9,80.0,0.174,2074.5,Road as Line,9.0,Grass/Brush,1,Held
CA-MEU-008674,Mendocino Complex,CA-MEU-008674_seg_00108,2018-08-04,val,19.8,801.0,812.8,0.547,0.377,149.2,64.2,5.0,0.996,-171.8,Dozer Line,6.5,Grass/Brush,1,Held
CA-MEU-008674,Mendocino Complex,CA-MEU-008674_seg_00109,2018-08-04,val,20.5,949.9,1707.7,0.538,0.442,148.3,20.3,38.0,0.788,738.5,Dozer Line,6.5,Grass/Brush,1,Held
CA-MEU-008674,Mendocino Complex,CA-MEU-008674_seg_00110,2018-08-04,val,16.5,1444.5,3633.2,0.027,0.036,140.3,120.0,69.7,0.348,3583.7,Dozer Line,6.5,Grass/Brush,1,Held
CA-MEU-008674,Mendocino Complex,CA-MEU-008674_seg_00111,2018-08-04,val,13.6,851.8,194.1,0.782,0.255,161.7,26.0,45.7,0.699,-1214.2,Road as Line,9.0,Grass/Brush,1,Held
CA-MEU-008674,Mendocino Complex,CA-MEU-008674_seg_00112,2018-08-04,val,28.3,1131.6,261.9,0.902,0.087,126.7,20.1,16.6,0.958,-1361.9,Dozer Line,6.5,Grass/Brush,0,Burned Over
CA-MEU-008674,Mendocino Complex,CA-MEU-008674_seg_00113,2018-08-04,val,23.5,1242.4,443.2,0.853,0.117,141.4,86.1,34.7,0.822,-1091.5,Road as Line,9.0,Grass/Brush,0,Burned Over
CA-MEU-008674,Mendocino Complex,CA-MEU-008674_seg_00114,2018-08-04,val,24.2,876.0,811.0,0.799,0.237,155.1,59.7,5.4,0.995,-627.4,Road as Line,9.0,Grass/Brush,0,Burned Over
CA-MEU-008674,Mendocino Complex,CA-MEU-008674_seg_00115,2018-08-04,val,17.9,722.3,769.5,0.614,0.258,166.3,100.5,24.3,0.912,-335.9,Dozer Line,6.5,Grass/Brush,1,Held
CA-MEU-008674,Mendocino Complex,CA-MEU-008674_seg_00116,2018-08-04,val,21.1,919.0,253.6,0.687,0.244,135.3,104.2,58.9,0.516,-982.2,Road as Line,9.0,Grass/Brush,1,Held
CA-MEU-008674,Mendocino Complex,CA-MEU-008674_seg_00117,2018-08-04,val,29.0,780.1,711.2,0.435,0.274,151.5,151.9,89.5,0.008,-72.4,Completed Hand Line,2.0,Grass/Brush,1,Held
CA-MEU-008674,Mendocino Complex,CA-MEU-008674_seg_00118,2018-08-04,val,19.5,350.9,579.1,0.704,0.23,159.3,14.2,55.1,0.573,-687.4,Dozer Line,6.5,Grass/Brush,1,Held
CA-MEU-008674,Mendocino Complex,CA-MEU-008674_seg_00119,2018-08-04,val,17.8,449.0,631.3,0.843,0.124,126.5,12.4,24.1,0.913,-886.6,Completed Hand Line,2.0,Grass/Brush,0,Burned Over
CA-MEU-008674,Mendocino Complex,CA-MEU-008674_seg_00120,2018-08-04,val,16.9,429.4,1224.4,0.447,0.285,163.4,33.9,39.5,0.771,420.6,Dozer Line,6.5,Grass/Brush,1,Held
CA-MEU-008674,Mendocino Complex,CA-MEU-008674_seg_00121,2018-08-04,val,21.1,887.3,2797.8,0.078,0.116,164.0,96.5,22.5,0.924,2656.8,Dozer Line,6.5,Grass/Brush,1,Held
CA-MEU-008674,Mendocino Complex,CA-MEU-008674_seg_00122,2018-08-04,val,13.0,860.6,1386.8,0.5,0.215,144.9,166.1,68.8,0.361,486.3,Road as Line,9.0,Grass/Brush,1,Held
CA-MEU-008674,Mendocino Complex,CA-MEU-008674_seg_00123,2018-08-04,val,19.0,419.4,1318.2,0.648,0.217,127.7,85.3,47.6,0.674,152.0,Road as Line,9.0,Grass/Brush,1,Held
CA-MEU-008674,Mendocino Complex,CA-MEU-008674_seg_00124,2018-08-04,val,10.1,944.7,1295.3,0.284,0.293,113.9,157.9,46.0,0.695,783.7,Dozer Line,6.5,Grass/Brush,1,Held
CA-MEU-008674,Mendocino Complex,CA-MEU-008674_seg_00125,2018-08-04,val,14.2,714.4,3825.4,0.073,0.088,154.2,80.7,16.5,0.959,3693.6,Dozer Line,6.5,Grass/Brush,1,Held
CA-MEU-008674,Mendocino Complex,CA-MEU-008674_seg_00126,2018-08-04,val,18.0,339.0,703.4,0.75,0.333,158.3,53.9,14.4,0.969,-646.4,Dozer Line,6.5,Grass/Brush,0,Burned Over
CA-MEU-008674,Mendocino Complex,CA-MEU-008674_seg_00127,2018-08-04,val,21.8,938.5,638.3,0.661,0.216,140.8,149.8,81.0,0.157,-551.1,Road as Line,9.0,Grass/Brush,1,Held
CA-MEU-008674,Mendocino Complex,CA-MEU-008674_seg_00128,2018-08-04,val,22.5,742.4,1632.1,0.658,0.308,164.3,70.1,4.2,0.997,448.1,Dozer Line,6.5,Grass/Brush,1,Held
CA-MEU-008674,Mendocino Complex,CA-MEU-008674_seg_00129,2018-08-04,val,21.5,487.7,733.2,0.542,0.398,188.3,41.2,57.0,0.544,-242.8,Road as Line,9.0,Grass/Brush,1,Held
CA-MEU-008674,Mendocino Complex,CA-MEU-008674_seg_00130,2018-08-04,val,7.7,685.5,212.5,0.431,0.325,161.8,9.1,62.6,0.46,-563.7,Completed Hand Line,2.0,Grass/Brush,1,Held
CA-MEU-008674,Mendocino Complex,CA-MEU-008674_seg_00131,2018-08-04,val,14.7,868.5,321.9,0.878,0.095,147.9,34.2,23.7,0.915,-1259.1,Dozer Line,6.5,Grass/Brush,0,Burned Over
CA-MEU-008674,Mendocino Complex,CA-MEU-008674_seg_00132,2018-08-04,val,12.0,648.5,729.4,0.712,0.253,176.4,71.9,14.5,0.968,-553.0,Road as Line,9.0,Grass/Brush,1,Held
CA-MEU-008674,Mendocino Complex,CA-MEU-008674_seg_00133,2018-08-04,val,14.9,1022.2,1495.4,0.535,0.399,132.7,34.5,8.2,0.99,531.8,Dozer Line,6.5,Grass/Brush,0,Burned Over
CA-MEU-008674,Mendocino Complex,CA-MEU-008674_seg_00134,2018-08-04,val,15.5,880.1,1581.4,0.181,0.184,168.4,162.9,84.5,0.096,1255.7,Dozer Line,6.5,Grass/Brush,1,Held
CA-MEU-008674,Mendocino Complex,CA-MEU-008674_seg_00135,2018-08-04,val,15.3,529.8,384.7,0.569,0.238,158.8,126.7,57.9,0.531,-640.2,Road as Line,9.0,Grass/Brush,1,Held
CA-MEU-008674,Mendocino Complex,CA-MEU-008674_seg_00136,2018-08-04,val,21.4,1019.5,3046.1,0.149,0.116,148.8,102.7,43.9,0.72,2777.2,Dozer Line,6.5,Grass/Brush,1,Held
CA-MEU-008674,Mendocino Complex,CA-MEU-008674_seg_00137,2018-08-04,val,15.4,1238.1,1183.2,0.64,0.381,153.8,71.4,7.7,0.991,31.3,Dozer Line,6.5,Grass/Brush,0,Burned Over
CA-MEU-008674,Mendocino Complex,CA-MEU-008674_seg_00138,2018-08-04,val,6.6,1079.2,867.9,0.405,0.342,158.9,5.5,63.4,0.448,139.8,Dozer Line,6.5,Grass/Brush,1,Held
CA-MEU-008674,Mendocino Complex,CA-MEU-008674_seg_00139,2018-08-04,val,12.4,623.5,745.1,0.628,0.204,139.0,172.9,56.1,0.558,-385.6,Dozer Line,6.5,Grass/Brush,0,Burned Over
CA-MEU-008674,Mendocino Complex,CA-MEU-008674_seg_00140,2018-08-04,val,14.9,691.3,2765.5,0.245,0.167,137.3,69.4,22.1,0.926,2325.0,Dozer Line,6.5,Grass/Brush,1,Held
CA-MEU-008674,Mendocino Complex,CA-MEU-008674_seg_00141,2018-08-04,val,7.2,81.9,404.9,0.583,0.354,155.8,174.0,71.8,0.312,-644.3,Road as Line,9.0,Grass/Brush,1,Held
CA-MEU-008674,Mendocino Complex,CA-MEU-008674_seg_00142,2018-08-04,val,21.5,794.1,768.3,0.487,0.422,174.6,18.4,66.2,0.404,-108.5,Dozer Line,6.5,Grass/Brush,1,Held
CA-MEU-008674,Mendocino Complex,CA-MEU-008674_seg_00143,2018-08-04,val,16.9,841.1,2708.5,0.058,0.065,182.2,22.6,69.7,0.348,2604.0,Road as Line,9.0,Grass/Brush,1,Held
CA-MEU-008674,Mendocino Complex,CA-MEU-008674_seg_00144,2018-08-04,val,30.2,870.8,330.2,0.899,0.141,150.7,1.8,58.9,0.516,-1288.5,Dozer Line,6.5,Grass/Brush,1,Held
CA-MEU-008674,Mendocino Complex,CA-MEU-008674_seg_00145,2018-08-04,val,5.8,996.8,186.1,0.64,0.353,154.0,85.3,21.4,0.931,-966.1,Road as Line,9.0,Grass/Brush,1,Held
CA-MEU-008674,Mendocino Complex,CA-MEU-008674_seg_00146,2018-08-04,val,13.4,578.3,3038.6,0.07,0.083,132.0,115.2,73.1,0.29,2912.4,Dozer Line,6.5,Grass/Brush,1,Held
CA-MEU-008674,Mendocino Complex,CA-MEU-008674_seg_00147,2018-08-04,val,11.9,1048.8,198.6,0.748,0.206,142.6,24.1,28.5,0.879,-1148.6,Road as Line,9.0,Grass/Brush,1,Held
CA-MEU-008674,Mendocino Complex,CA-MEU-008674_seg_00148,2018-08-04,val,4.3,680.4,241.0,0.581,0.378,136.0,66.7,20.6,0.936,-804.0,Road as Line,9.0,Grass/Brush,0,Burned Over
CA-MEU-008674,Mendocino Complex,CA-MEU-008674_seg_00149,2018-08-04,val,25.6,789.2,657.1,0.719,0.34,157.6,175.4,72.1,0.307,-637.7,Dozer Line,6.5,Grass/Brush,0,Burned Over
CA-MEU-008674,Mendocino Complex,CA-MEU-008674_seg_00150,2018-08-04,val,15.4,701.9,5000.0,0.019,0.029,120.6,32.0,1.4,1.0,4965.3,Road as Line,9.0,Grass/Brush,1,Held
CA-MEU-008674,Mendocino Complex,CA-MEU-008674_seg_00151,2018-08-04,val,26.2,981.0,1111.8,0.514,0.247,156.7,18.6,48.1,0.668,186.7,Dozer Line,6.5,Grass/Brush,1,Held
CA-MEU-008674,Mendocino Complex,CA-MEU-008674_seg_00152,2018-08-04,val,29.5,1097.1,817.2,0.819,0.228,191.2,98.9,2.3,0.999,-656.8,Dozer Line,6.5,Grass/Brush,0,Burned Over
CA-MEU-008674,Mendocino Complex,CA-MEU-008674_seg_00153,2018-08-04,val,30.4,504.8,465.2,0.715,0.281,123.1,139.2,73.9,0.277,-821.7,Dozer Line,6.5,Grass/Brush,1,Held
CA-MEU-008674,Mendocino Complex,CA-MEU-008674_seg_00154,2018-08-04,val,15.9,702.7,404.6,0.834,0.21,150.1,14.6,45.6,0.7,-1097.1,Dozer Line,6.5,Grass/Brush,0,Burned Over
CA-MEU-008674,Mendocino Complex,CA-MEU-008674_seg_00155,2018-08-04,val,18.0,871.1,157.4,0.658,0.383,108.2,86.3,68.1,0.373,-1027.3,Dozer Line,6.5,Grass/Brush,1,Held
CA-MEU-008674,Mendocino Complex,CA-MEU-008674_seg_00156,2018-08-04,val,11.2,919.1,880.7,0.456,0.301,118.8,140.8,68.0,0.375,60.5,Road as Line,9.0,Grass/Brush,1,Held
CA-MEU-008674,Mendocino Complex,CA-MEU-008674_seg_00157,2018-08-04,val,3.7,1067.2,1282.7,0.342,0.347,161.3,64.5,6.7,0.993,666.6,Dozer Line,6.5,Grass/Brush,1,Held
CA-MEU-008674,Mendocino Complex,CA-MEU-008674_seg_00158,2018-08-04,val,14.9,645.5,2395.8,0.248,0.21,152.0,35.3,26.7,0.894,1949.7,Dozer Line,6.5,Grass/Brush,1,Held
CA-MEU-008674,Mendocino Complex,CA-MEU-008674_seg_00159,2018-08-04,val,28.3,953.2,1802.4,0.421,0.341,158.1,19.8,48.4,0.664,1043.8,Dozer Line,6.5,Grass/Brush,1,Held
CA-MEU-008674,Mendocino Complex,CA-MEU-008674_seg_00160,2018-08-04,val,16.2,1316.6,766.8,0.76,0.318,133.2,77.2,34.0,0.829,-601.2,Dozer Line,6.5,Grass/Brush,1,Held
CA-MEU-008674,Mendocino Complex,CA-MEU-008674_seg_00161,2018-08-04,val,32.5,892.8,331.9,0.834,0.208,148.6,163.0,75.6,0.249,-1169.5,Road as Line,9.0,Grass/Brush,1,Held
CA-MEU-008674,Mendocino Complex,CA-MEU-008674_seg_00162,2018-08-04,val,17.5,921.6,2730.0,0.097,0.126,155.7,127.7,62.0,0.469,2555.5,Dozer Line,6.5,Grass/Brush,1,Held
CA-MEU-008674,Mendocino Complex,CA-MEU-008674_seg_00163,2018-08-04,val,22.8,1275.3,1317.7,0.4,0.277,144.9,94.7,39.9,0.768,598.1,Road as Line,9.0,Grass/Brush,1,Held
CA-MEU-008674,Mendocino Complex,CA-MEU-008674_seg_00164,2018-08-04,val,13.1,986.1,2215.1,0.232,0.276,160.7,25.0,45.7,0.699,1797.1,Road as Line,9.0,Grass/Brush,1,Held
CA-MEU-008674,Mendocino Complex,CA-MEU-008674_seg_00165,2018-08-04,val,18.2,371.1,588.0,0.619,0.422,157.4,12.7,54.7,0.578,-526.4,Dozer Line,6.5,Grass/Brush,1,Held
CA-MEU-008674,Mendocino Complex,CA-MEU-008674_seg_00166,2018-08-04,val,28.8,274.7,828.7,0.543,0.343,153.7,9.7,54.0,0.588,-148.1,Dozer Line,6.5,Grass/Brush,1,Held
CA-MEU-008674,Mendocino Complex,CA-MEU-008674_seg_00167,2018-08-04,val,10.1,975.6,172.7,0.698,0.369,145.3,91.7,36.4,0.805,-1083.8,Road as Line,9.0,Grass/Brush,0,Burned Over
CA-MEU-008674,Mendocino Complex,CA-MEU-008674_seg_00168,2018-08-04,val,24.0,1061.2,1620.7,0.551,0.209,158.5,54.8,13.6,0.972,628.4,Dozer Line,6.5,Grass/Brush,1,Held
CA-MEU-008674,Mendocino Complex,CA-MEU-008674_seg_00169,2018-08-04,val,12.1,655.3,2037.4,0.464,0.269,162.1,80.2,8.1,0.99,1201.5,Dozer Line,6.5,Grass/Brush,0,Burned Over
CA-MEU-008674,Mendocino Complex,CA-MEU-008674_seg_00170,2018-08-04,val,18.7,1233.5,544.4,0.605,0.252,131.8,173.3,48.5,0.663,-543.9,Road as Line,9.0,Grass/Brush,1,Held
CA-MEU-008674,Mendocino Complex,CA-MEU-008674_seg_00171,2018-08-04,val,19.8,1087.1,2110.4,0.25,0.162,144.5,156.7,77.8,0.212,1661.2,Dozer Line,6.5,Grass/Brush,1,Held
CA-MEU-008674,Mendocino Complex,CA-MEU-008674_seg_00172,2018-08-04,val,23.4,729.1,1166.2,0.677,0.341,171.4,134.1,52.7,0.606,-51.5,Completed Hand Line,2.0,Grass/Brush,0,Burned Over
CA-MEU-008674,Mendocino Complex,CA-MEU-008674_seg_00173,2018-08-04,val,35.7,924.4,2514.7,0.34,0.199,146.3,76.2,19.9,0.94,1901.8,Dozer Line,6.5,Grass/Brush,0,Burned Over
CA-MEU-008674,Mendocino Complex,CA-MEU-008674_seg_00174,2018-08-04,val,9.0,960.3,3545.1,0.023,0.038,120.1,136.5,73.6,0.282,3504.5,Road as Line,9.0,Grass/Brush,1,Held
CA-MEU-008674,Mendocino Complex,CA-MEU-008674_seg_00175,2018-08-04,val,20.6,618.4,982.0,0.643,0.365,142.2,11.4,40.8,0.757,-175.2,Dozer Line,6.5,Grass/Brush,0,Burned Over
CA-MEU-008674,Mendocino Complex,CA-MEU-008674_seg_00176,2018-08-04,val,25.6,898.1,360.3,0.842,0.112,146.1,114.5,58.4,0.524,-1154.4,Dozer Line,6.5,Grass/Brush,1,Held
CA-MEU-008674,Mendocino Complex,CA-MEU-008674_seg_00177,2018-08-04,val,10.8,832.0,2269.6,0.106,0.154,128.4,91.8,53.4,0.596,2079.1,Dozer Line,6.5,Grass/Brush,1,Held
CA-MEU-008674,Mendocino Complex,CA-MEU-008674_seg_00178,2018-08-04,val,10.4,729.7,1435.2,0.177,0.122,155.8,175.4,70.4,0.335,1116.6,Dozer Line,6.5,Grass/Brush,1,Held
CA-MEU-008674,Mendocino Complex,CA-MEU-008674_seg_00179,2018-08-04,val,18.6,623.2,406.9,0.731,0.263,119.0,59.7,30.7,0.86,-909.7,Dozer Line,6.5,Grass/Brush,0,Burned Over
CA-MEU-008674,Mendocino Complex,CA-MEU-008674_seg_00180,2018-08-04,val,21.1,1396.7,1252.4,0.249,0.234,152.9,148.9,86.0,0.069,803.8,Road as Line,9.0,Grass/Brush,1,Held
CA-MEU-008674,Mendocino Complex,CA-MEU-008674_seg_00181,2018-08-04,val,22.5,584.7,2870.7,0.177,0.224,204.9,152.5,37.6,0.792,2552.1,Completed Hand Line,2.0,Grass/Brush,1,Held
CA-MEU-008674,Mendocino Complex,CA-MEU-008674_seg_00182,2018-08-04,val,20.6,482.6,1543.0,0.658,0.258,132.8,33.5,9.3,0.987,358.0,Dozer Line,6.5,Grass/Brush,1,Held
CA-MEU-008674,Mendocino Complex,CA-MEU-008674_seg_00183,2018-08-04,val,29.6,761.2,1856.8,0.238,0.268,177.4,6.5,80.9,0.159,1428.1,Dozer Line,6.5,Grass/Brush,1,Held
CA-MEU-008674,Mendocino Complex,CA-MEU-008674_seg_00184,2018-08-04,val,15.0,163.6,2662.0,0.052,0.046,123.7,105.8,72.1,0.307,2568.0,Completed Hand Line,2.0,Grass/Brush,1,Held
CA-MEU-008674,Mendocino Complex,CA-MEU-008674_seg_00185,2018-08-04,val,10.3,832.5,1466.2,0.39,0.37,153.7,25.2,38.6,0.782,764.2,Dozer Line,6.5,Grass/Brush,1,Held
CA-MEU-008674,Mendocino Complex,CA-MEU-008674_seg_00186,2018-08-04,val,21.1,963.7,1548.0,0.596,0.359,134.4,72.5,28.1,0.882,475.4,Road as Line,9.0,Grass/Brush,0,Burned Over
CA-MEU-008674,Mendocino Complex,CA-MEU-008674_seg_00187,2018-08-04,val,19.6,1246.0,819.3,0.726,0.21,125.8,55.9,20.1,0.939,-488.1,Dozer Line,6.5,Grass/Brush,0,Burned Over
CA-MEU-008674,Mendocino Complex,CA-MEU-008674_seg_00188,2018-08-04,val,30.6,722.6,223.3,0.876,0.138,148.6,173.0,65.6,0.413,-1353.4,Dozer Line,6.5,Grass/Brush,1,Held
CA-MEU-008674,Mendocino Complex,CA-MEU-008674_seg_00189,2018-08-04,val,20.8,410.5,355.0,0.833,0.151,144.0,41.6,12.4,0.977,-1144.1,Dozer Line,6.5,Grass/Brush,0,Burned Over
CA-MEU-008674,Mendocino Complex,CA-MEU-008674_seg_00190,2018-08-04,val,24.0,858.0,810.2,0.548,0.415,89.1,67.7,68.7,0.364,-175.5,Road as Line,9.0,Grass/Brush,1,Held
CA-MEU-008674,Mendocino Complex,CA-MEU-008674_seg_00191,2018-08-04,val,7.4,662.7,220.5,0.626,0.417,154.3,115.0,50.8,0.633,-906.8,Road as Line,9.0,Grass/Brush,1,Held
CA-MEU-008674,Mendocino Complex,CA-MEU-008674_seg_00192,2018-08-04,val,1.7,814.6,513.1,0.554,0.313,156.4,103.2,36.8,0.801,-483.6,Dozer Line,6.5,Grass/Brush,1,Held
CA-MEU-008674,Mendocino Complex,CA-MEU-008674_seg_00193,2018-08-04,val,16.2,1005.6,816.2,0.565,0.257,164.8,16.8,58.1,0.529,-200.5,Road as Line,9.0,Grass/Brush,1,Held
CA-MEU-008674,Mendocino Complex,CA-MEU-008674_seg_00194,2018-08-04,val,15.1,897.0,367.9,0.585,0.393,144.5,141.7,87.2,0.049,-684.9,Dozer Line,6.5,Grass/Brush,1,Held
CA-MEU-008674,Mendocino Complex,CA-MEU-008674_seg_00195,2018-08-04,val,12.4,861.6,351.5,0.617,0.3,177.7,131.2,43.5,0.725,-759.8,Dozer Line,6.5,Grass/Brush,0,Burned Over
CA-MEU-008674,Mendocino Complex,CA-MEU-008674_seg_00196,2018-08-04,val,13.5,783.1,265.0,0.749,0.174,143.1,24.9,28.3,0.881,-1083.1,Road as Line,9.0,Grass/Brush,1,Held
CA-MEU-008674,Mendocino Complex,CA-MEU-008674_seg_00197,2018-08-04,val,26.7,1223.8,1376.2,0.406,0.218,153.0,162.2,80.8,0.159,645.8,Road as Line,9.0,Grass/Brush,1,Held
CA-MEU-008674,Mendocino Complex,CA-MEU-008674_seg_00198,2018-08-04,val,11.5,902.2,244.1,0.717,0.293,142.9,23.1,29.7,0.868,-1047.1,Dozer Line,6.5,Grass/Brush,0,Burned Over
CA-MEU-008674,Mendocino Complex,CA-MEU-008674_seg_00199,2018-08-04,val,14.1,1257.4,418.0,0.813,0.239,148.9,65.8,6.8,0.993,-1045.8,Dozer Line,6.5,Grass/Brush,0,Burned Over
CA-MEU-008674,Mendocino Complex,CA-MEU-008674_seg_00200,2018-08-04,val,8.4,697.6,1658.1,0.372,0.284,137.8,111.8,64.0,0.438,987.7,Road as Line,9.0,Grass/Brush,1,Held
CA-MEU-008674,Mendocino Complex,CA-MEU-008674_seg_00201,2018-08-04,val,22.2,764.6,5000.0,0.019,0.022,128.3,137.4,80.9,0.158,4966.0,Dozer Line,6.5,Grass/Brush,1,Held
CA-MEU-008674,Mendocino Complex,CA-MEU-008674_seg_00202,2018-08-04,val,16.8,648.5,2188.1,0.069,0.063,121.1,110.2,79.1,0.19,2063.4,Dozer Line,6.5,Grass/Brush,1,Held
CA-MEU-008674,Mendocino Complex,CA-MEU-008674_seg_00203,2018-08-04,val,10.8,445.1,1569.7,0.387,0.339,181.0,92.0,1.0,1.0,872.6,Road as Line,9.0,Grass/Brush,1,Held
CA-MEU-008674,Mendocino Complex,CA-MEU-008674_seg_00204,2018-08-04,val,31.7,544.5,206.0,0.839,0.12,120.4,89.3,58.9,0.517,-1304.6,Road as Line,9.0,Grass/Brush,0,Burned Over
CA-MEU-008674,Mendocino Complex,CA-MEU-008674_seg_00205,2018-08-04,val,11.8,938.1,2224.2,0.13,0.122,166.0,141.9,65.9,0.409,1990.7,Road as Line,9.0,Grass/Brush,1,Held
CA-MEU-008674,Mendocino Complex,CA-MEU-008674_seg_00206,2018-08-04,val,33.0,724.6,518.7,0.813,0.186,145.5,101.8,46.3,0.691,-945.1,Road as Line,9.0,Grass/Brush,1,Held
CA-MEU-008674,Mendocino Complex,CA-MEU-008674_seg_00207,2018-08-04,val,12.1,369.0,743.5,0.515,0.385,140.1,166.3,63.8,0.442,-184.3,Dozer Line,6.5,Grass/Brush,1,Held
CA-MEU-008674,Mendocino Complex,CA-MEU-008674_seg_00208,2018-08-04,val,18.2,501.1,2178.6,0.169,0.234,110.1,141.3,58.7,0.519,1874.9,Road as Line,9.0,Grass/Brush,1,Held
CA-MEU-008674,Mendocino Complex,CA-MEU-008674_seg_00209,2018-08-04,val,19.1,885.1,179.6,0.738,0.312,160.4,152.4,81.9,0.14,-1148.2,Dozer Line,6.5,Grass/Brush,1,Held
CA-MEU-008674,Mendocino Complex,CA-MEU-008674_seg_00210,2018-08-04,val,22.1,1081.8,5000.0,0.01,0.009,172.4,103.2,20.8,0.935,4981.7,Dozer Line,6.5,Grass/Brush,1,Held
CA-MEU-008674,Mendocino Complex,CA-MEU-008674_seg_00211,2018-08-04,val,15.3,609.1,1474.7,0.402,0.307,157.3,24.5,42.8,0.733,750.8,Dozer Line,6.5,Grass/Brush,1,Held
CA-MEU-008674,Mendocino Complex,CA-MEU-008674_seg_00212,2018-08-04,val,24.6,900.7,465.4,0.57,0.339,137.0,116.8,69.8,0.345,-561.0,Dozer Line,6.5,Grass/Brush,1,Held
CA-MEU-008674,Mendocino Complex,CA-MEU-008674_seg_00213,2018-08-04,val,14.7,230.4,889.3,0.501,0.431,139.6,168.8,60.8,0.488,-12.2,Dozer Line,6.5,Grass/Brush,1,Held
CA-MEU-008674,Mendocino Complex,CA-MEU-008674_seg_00214,2018-08-04,val,13.1,1135.5,641.6,0.448,0.383,158.2,130.7,62.5,0.462,-164.3,Dozer Line,6.5,Grass/Brush,1,Held
CA-MEU-008674,Mendocino Complex,CA-MEU-008674_seg_00215,2018-08-04,val,3.8,793.5,1699.8,0.22,0.288,146.4,31.2,25.3,0.904,1303.2,Road as Line,9.0,Grass/Brush,1,Held
CA-MEU-008674,Mendocino Complex,CA-MEU-008674_seg_00216,2018-08-04,val,19.2,735.5,2426.6,0.218,0.14,164.7,41.1,33.6,0.833,2034.3,Dozer Line,6.5,Grass/Brush,1,Held
CA-MEU-008674,Mendocino Complex,CA-MEU-008674_seg_00217,2018-08-04,val,14.8,780.8,893.1,0.637,0.192,163.8,69.7,4.1,0.997,-253.2,Road as Line,9.0,Grass/Brush,1,Held
CA-MEU-008674,Mendocino Complex,CA-MEU-008674_seg_00218,2018-08-04,val,15.1,1058.4,251.1,0.792,0.145,136.3,66.0,19.7,0.941,-1174.4,Dozer Line,6.5,Grass/Brush,1,Held
CA-MEU-008674,Mendocino Complex,CA-MEU-008674_seg_00219,2018-08-04,val,28.6,1194.8,1671.0,0.581,0.353,162.0,23.6,48.3,0.665,625.7,Road as Line,9.0,Grass/Brush,1,Held
CA-MEU-008674,Mendocino Complex,CA-MEU-008674_seg_00220,2018-08-04,val,2.4,1011.5,3683.4,0.053,0.062,106.7,175.9,20.8,0.935,3587.4,Dozer Line,6.5,Grass/Brush,1,Held
CA-MEU-008674,Mendocino Complex,CA-MEU-008674_seg_00221,2018-08-04,val,28.5,949.7,1823.2,0.194,0.196,177.6,39.1,48.5,0.662,1474.6,Road as Line,9.0,Grass/Brush,1,Held
CA-MEU-008674,Mendocino Complex,CA-MEU-008674_seg_00222,2018-08-04,val,15.8,1196.4,1186.6,0.665,0.205,194.2,138.6,34.3,0.826,-10.1,Dozer Line,6.5,Grass/Brush,1,Held
CA-MEU-008674,Mendocino Complex,CA-MEU-008674_seg_00223,2018-08-04,val,15.4,854.0,1336.7,0.811,0.203,149.4,34.9,24.5,0.91,-122.3,Completed Hand Line,2.0,Grass/Brush,0,Burned Over
CA-MEU-008674,Mendocino Complex,CA-MEU-008674_seg_00224,2018-08-04,val,15.1,1434.3,2641.4,0.222,0.221,189.3,61.8,37.5,0.794,2241.4,Dozer Line,6.5,Grass/Brush,1,Held
CA-MEU-008674,Mendocino Complex,CA-MEU-008674_seg_00225,2018-08-04,val,14.7,540.7,874.4,0.451,0.443,185.8,11.8,84.0,0.105,63.3,Dozer Line,6.5,Grass/Brush,1,Held
CA-MEU-008674,Mendocino Complex,CA-MEU-008674_seg_00226,2018-08-04,val,20.8,354.4,283.7,0.707,0.206,165.6,162.8,87.3,0.048,-988.9,Road as Line,9.0,Grass/Brush,1,Held
CA-MEU-008674,Mendocino Complex,CA-MEU-008674_seg_00227,2018-08-04,val,17.8,765.8,359.1,0.61,0.428,139.1,176.2,52.9,0.603,-739.4,Dozer Line,6.5,Grass/Brush,0,Burned Over
CA-MEU-008674,Mendocino Complex,CA-MEU-008674_seg_00228,2018-08-04,val,16.8,585.5,150.3,0.77,0.147,160.7,128.9,58.3,0.526,-1235.5,Road as Line,9.0,Grass/Brush,0,Burned Over
CA-MEU-008674,Mendocino Complex,CA-MEU-008674_seg_00229,2018-08-04,val,16.8,974.0,1826.0,0.387,0.331,147.7,105.2,47.5,0.676,1130.2,Dozer Line,6.5,Grass/Brush,1,Held
CA-MEU-008674,Mendocino Complex,CA-MEU-008674_seg_00230,2018-08-04,val,19.2,1034.8,626.7,0.658,0.32,124.7,13.6,21.2,0.933,-558.6,Road as Line,9.0,Grass/Brush,1,Held
CA-MEU-008674,Mendocino Complex,CA-MEU-008674_seg_00231,2018-08-04,val,27.5,555.7,369.8,0.726,0.264,196.7,5.3,78.6,0.198,-936.7,Dozer Line,6.5,Grass/Brush,1,Held
CA-MEU-008674,Mendocino Complex,CA-MEU-008674_seg_00232,2018-08-04,val,7.9,364.2,164.2,0.755,0.171,181.3,83.7,7.6,0.991,-1194.2,Dozer Line,6.5,Grass/Brush,1,Held
CA-MEU-008674,Mendocino Complex,CA-MEU-008674_seg_00233,2018-08-04,val,12.8,657.5,1020.0,0.415,0.36,153.5,116.9,53.5,0.595,273.8,Dozer Line,6.5,Grass/Brush,1,Held
CA-MEU-008674,Mendocino Complex,CA-MEU-008674_seg_00234,2018-08-04,val,16.6,745.4,572.3,0.686,0.367,160.2,60.3,9.9,0.985,-662.1,Dozer Line,6.5,Grass/Brush,0,Burned Over
CA-MEU-008674,Mendocino Complex,CA-MEU-008674_seg_00235,2018-08-04,val,21.2,963.0,647.0,0.747,0.296,140.0,77.3,27.3,0.889,-698.3,Dozer Line,6.5,Grass/Brush,0,Burned Over
CA-MEU-008674,Mendocino Complex,CA-MEU-008674_seg_00236,2018-08-04,val,26.8,899.7,619.8,0.839,0.143,197.6,137.8,30.1,0.865,-889.9,Dozer Line,6.5,Grass/Brush,0,Burned Over
CA-MEU-008674,Mendocino Complex,CA-MEU-008674_seg_00237,2018-08-04,val,22.6,838.5,2596.6,0.131,0.103,177.3,53.3,34.0,0.829,2360.6,Road as Line,9.0,Grass/Brush,1,Held
CA-MEU-008674,Mendocino Complex,CA-MEU-008674_seg_00238,2018-08-04,val,13.0,1064.9,849.3,0.326,0.368,170.2,174.4,85.8,0.073,262.8,Dozer Line,6.5,Grass/Brush,1,Held
CA-MEU-008674,Mendocino Complex,CA-MEU-008674_seg_00239,2018-08-04,val,12.1,1361.6,1063.5,0.566,0.432,123.7,170.4,43.3,0.728,44.0,Dozer Line,6.5,Grass/Brush,1,Held
CA-MEU-008674,Mendocino Complex,CA-MEU-008674_seg_00240,2018-08-04,val,21.9,506.8,560.5,0.646,0.237,168.3,176.1,82.2,0.136,-603.0,Dozer Line,6.5,Grass/Brush,1,Held
CA-MEU-008674,Mendocino Complex,CA-MEU-008674_seg_00241,2018-08-04,val,25.7,911.2,359.4,0.803,0.144,113.4,13.0,10.3,0.984,-1086.3,Road as Line,9.0,Grass/Brush,0,Burned Over
CA-MEU-008674,Mendocino Complex,CA-MEU-008674_seg_00242,2018-08-04,val,17.5,704.6,4982.7,0.006,0.005,171.4,160.9,79.5,0.183,4971.8,Dozer Line,6.5,Grass/Brush,1,Held
CA-MEU-008674,Mendocino Complex,CA-MEU-008674_seg_00243,2018-08-04,val,14.3,631.4,1003.5,0.634,0.32,131.1,12.3,28.8,0.876,-138.2,Completed Hand Line,2.0,Grass/Brush,0,Burned Over
CA-MEU-008674,Mendocino Complex,CA-MEU-008674_seg_00244,2018-08-04,val,19.7,903.4,1953.0,0.165,0.241,178.8,174.7,86.0,0.07,1655.3,Dozer Line,6.5,Grass/Brush,1,Held
CA-MEU-008674,Mendocino Complex,CA-MEU-008674_seg_00245,2018-08-04,val,14.5,871.4,2810.0,0.103,0.088,210.0,65.6,54.4,0.582,2624.8,Dozer Line,6.5,Grass/Brush,1,Held
CA-MEU-008674,Mendocino Complex,CA-MEU-008674_seg_00246,2018-08-04,val,20.2,552.0,2009.5,0.401,0.362,160.9,103.7,32.8,0.841,1287.9,Dozer Line,6.5,Grass/Brush,1,Held
CA-MEU-008674,Mendocino Complex,CA-MEU-008674_seg_00247,2018-08-04,val,18.4,1173.6,151.0,0.699,0.339,181.0,130.3,39.3,0.774,-1106.6,Dozer Line,6.5,Grass/Brush,1,Held
CA-MEU-008674,Mendocino Complex,CA-MEU-008674_seg_00248,2018-08-04,val,17.5,912.3,525.5,0.336,0.362,173.6,162.3,78.8,0.195,-79.9,Dozer Line,6.5,Grass/Brush,1,Held
CA-MEU-008674,Mendocino Complex,CA-MEU-008674_seg_00249,2018-08-04,val,17.3,574.1,522.7,0.442,0.409,170.9,168.5,87.6,0.042,-273.3,Road as Line,9.0,Grass/Brush,1,Held
CA-MEU-008674,Mendocino Complex,CA-MEU-008674_seg_00250,2018-08-04,val,19.4,1150.8,204.0,0.85,0.115,102.7,7.8,4.9,0.996,-1326.2,Dozer Line,6.5,Grass/Brush,0,Burned Over
CA-MEU-008674,Mendocino Complex,CA-MEU-008674_seg_00251,2018-08-04,val,18.4,932.4,1223.6,0.47,0.446,146.2,50.0,6.2,0.994,377.9,Road as Line,9.0,Grass/Brush,1,Held
CA-MEU-008674,Mendocino Complex,CA-MEU-008674_seg_00252,2018-08-04,val,21.9,496.8,2407.5,0.211,0.25,132.6,114.6,72.1,0.308,2028.5,Dozer Line,6.5,Grass/Brush,1,Held
CA-MEU-008674,Mendocino Complex,CA-MEU-008674_seg_00253,2018-08-04,val,11.1,1167.6,2293.8,0.075,0.082,148.9,144.0,85.1,0.086,2158.6,Dozer Line,6.5,Grass/Brush,1,Held
CA-MEU-008674,Mendocino Complex,CA-MEU-008674_seg_00254,2018-08-04,val,26.4,768.6,233.3,0.911,0.136,161.4,89.9,18.5,0.948,-1407.4,Dozer Line,6.5,Grass/Brush,0,Burned Over
CA-MEU-008674,Mendocino Complex,CA-MEU-008674_seg_00255,2018-08-04,val,13.0,607.2,428.7,0.831,0.124,148.7,31.2,27.5,0.887,-1066.2,Dozer Line,6.5,Grass/Brush,1,Held
CA-MEU-008674,Mendocino Complex,CA-MEU-008674_seg_00256,2018-08-04,val,8.3,1186.5,2355.1,0.181,0.202,158.9,94.3,25.4,0.903,2029.7,Dozer Line,6.5,Grass/Brush,1,Held
CA-MEU-008674,Mendocino Complex,CA-MEU-008674_seg_00257,2018-08-04,val,36.0,1014.3,158.1,0.675,0.232,140.4,119.1,68.7,0.363,-1057.1,Road as Line,9.0,Grass/Brush,0,Burned Over
CA-MEU-008674,Mendocino Complex,CA-MEU-008674_seg_00258,2018-08-04,val,18.7,604.3,521.0,0.426,0.366,147.8,149.0,88.8,0.021,-246.6,Dozer Line,6.5,Grass/Brush,1,Held
CA-MEU-008674,Mendocino Complex,CA-MEU-008674_seg_00259,2018-08-04,val,15.3,690.4,274.7,0.668,0.26,137.1,15.2,31.9,0.849,-927.6,Road as Line,9.0,Grass/Brush,0,Burned Over
CA-MEU-008674,Mendocino Complex,CA-MEU-008674_seg_00260,2018-08-04,val,11.4,708.9,3379.7,0.021,0.024,162.9,146.6,73.7,0.281,3342.1,Road as Line,9.0,Grass/Brush,1,Held
CA-MEU-008674,Mendocino Complex,CA-MEU-008674_seg_00261,2018-08-04,val,16.6,725.4,1754.5,0.469,0.345,134.4,90.0,45.7,0.699,909.7,Dozer Line,6.5,Grass/Brush,0,Burned Over
CA-MEU-008674,Mendocino Complex,CA-MEU-008674_seg_00262,2018-08-04,val,20.9,1073.3,1321.3,0.585,0.338,125.6,51.8,16.1,0.961,268.9,Dozer Line,6.5,Grass/Brush,0,Burned Over
CA-MEU-008674,Mendocino Complex,CA-MEU-008674_seg_00263,2018-08-04,val,23.4,786.6,826.9,0.645,0.341,140.2,30.0,20.2,0.938,-335.0,Dozer Line,6.5,Grass/Brush,0,Burned Over
CA-MEU-008674,Mendocino Complex,CA-MEU-008674_seg_00264,2018-08-04,val,15.2,406.8,1046.3,0.539,0.214,153.5,41.8,21.7,0.929,76.6,Road as Line,9.0,Grass/Brush,1,Held
CA-MEU-008674,Mendocino Complex,CA-MEU-008674_seg_00265,2018-08-04,val,16.8,1019.3,362.4,0.633,0.199,160.3,6.7,63.6,0.445,-776.2,Dozer Line,6.5,Grass/Brush,0,Burned Over
CA-MEU-008674,Mendocino Complex,CA-MEU-008674_seg_00266,2018-08-04,val,13.3,932.7,2875.7,0.07,0.108,157.6,147.7,80.2,0.171,2750.1,Dozer Line,6.5,Grass/Brush,1,Held
CA-MEU-008674,Mendocino Complex,CA-MEU-008674_seg_00267,2018-08-04,val,17.9,620.2,612.4,0.791,0.158,161.1,94.2,23.1,0.92,-811.7,Dozer Line,6.5,Grass/Brush,1,Held
CA-MEU-008674,Mendocino Complex,CA-MEU-008674_seg_00268,2018-08-04,val,22.1,605.2,878.0,0.693,0.186,163.2,45.5,27.7,0.886,-368.9,Dozer Line,6.5,Grass/Brush,0,Burned Over
CA-MEU-008674,Mendocino Complex,CA-MEU-008674_seg_00269,2018-08-04,val,11.7,681.5,1433.1,0.616,0.415,125.1,166.6,48.6,0.662,324.0,Road as Line,9.0,Grass/Brush,1,Held
CA-MEU-008674,Mendocino Complex,CA-MEU-008674_seg_00270,2018-08-04,val,14.1,753.3,1644.0,0.248,0.288,122.0,151.4,60.6,0.491,1196.9,Dozer Line,6.5,Grass/Brush,1,Held
CA-MEU-008674,Mendocino Complex,CA-MEU-008674_seg_00271,2018-08-04,val,17.2,710.0,737.4,0.518,0.353,159.8,170.0,79.8,0.177,-195.6,Dozer Line,6.5,Grass/Brush,1,Held
CA-MEU-008674,Mendocino Complex,CA-MEU-008674_seg_00272,2018-08-04,val,14.3,837.1,3416.7,0.055,0.079,142.2,154.9,77.2,0.221,3317.1,Dozer Line,6.5,Grass/Brush,1,Held
CA-MEU-008674,Mendocino Complex,CA-MEU-008674_seg_00273,2018-08-04,val,10.1,720.1,1043.9,0.587,0.428,143.6,24.7,28.8,0.876,-13.4,Dozer Line,6.5,Grass/Brush,1,Held
CA-MEU-008674,Mendocino Complex,CA-MEU-008674_seg_00274,2018-08-04,val,5.6,1136.1,2159.8,0.104,0.161,179.2,8.8,80.4,0.166,1972.6,Road as Line,9.0,Grass/Brush,1,Held
CA-MEU-008674,Mendocino Complex,CA-MEU-008674_seg_00275,2018-08-04,val,22.4,1276.9,2476.0,0.103,0.151,147.8,111.6,53.8,0.59,2290.7,Dozer Line,6.5,Grass/Brush,1,Held
CA-MEU-008674,Mendocino Complex,CA-MEU-008674_seg_00276,2018-08-04,val,20.2,959.9,2091.3,0.124,0.155,133.0,139.7,83.4,0.116,1868.8,Road as Line,9.0,Grass/Brush,1,Held
CA-MEU-008674,Mendocino Complex,CA-MEU-008674_seg_00277,2018-08-04,val,6.6,1070.4,797.6,0.464,0.296,152.2,130.2,68.0,0.375,-37.1,Dozer Line,6.5,Grass/Brush,1,Held
CA-MEU-008674,Mendocino Complex,CA-MEU-008674_seg_00278,2018-08-04,val,5.9,242.9,1035.6,0.69,0.253,142.3,63.5,11.2,0.981,-206.3,Dozer Line,6.5,Grass/Brush,1,Held
CA-MEU-008674,Mendocino Complex,CA-MEU-008674_seg_00279,2018-08-04,val,23.1,818.4,602.0,0.741,0.255,175.3,115.8,30.5,0.862,-731.2,Dozer Line,6.5,Grass/Brush,0,Burned Over
CA-MEU-008674,Mendocino Complex,CA-MEU-008674_seg_00280,2018-08-04,val,23.5,1350.3,402.3,0.812,0.165,156.0,95.3,29.2,0.873,-1059.0,Dozer Line,6.5,Grass/Brush,0,Burned Over
CA-MEU-008674,Mendocino Complex,CA-MEU-008674_seg_00281,2018-08-04,val,12.7,834.6,216.8,0.718,0.276,109.0,33.1,14.1,0.97,-1075.4,Road as Line,9.0,Grass/Brush,1,Held
CA-MEU-008674,Mendocino Complex,CA-MEU-008674_seg_00282,2018-08-04,val,18.4,1446.0,179.2,0.803,0.142,133.6,36.4,7.2,0.992,-1265.9,Dozer Line,6.5,Grass/Brush,0,Burned Over
CA-MEU-008674,Mendocino Complex,CA-MEU-008674_seg_00283,2018-08-04,val,2.6,621.9,2596.9,0.15,0.165,121.7,23.3,8.4,0.989,2326.4,Dozer Line,6.5,Grass/Brush,1,Held
CA-MEU-008674,Mendocino Complex,CA-MEU-008674_seg_00284,2018-08-04,val,20.9,589.8,456.2,0.847,0.117,139.1,85.6,36.6,0.803,-1068.9,Dozer Line,6.5,Grass/Brush,0,Burned Over
CA-MEU-008674,Mendocino Complex,CA-MEU-008674_seg_00285,2018-08-04,val,19.8,747.8,490.5,0.721,0.311,157.0,160.4,86.6,0.059,-807.1,Dozer Line,6.5,Grass/Brush,1,Held
CA-MEU-008674,Mendocino Complex,CA-MEU-008674_seg_00286,2018-08-04,val,19.2,984.9,222.8,0.772,0.185,141.4,12.4,39.0,0.777,-1167.3,Road as Line,9.0,Grass/Brush,0,Burned Over
CA-MEU-008674,Mendocino Complex,CA-MEU-008674_seg_00287,2018-08-04,val,21.1,578.9,1080.8,0.425,0.319,118.4,153.8,54.6,0.579,315.6,Road as Line,9.0,Grass/Brush,1,Held
CA-MEU-008674,Mendocino Complex,CA-MEU-008674_seg_00288,2018-08-04,val,32.2,967.1,2285.9,0.223,0.146,128.3,101.7,63.4,0.448,1883.8,Dozer Line,6.5,Grass/Brush,1,Held
CA-MEU-008674,Mendocino Complex,CA-MEU-008674_seg_00289,2018-08-04,val,24.1,1017.8,1155.4,0.526,0.366,154.1,107.9,43.8,0.721,209.1,Dozer Line,6.5,Grass/Brush,1,Held
CA-MEU-008674,Mendocino Complex,CA-MEU-008674_seg_00290,2018-08-04,val,15.1,877.9,398.4,0.702,0.315,166.7,169.3,87.4,0.045,-865.5,Road as Line,9.0,Grass/Brush,1,Held
CA-MEU-008674,Mendocino Complex,CA-MEU-008674_seg_00291,2018-08-04,val,18.3,869.4,497.5,0.853,0.15,117.9,49.7,21.8,0.928,-1037.3,Dozer Line,6.5,Grass/Brush,1,Held
CA-MEU-008674,Mendocino Complex,CA-MEU-008674_seg_00292,2018-08-04,val,5.5,933.1,267.0,0.83,0.251,168.4,75.3,3.1,0.999,-1227.1,Road as Line,9.0,Grass/Brush,1,Held
CA-MEU-008674,Mendocino Complex,CA-MEU-008674_seg_00293,2018-08-04,val,30.7,1192.6,758.9,0.748,0.238,132.5,172.4,50.1,0.642,-587.5,Dozer Line,6.5,Grass/Brush,0,Burned Over
CA-MEU-008674,Mendocino Complex,CA-MEU-008674_seg_00294,2018-08-04,val,10.4,1364.5,940.3,0.612,0.235,191.8,57.5,44.2,0.717,-161.6,Road as Line,9.0,Grass/Brush,1,Held
CA-MEU-008674,Mendocino Complex,CA-MEU-008674_seg_00295,2018-08-04,val,10.1,375.7,435.5,0.673,0.337,168.1,119.8,41.7,0.746,-775.9,Dozer Line,6.5,Grass/Brush,0,Burned Over
CA-MEU-008674,Mendocino Complex,CA-MEU-008674_seg_00296,2018-08-04,val,14.2,1009.1,789.7,0.67,0.245,124.8,66.5,31.7,0.851,-415.9,Dozer Line,6.5,Grass/Brush,1,Held
CA-MEU-008674,Mendocino Complex,CA-MEU-008674_seg_00297,2018-08-04,val,8.6,972.0,1642.7,0.287,0.325,158.0,39.6,28.3,0.88,1126.0,Road as Line,9.0,Grass/Brush,1,Held
CA-MEU-008674,Mendocino Complex,CA-MEU-008674_seg_00298,2018-08-04,val,30.7,744.4,572.3,0.838,0.125,138.7,11.7,36.9,0.799,-935.8,Dozer Line,6.5,Grass/Brush,0,Burned Over
CA-MEU-008674,Mendocino Complex,CA-MEU-008674_seg_00299,2018-08-04,val,5.1,869.0,287.5,0.384,0.283,141.8,92.6,40.8,0.757,-404.1,Road as Line,9.0,Grass/Brush,1,Held
CA-MEU-008674,Mendocino Complex,CA-MEU-008674_seg_00300,2018-08-04,val,25.1,630.2,786.9,0.757,0.316,194.4,58.9,45.5,0.701,-576.4,Road as Line,9.0,Grass/Brush,1,Held
CA-MEU-008674,Mendocino Complex,CA-MEU-008674_seg_00301,2018-08-04,val,14.0,844.3,753.4,0.693,0.2,147.9,102.5,44.6,0.712,-493.8,Dozer Line,6.5,Grass/Brush,0,Burned Over
CA-MEU-008674,Mendocino Complex,CA-MEU-008674_seg_00302,2018-08-04,val,20.2,929.6,672.7,0.664,0.366,174.7,47.8,36.9,0.8,-522.7,Dozer Line,6.5,Grass/Brush,1,Held
CA-MEU-008674,Mendocino Complex,CA-MEU-008674_seg_00303,2018-08-04,val,19.3,787.2,336.5,0.813,0.15,137.5,12.6,34.8,0.821,-1127.4,Road as Line,9.0,Grass/Brush,1,Held
CA-MEU-008674,Mendocino Complex,CA-MEU-008674_seg_00304,2018-08-04,val,14.1,887.6,334.8,0.803,0.184,184.6,106.3,11.7,0.979,-1110.9,Road as Line,9.0,Grass/Brush,0,Burned Over
CA-MEU-008674,Mendocino Complex,CA-MEU-008674_seg_00305,2018-08-04,val,21.8,905.0,703.1,0.864,0.172,201.5,109.3,2.1,0.999,-852.6,Road as Line,9.0,Grass/Brush,0,Burned Over
CA-MEU-008674,Mendocino Complex,CA-MEU-008674_seg_00306,2018-08-04,val,17.4,794.6,1505.6,0.186,0.151,132.0,144.9,77.0,0.225,1170.0,Dozer Line,6.5,Grass/Brush,1,Held
CA-MEU-008674,Mendocino Complex,CA-MEU-008674_seg_00307,2018-08-04,val,42.8,1072.0,979.0,0.86,0.103,123.0,52.9,19.9,0.94,-568.6,Completed Hand Line,2.0,Grass/Brush,0,Burned Over
CA-MEU-008674,Mendocino Complex,CA-MEU-008674_seg_00308,2018-08-04,val,29.6,261.6,592.9,0.798,0.239,130.3,67.9,27.6,0.886,-844.1,Dozer Line,6.5,Grass/Brush,0,Burned Over
CA-MEU-008674,Mendocino Complex,CA-MEU-008674_seg_00309,2018-08-04,val,25.0,915.7,1525.9,0.701,0.279,130.0,28.6,11.5,0.98,264.4,Dozer Line,6.5,Grass/Brush,0,Burned Over
CA-MEU-008674,Mendocino Complex,CA-MEU-008674_seg_00310,2018-08-04,val,22.0,546.6,717.9,0.569,0.248,114.3,142.7,61.6,0.476,-306.6,Road as Line,9.0,Grass/Brush,1,Held
CA-MEU-008674,Mendocino Complex,CA-MEU-008674_seg_00311,2018-08-04,val,10.6,968.8,585.2,0.554,0.331,159.7,113.8,44.1,0.719,-412.7,Road as Line,9.0,Grass/Brush,1,Held
CA-MEU-008674,Mendocino Complex,CA-MEU-008674_seg_00312,2018-08-04,val,21.6,1220.4,406.5,0.758,0.264,143.0,84.2,31.1,0.856,-957.5,Road as Line,9.0,Grass/Brush,0,Burned Over
CA-MEU-008674,Mendocino Complex,CA-MEU-008674_seg_00313,2018-08-04,val,22.0,1041.5,575.0,0.559,0.332,147.4,168.7,68.7,0.364,-430.5,Completed Hand Line,2.0,Grass/Brush,0,Burned Over
CA-MEU-008674,Mendocino Complex,CA-MEU-008674_seg_00314,2018-08-04,val,17.9,522.0,1795.5,0.09,0.143,133.2,136.4,86.8,0.056,1633.4,Dozer Line,6.5,Grass/Brush,1,Held
CA-MEU-008674,Mendocino Complex,CA-MEU-008674_seg_00315,2018-08-04,val,5.7,252.0,1832.5,0.108,0.14,134.8,160.1,64.7,0.427,1637.2,Road as Line,9.0,Grass/Brush,1,Held
CA-MEU-008674,Mendocino Complex,CA-MEU-008674_seg_00316,2018-08-04,val,22.8,484.3,258.8,0.807,0.257,142.1,75.1,23.0,0.92,-1193.7,Completed Hand Line,2.0,Grass/Brush,0,Burned Over
CA-MEU-008674,Mendocino Complex,CA-MEU-008674_seg_00317,2018-08-04,val,11.6,1071.4,305.2,0.68,0.276,138.6,98.0,49.4,0.65,-918.2,Dozer Line,6.5,Grass/Brush,0,Burned Over
CA-MEU-008674,Mendocino Complex,CA-MEU-008674_seg_00318,2018-08-04,val,13.4,893.6,1257.0,0.239,0.256,156.2,173.8,72.4,0.303,827.3,Road as Line,9.0,Grass/Brush,1,Held
CA-MEU-008674,Mendocino Complex,CA-MEU-008674_seg_00319,2018-08-04,val,31.5,1178.7,734.4,0.713,0.201,178.0,5.0,83.0,0.121,-549.1,Dozer Line,6.5,Grass/Brush,1,Held
CA-MEU-008674,Mendocino Complex,CA-MEU-008674_seg_00320,2018-08-04,val,21.7,731.0,483.1,0.466,0.37,163.1,167.1,86.0,0.07,-356.5,Road as Line,9.0,Grass/Brush,1,Held
CA-MEU-008674,Mendocino Complex,CA-MEU-008674_seg_00321,2018-08-04,val,17.1,750.0,393.4,0.855,0.152,169.3,87.3,8.0,0.99,-1145.1,Dozer Line,6.5,Grass/Brush,0,Burned Over
CA-MEU-008674,Mendocino Complex,CA-MEU-008674_seg_00322,2018-08-04,val,19.1,821.3,487.1,0.524,0.358,138.5,152.7,75.9,0.244,-455.7,Dozer Line,6.5,Grass/Brush,1,Held
CA-MEU-008674,Mendocino Complex,CA-MEU-008674_seg_00323,2018-08-04,val,18.0,877.8,1196.3,0.402,0.421,183.2,18.9,74.3,0.271,473.4,Dozer Line,6.5,Grass/Brush,1,Held
CA-MEU-008674,Mendocino Complex,CA-MEU-008674_seg_00324,2018-08-04,val,29.5,952.0,2426.0,0.247,0.189,134.8,169.0,55.8,0.562,1981.8,Road as Line,9.0,Grass/Brush,1,Held
CA-MEU-008674,Mendocino Complex,CA-MEU-008674_seg_00325,2018-08-04,val,20.0,779.6,964.7,0.715,0.258,140.9,51.2,0.3,1.0,-321.9,Dozer Line,6.5,Grass/Brush,0,Burned Over
CA-MEU-008674,Mendocino Complex,CA-MEU-008674_seg_00326,2018-08-04,val,19.1,717.1,4256.7,0.013,0.011,182.0,25.3,66.7,0.395,4232.6,Dozer Line,6.5,Grass/Brush,1,Held
CA-MEU-008674,Mendocino Complex,CA-MEU-008674_seg_00327,2018-08-04,val,16.3,337.4,1708.3,0.518,0.36,143.5,98.2,44.7,0.711,775.2,Dozer Line,6.5,Grass/Brush,1,Held
CA-MEU-008674,Mendocino Complex,CA-MEU-008674_seg_00328,2018-08-04,val,17.0,829.1,1250.5,0.529,0.373,146.9,67.4,10.5,0.983,297.4,Dozer Line,6.5,Grass/Brush,1,Held
CA-MEU-008674,Mendocino Complex,CA-MEU-008674_seg_00329,2018-08-04,val,26.9,608.4,687.3,0.79,0.16,146.7,69.2,12.5,0.976,-734.7,Dozer Line,6.5,Grass/Brush,1,Held
CA-MEU-008674,Mendocino Complex,CA-MEU-008674_seg_00330,2018-08-04,val,22.8,727.5,2979.2,0.317,0.28,159.1,95.2,26.1,0.898,2407.7,Dozer Line,6.5,Grass/Brush,1,Held
CA-MEU-008674,Mendocino Complex,CA-MEU-008674_seg_00331,2018-08-04,val,19.1,731.2,5000.0,0.011,0.015,113.1,144.6,58.6,0.522,4979.4,Road as Line,9.0,Grass/Brush,1,Held
CA-MEU-008674,Mendocino Complex,CA-MEU-008674_seg_00332,2018-08-04,val,23.7,750.5,2642.2,0.166,0.143,150.5,91.3,30.8,0.859,2344.0,Dozer Line,6.5,Grass/Brush,1,Held
CA-MEU-008674,Mendocino Complex,CA-MEU-008674_seg_00333,2018-08-04,val,25.7,759.7,3583.9,0.099,0.097,160.1,145.2,75.1,0.257,3404.8,Road as Line,9.0,Grass/Brush,1,Held
CA-MEU-008674,Mendocino Complex,CA-MEU-008674_seg_00334,2018-08-04,val,14.4,685.9,1461.4,0.357,0.257,167.4,13.4,64.0,0.438,819.7,Dozer Line,6.5,Grass/Brush,1,Held
CA-MEU-008674,Mendocino Complex,CA-MEU-008674_seg_00335,2018-08-04,val,33.6,696.8,467.8,0.854,0.156,134.8,80.4,35.6,0.813,-1068.8,Dozer Line,6.5,Grass/Brush,0,Burned Over
CA-MEU-008674,Mendocino Complex,CA-MEU-008674_seg_00336,2018-08-04,val,1.0,720.1,748.5,0.226,0.199,129.8,117.1,77.3,0.22,341.6,Dozer Line,6.5,Grass/Brush,1,Held
CA-MEU-008674,Mendocino Complex,CA-MEU-008674_seg_00337,2018-08-04,val,18.4,1154.7,369.3,0.648,0.238,114.2,29.4,5.2,0.996,-796.8,Road as Line,9.0,Grass/Brush,0,Burned Over
CA-MEU-008674,Mendocino Complex,CA-MEU-008674_seg_00338,2018-08-04,val,25.2,1143.6,317.7,0.76,0.175,144.4,163.4,71.0,0.325,-1049.7,Road as Line,9.0,Grass/Brush,1,Held
CA-MEU-008674,Mendocino Complex,CA-MEU-008674_seg_00339,2018-08-04,val,24.5,935.9,2753.7,0.167,0.136,134.4,5.6,38.8,0.78,2453.0,Dozer Line,6.5,Grass/Brush,1,Held
CA-MEU-008674,Mendocino Complex,CA-MEU-008674_seg_00340,2018-08-04,val,20.1,446.8,3768.2,0.039,0.047,160.2,49.2,21.1,0.933,3697.7,Road as Line,9.0,Grass/Brush,1,Held
CA-MEU-008674,Mendocino Complex,CA-MEU-008674_seg_00341,2018-08-04,val,11.0,956.3,1006.5,0.605,0.348,139.1,78.4,29.3,0.872,-82.6,Dozer Line,6.5,Grass/Brush,0,Burned Over
CA-MEU-008674,Mendocino Complex,CA-MEU-008674_seg_00342,2018-08-04,val,11.3,985.7,180.7,0.54,0.219,133.4,118.8,75.4,0.252,-792.2,Dozer Line,6.5,Grass/Brush,1,Held
CA-MEU-008674,Mendocino Complex,CA-MEU-008674_seg_00343,2018-08-04,val,10.7,341.2,1828.3,0.138,0.135,170.8,18.0,62.8,0.457,1579.6,Dozer Line,6.5,Grass/Brush,1,Held
CA-MEU-008674,Mendocino Complex,CA-MEU-008674_seg_00344,2018-08-04,val,23.6,330.2,645.6,0.8,0.133,147.7,105.2,47.5,0.676,-793.6,Dozer Line,6.5,Grass/Brush,0,Burned Over
CA-MEU-008674,Mendocino Complex,CA-MEU-008674_seg_00345,2018-08-04,val,19.9,638.5,2907.1,0.079,0.116,165.4,13.5,61.8,0.472,2764.7,Dozer Line,6.5,Grass/Brush,1,Held
CA-MEU-008674,Mendocino Complex,CA-MEU-008674_seg_00346,2018-08-04,val,18.3,1255.5,463.6,0.787,0.208,111.1,63.0,41.9,0.745,-953.8,Road as Line,9.0,Grass/Brush,1,Held
CA-MEU-008674,Mendocino Complex,CA-MEU-008674_seg_00347,2018-08-04,val,25.8,1064.1,1214.2,0.571,0.324,140.9,63.6,12.7,0.975,185.7,Dozer Line,6.5,Grass/Brush,0,Burned Over
CA-MEU-008674,Mendocino Complex,CA-MEU-008674_seg_00348,2018-08-04,val,17.9,688.9,375.6,0.56,0.25,111.9,82.5,60.7,0.49,-633.1,Road as Line,9.0,Grass/Brush,0,Burned Over
CA-MEU-008674,Mendocino Complex,CA-MEU-008674_seg_00349,2018-08-04,val,15.0,741.6,186.6,0.558,0.321,156.0,162.2,83.8,0.109,-818.0,Road as Line,9.0,Grass/Brush,1,Held
CA-MEU-008674,Mendocino Complex,CA-MEU-008674_seg_00350,2018-08-04,val,15.9,414.1,554.2,0.803,0.219,164.5,51.5,23.0,0.92,-891.2,Dozer Line,6.5,Grass/Brush,0,Burned Over
CA-MEU-008674,Mendocino Complex,CA-MEU-008674_seg_00351,2018-08-04,val,14.7,789.1,246.7,0.739,0.242,147.8,43.2,14.6,0.968,-1083.0,Dozer Line,6.5,Grass/Brush,0,Burned Over
CA-MEU-008674,Mendocino Complex,CA-MEU-008674_seg_00352,2018-08-04,val,35.0,484.3,470.9,0.881,0.125,149.4,40.6,18.8,0.947,-1114.5,Dozer Line,6.5,Grass/Brush,0,Burned Over
CA-MEU-008674,Mendocino Complex,CA-MEU-008674_seg_00353,2018-08-04,val,23.2,920.6,514.3,0.704,0.25,156.3,10.6,55.7,0.564,-752.9,Dozer Line,6.5,Grass/Brush,0,Burned Over
CA-MEU-008674,Mendocino Complex,CA-MEU-008674_seg_00354,2018-08-04,val,30.8,1084.0,375.5,0.792,0.162,167.3,38.1,39.2,0.775,-1049.6,Dozer Line,6.5,Grass/Brush,1,Held
CA-MEU-008674,Mendocino Complex,CA-MEU-008674_seg_00355,2018-08-04,val,24.6,809.9,299.6,0.714,0.226,174.3,143.9,59.5,0.507,-985.0,Dozer Line,6.5,Grass/Brush,1,Held
CA-MEU-008674,Mendocino Complex,CA-MEU-008674_seg_00356,2018-08-04,val,21.7,1107.8,1179.2,0.759,0.234,143.1,47.7,5.4,0.996,-186.5,Dozer Line,6.5,Grass/Brush,0,Burned Over
CA-MEU-008674,Mendocino Complex,CA-MEU-008674_seg_00357,2018-08-04,val,14.3,459.8,1328.5,0.589,0.22,145.4,32.3,23.1,0.92,267.8,Dozer Line,6.5,Grass/Brush,1,Held
CA-MEU-008674,Mendocino Complex,CA-MEU-008674_seg_00358,2018-08-04,val,17.0,1113.8,1381.6,0.434,0.292,157.0,135.4,68.4,0.368,599.9,Dozer Line,6.5,Grass/Brush,1,Held
CA-MEU-008674,Mendocino Complex,CA-MEU-008674_seg_00359,2018-08-04,val,19.9,664.3,618.5,0.415,0.322,133.9,131.1,87.3,0.048,-128.4,Dozer Line,6.5,Grass/Brush,1,Held
CA-MEU-008674,Mendocino Complex,CA-MEU-008674_seg_00360,2018-08-04,val,21.5,991.8,900.0,0.498,0.445,155.7,0.4,65.3,0.418,3.5,Road as Line,9.0,Grass/Brush,1,Held
CA-MEU-008674,Mendocino Complex,CA-MEU-008674_seg_00361,2018-08-04,val,32.3,755.8,1545.3,0.699,0.266,151.8,31.9,29.8,0.868,287.6,Road as Line,9.0,Grass/Brush,1,Held
CA-MEU-008674,Mendocino Complex,CA-MEU-008674_seg_00362,2018-08-04,val,20.6,884.1,265.5,0.883,0.176,149.7,130.4,70.7,0.33,-1323.6,Dozer Line,6.5,Grass/Brush,1,Held
CA-MEU-008674,Mendocino Complex,CA-MEU-008674_seg_00363,2018-08-04,val,11.9,967.5,426.2,0.665,0.194,185.3,30.2,65.1,0.422,-771.3,Dozer Line,6.5,Grass/Brush,1,Held
CA-MEU-008674,Mendocino Complex,CA-MEU-008674_seg_00364,2018-08-04,val,8.7,820.3,182.2,0.602,0.291,159.7,20.6,49.2,0.654,-900.5,Road as Line,9.0,Grass/Brush,1,Held
CA-MEU-008674,Mendocino Complex,CA-MEU-008674_seg_00365,2018-08-04,val,15.3,957.5,229.2,0.608,0.358,173.0,154.5,71.4,0.318,-865.0,Dozer Line,6.5,Grass/Brush,1,Held
CA-MEU-008674,Mendocino Complex,CA-MEU-008674_seg_00366,2018-08-04,val,13.5,969.7,1194.7,0.461,0.278,184.4,15.0,79.3,0.185,364.4,Dozer Line,6.5,Grass/Brush,1,Held
CA-MEU-008674,Mendocino Complex,CA-MEU-008674_seg_00367,2018-08-04,val,22.2,1398.5,398.8,0.709,0.357,161.9,137.1,65.1,0.421,-876.5,Dozer Line,6.5,Grass/Brush,0,Burned Over
CA-MEU-008674,Mendocino Complex,CA-MEU-008674_seg_00368,2018-08-04,val,4.2,1273.9,293.6,0.758,0.31,161.9,115.0,43.1,0.73,-1070.7,Dozer Line,6.5,Grass/Brush,1,Held
CA-MEU-008674,Mendocino Complex,CA-MEU-008674_seg_00369,2018-08-04,val,19.5,895.0,753.1,0.754,0.266,130.1,83.2,43.1,0.73,-605.0,Completed Hand Line,2.0,Grass/Brush,0,Burned Over
CA-MEU-008674,Mendocino Complex,CA-MEU-008674_seg_00370,2018-08-04,val,18.5,940.8,256.3,0.723,0.239,155.7,12.1,53.6,0.594,-1045.8,Dozer Line,6.5,Grass/Brush,1,Held
CA-MEU-008674,Mendocino Complex,CA-MEU-008674_seg_00371,2018-08-04,val,31.5,860.4,234.2,0.758,0.178,176.1,165.1,79.0,0.19,-1129.7,Road as Line,9.0,Grass/Brush,1,Held
CA-MEU-008674,Mendocino Complex,CA-MEU-008674_seg_00372,2018-08-04,val,8.8,759.7,619.3,0.637,0.392,128.9,82.3,43.3,0.728,-527.4,Road as Line,9.0,Grass/Brush,1,Held
CA-MEU-008674,Mendocino Complex,CA-MEU-008674_seg_00373,2018-08-04,val,22.4,940.0,979.2,0.628,0.327,123.8,61.2,27.4,0.888,-150.5,Dozer Line,6.5,Grass/Brush,0,Burned Over
CA-MEU-008674,Mendocino Complex,CA-MEU-008674_seg_00374,2018-08-04,val,21.1,581.8,276.0,0.721,0.216,140.5,129.6,79.1,0.189,-1020.9,Road as Line,9.0,Grass/Brush,1,Held
CA-MEU-008674,Mendocino Complex,CA-MEU-008674_seg_00375,2018-08-04,val,31.3,753.3,4588.3,0.044,0.065,130.3,102.6,62.2,0.466,4509.4,Road as Line,9.0,Grass/Brush,1,Held
CA-MEU-008674,Mendocino Complex,CA-MEU-008674_seg_00376,2018-08-04,val,10.8,607.2,815.2,0.399,0.243,177.6,173.5,85.9,0.072,96.2,Dozer Line,6.5,Grass/Brush,1,Held
CA-MEU-008674,Mendocino Complex,CA-MEU-008674_seg_00377,2018-08-04,val,18.9,1148.3,2064.6,0.179,0.16,157.4,152.1,84.8,0.091,1742.7,Dozer Line,6.5,Grass/Brush,1,Held
CA-MEU-008674,Mendocino Complex,CA-MEU-008674_seg_00378,2018-08-04,val,13.1,962.5,178.3,0.579,0.279,158.6,18.7,49.9,0.644,-863.2,Dozer Line,6.5,Grass/Brush,0,Burned Over
CA-MEU-008674,Mendocino Complex,CA-MEU-008674_seg_00379,2018-08-04,val,14.8,701.1,480.0,0.815,0.157,158.8,73.0,4.1,0.997,-987.1,Road as Line,9.0,Grass/Brush,0,Burned Over
CA-MEU-008674,Mendocino Complex,CA-MEU-008674_seg_00380,2018-08-04,val,29.4,614.7,798.2,0.53,0.392,142.1,130.1,78.0,0.208,-156.6,Dozer Line,6.5,Grass/Brush,1,Held
CA-MEU-008674,Mendocino Complex,CA-MEU-008674_seg_00381,2018-08-04,val,30.8,844.0,671.8,0.658,0.197,160.2,143.8,73.6,0.282,-512.2,Dozer Line,6.5,Grass/Brush,1,Held
CA-MEU-008674,Mendocino Complex,CA-MEU-008674_seg_00382,2018-08-04,val,16.2,645.5,1227.5,0.527,0.322,144.7,82.4,27.7,0.885,278.6,Dozer Line,6.5,Grass/Brush,1,Held
CA-MEU-008674,Mendocino Complex,CA-MEU-008674_seg_00383,2018-08-04,val,19.4,419.4,1314.8,0.446,0.443,118.8,163.4,45.4,0.703,511.7,Dozer Line,6.5,Grass/Brush,1,Held
CA-MEU-008674,Mendocino Complex,CA-MEU-008674_seg_00384,2018-08-04,val,21.2,690.6,3749.9,0.031,0.026,143.9,157.2,76.7,0.23,3693.2,Dozer Line,6.5,Grass/Brush,1,Held
CA-MEU-008674,Mendocino Complex,CA-MEU-008674_seg_00385,2018-08-04,val,18.9,766.3,262.7,0.827,0.133,142.5,47.2,5.3,0.996,-1226.2,Dozer Line,6.5,Grass/Brush,0,Burned Over
CA-MEU-008674,Mendocino Complex,CA-MEU-008674_seg_00386,2018-08-04,val,14.8,990.9,649.9,0.498,0.435,146.4,125.1,68.6,0.365,-246.2,Road as Line,9.0,Grass/Brush,1,Held
CA-MEU-008674,Mendocino Complex,CA-MEU-008674_seg_00387,2018-08-04,val,22.9,962.8,318.3,0.832,0.15,138.9,12.7,36.2,0.807,-1178.6,Dozer Line,6.5,Grass/Brush,1,Held
CA-MEU-008674,Mendocino Complex,CA-MEU-008674_seg_00388,2018-08-04,val,23.5,855.0,235.7,0.798,0.159,130.1,73.4,33.2,0.836,-1201.2,Dozer Line,6.5,Grass/Brush,1,Held
CA-MEU-008674,Mendocino Complex,CA-MEU-008674_seg_00389,2018-08-04,val,25.7,643.4,1441.1,0.315,0.195,147.9,149.5,88.5,0.027,873.8,Completed Hand Line,2.0,Grass/Brush,1,Held
CA-MEU-008674,Mendocino Complex,CA-MEU-008674_seg_00390,2018-08-04,val,13.4,1041.4,421.3,0.41,0.25,167.0,178.6,78.4,0.201,-316.9,Dozer Line,6.5,Grass/Brush,1,Held
CA-MEU-008674,Mendocino Complex,CA-MEU-008674_seg_00391,2018-08-04,val,16.9,633.5,2107.7,0.329,0.326,123.2,75.5,42.3,0.74,1515.3,Dozer Line,6.5,Grass/Brush,1,Held
CA-MEU-008674,Mendocino Complex,CA-MEU-008674_seg_00392,2018-08-04,val,19.6,525.3,356.9,0.727,0.206,154.2,8.7,55.6,0.566,-951.8,Dozer Line,6.5,Grass/Brush,0,Burned Over
CA-MEU-008674,Mendocino Complex,CA-MEU-008674_seg_00393,2018-08-04,val,26.6,323.4,878.2,0.533,0.437,161.1,141.0,69.9,0.344,-80.7,Dozer Line,6.5,Grass/Brush,1,Held
CA-MEU-008674,Mendocino Complex,CA-MEU-008674_seg_00394,2018-08-04,val,16.4,783.4,4097.8,0.048,0.076,163.8,45.0,28.7,0.877,4010.8,Dozer Line,6.5,Grass/Brush,1,Held
CA-MEU-008674,Mendocino Complex,CA-MEU-008674_seg_00395,2018-08-04,val,27.7,1279.2,1324.6,0.62,0.244,132.8,25.1,17.6,0.953,209.2,Dozer Line,6.5,Grass/Brush,0,Burned Over
CA-MEU-008674,Mendocino Complex,CA-MEU-008674_seg_00396,2018-08-04,val,23.0,920.0,2682.2,0.281,0.361,158.3,117.5,49.2,0.653,2175.5,Dozer Line,6.5,Grass/Brush,1,Held
CA-MEU-008674,Mendocino Complex,CA-MEU-008674_seg_00397,2018-08-04,val,16.3,848.7,716.9,0.572,0.391,160.9,4.1,66.7,0.395,-312.6,Dozer Line,6.5,Grass/Brush,1,Held
CA-MEU-008674,Mendocino Complex,CA-MEU-008674_seg_00398,2018-08-04,val,41.7,437.2,572.8,0.743,0.183,159.0,134.3,65.3,0.418,-765.2,Road as Line,9.0,Grass/Brush,0,Burned Over
CA-MEU-008674,Mendocino Complex,CA-MEU-008674_seg_00399,2018-08-04,val,37.6,683.8,503.2,0.892,0.158,170.3,132.3,51.9,0.617,-1101.7,Dozer Line,6.5,Grass/Brush,1,Held
CA-MEU-008674,Mendocino Complex,CA-MEU-008674_seg_00400,2018-08-04,val,25.4,794.6,930.1,0.786,0.14,155.9,58.9,7.0,0.993,-484.6,Dozer Line,6.5,Grass/Brush,0,Burned Over
CA-MEU-008674,Mendocino Complex,CA-MEU-008674_seg_00401,2018-08-04,val,17.8,673.5,292.1,0.826,0.153,141.1,83.2,32.1,0.847,-1194.6,Completed Hand Line,2.0,Grass/Brush,0,Burned Over
CA-MEU-008674,Mendocino Complex,CA-MEU-008674_seg_00402,2018-08-04,val,10.0,391.7,3837.6,0.031,0.053,141.6,129.3,77.7,0.213,3781.3,Dozer Line,6.5,Grass/Brush,1,Held
CA-MEU-008674,Mendocino Complex,CA-MEU-008674_seg_00403,2018-08-04,val,22.5,1221.5,601.5,0.656,0.247,161.9,105.1,33.2,0.836,-579.9,Dozer Line,6.5,Grass/Brush,1,Held
CA-MEU-008674,Mendocino Complex,CA-MEU-008674_seg_00404,2018-08-04,val,27.2,875.4,240.4,0.873,0.106,138.3,5.4,42.9,0.733,-1331.0,Road as Line,9.0,Grass/Brush,0,Burned Over
CA-MEU-008674,Mendocino Complex,CA-MEU-008674_seg_00405,2018-08-04,val,18.2,602.1,2805.1,0.123,0.137,155.5,46.0,19.5,0.943,2584.1,Dozer Line,6.5,Grass/Brush,1,Held
CA-MEU-008674,Mendocino Complex,CA-MEU-008674_seg_00406,2018-08-04,val,25.5,1129.5,3504.0,0.073,0.104,149.8,67.6,7.9,0.991,3373.5,Dozer Line,6.5,Grass/Brush,1,Held
CA-MEU-008674,Mendocino Complex,CA-MEU-008674_seg_00407,2018-08-04,val,19.8,806.5,990.2,0.524,0.277,185.2,23.1,72.1,0.307,47.6,Dozer Line,6.5,Grass/Brush,1,Held
CA-MEU-008674,Mendocino Complex,CA-MEU-008674_seg_00408,2018-08-04,val,10.8,994.2,2431.5,0.21,0.201,164.6,48.6,26.0,0.899,2054.1,Dozer Line,6.5,Grass/Brush,1,Held
CA-MEU-008674,Mendocino Complex,CA-MEU-008674_seg_00409,2018-08-04,val,16.1,734.2,260.3,0.704,0.234,163.9,123.3,49.4,0.651,-1007.2,Dozer Line,6.5,Grass/Brush,1,Held
CA-MEU-008674,Mendocino Complex,CA-MEU-008674_seg_00410,2018-08-04,val,7.2,767.0,419.6,0.739,0.231,168.1,120.0,41.9,0.744,-910.9,Road as Line,9.0,Grass/Brush,0,Burned Over
CA-MEU-008674,Mendocino Complex,CA-MEU-008674_seg_00411,2018-08-04,val,15.3,1229.9,2740.3,0.14,0.138,126.4,76.1,39.7,0.769,2488.2,Road as Line,9.0,Grass/Brush,1,Held
CA-MEU-008674,Mendocino Complex,CA-MEU-008674_seg_00412,2018-08-04,val,9.0,1050.9,806.5,0.579,0.268,125.4,14.6,20.8,0.935,-235.7,Dozer Line,6.5,Grass/Brush,0,Burned Over
CA-MEU-008674,Mendocino Complex,CA-MEU-008674_seg_00413,2018-08-04,val,23.3,863.7,651.6,0.691,0.319,162.8,115.1,42.2,0.741,-592.6,Dozer Line,6.5,Grass/Brush,0,Burned Over
CA-MEU-008674,Mendocino Complex,CA-MEU-008674_seg_00414,2018-08-04,val,14.2,619.9,319.5,0.546,0.325,188.5,33.8,64.7,0.428,-663.9,Dozer Line,6.5,Grass/Brush,1,Held
CA-MEU-008674,Mendocino Complex,CA-MEU-008674_seg_00415,2018-08-04,val,30.3,1287.8,823.8,0.48,0.422,114.8,115.4,89.3,0.012,-40.5,Dozer Line,6.5,Grass/Brush,1,Held
CA-MEU-008674,Mendocino Complex,CA-MEU-008674_seg_00416,2018-08-04,val,13.7,560.4,1165.7,0.443,0.442,163.1,94.6,21.5,0.93,368.9,Road as Line,9.0,Grass/Brush,1,Held
CA-MEU-008674,Mendocino Complex,CA-MEU-008674_seg_00417,2018-08-04,val,24.4,888.4,212.8,0.791,0.277,144.9,89.0,34.1,0.828,-1210.7,Completed Hand Line,2.0,Grass/Brush,0,Burned Over
CA-MEU-008674,Mendocino Complex,CA-MEU-008674_seg_00418,2018-08-04,val,16.9,753.0,471.6,0.754,0.201,160.0,45.1,24.9,0.907,-885.9,Dozer Line,6.5,Grass/Brush,0,Burned Over
CA-MEU-008674,Mendocino Complex,CA-MEU-008674_seg_00419,2018-08-04,val,18.4,675.0,1267.5,0.536,0.305,128.7,19.4,19.2,0.944,303.1,Dozer Line,6.5,Grass/Brush,1,Held
CA-MEU-008674,Mendocino Complex,CA-MEU-008674_seg_00420,2018-08-04,val,16.4,468.7,739.8,0.743,0.189,140.0,40.7,9.3,0.987,-598.2,Dozer Line,6.5,Grass/Brush,1,Held
CA-MEU-008674,Mendocino Complex,CA-MEU-008674_seg_00421,2018-08-04,val,12.9,696.8,746.3,0.619,0.332,148.6,81.9,23.3,0.919,-367.7,Dozer Line,6.5,Grass/Brush,1,Held
CA-MEU-008674,Mendocino Complex,CA-MEU-008674_seg_00422,2018-08-04,val,8.8,1211.4,443.7,0.453,0.203,149.2,127.8,68.6,0.365,-371.2,Road as Line,9.0,Grass/Brush,1,Held
CA-MEU-008674,Mendocino Complex,CA-MEU-008674_seg_00423,2018-08-04,val,12.2,794.1,725.5,0.442,0.366,149.8,125.1,65.3,0.418,-69.8,Dozer Line,6.5,Grass/Brush,1,Held
CA-MEU-008674,Mendocino Complex,CA-MEU-008674_seg_00424,2018-08-04,val,23.6,1083.4,165.5,0.899,0.073,152.5,135.5,73.1,0.292,-1452.4,Road as Line,9.0,Grass/Brush,1,Held
CA-MEU-008674,Mendocino Complex,CA-MEU-008674_seg_00425,2018-08-04,val,11.9,806.3,789.4,0.581,0.276,154.8,119.9,55.1,0.572,-256.5,Road as Line,9.0,Grass/Brush,1,Held
CA-MEU-008674,Mendocino Complex,CA-MEU-008674_seg_00426,2018-08-04,val,15.0,821.4,987.8,0.424,0.343,170.3,167.4,87.2,0.05,225.3,Road as Line,9.0,Grass/Brush,1,Held
CA-MEU-008674,Mendocino Complex,CA-MEU-008674_seg_00427,2018-08-04,val,21.3,709.6,3496.7,0.074,0.06,145.9,117.2,61.3,0.481,3364.1,Dozer Line,6.5,Grass/Brush,1,Held
CA-MEU-008674,Mendocino Complex,CA-MEU-008674_seg_00428,2018-08-04,val,15.2,666.3,419.4,0.603,0.363,138.9,1.8,47.1,0.681,-666.9,Road as Line,9.0,Grass/Brush,0,Burned Over
CA-MEU-008674,Mendocino Complex,CA-MEU-008674_seg_00429,2018-08-04,val,19.0,1032.1,657.8,0.639,0.209,138.8,65.0,16.2,0.96,-493.1,Dozer Line,6.5,Grass/Brush,0,Burned Over
CA-MEU-008674,Mendocino Complex,CA-MEU-008674_seg_00430,2018-08-04,val,25.6,1129.1,630.6,0.716,0.291,141.3,171.5,59.8,0.503,-658.6,Dozer Line,6.5,Grass/Brush,0,Burned Over
CA-MEU-008674,Mendocino Complex,CA-MEU-008674_seg_00431,2018-08-04,val,24.7,850.7,1122.8,0.654,0.34,142.8,90.2,37.4,0.794,-53.8,Road as Line,9.0,Grass/Brush,1,Held
CA-MEU-008674,Mendocino Complex,CA-MEU-008674_seg_00432,2018-08-04,val,13.4,981.7,240.0,0.805,0.219,127.9,97.5,59.6,0.506,-1209.6,Dozer Line,6.5,Grass/Brush,0,Burned Over
CA-MEU-008674,Mendocino Complex,CA-MEU-008674_seg_00433,2018-08-04,val,9.8,1327.1,304.5,0.702,0.254,131.6,13.3,28.3,0.881,-959.4,Dozer Line,6.5,Grass/Brush,1,Held
CA-MEU-008674,Mendocino Complex,CA-MEU-008674_seg_00434,2018-08-04,val,21.6,647.0,660.3,0.554,0.435,84.8,74.5,79.7,0.179,-337.5,Road as Line,9.0,Grass/Brush,1,Held
CA-MEU-008674,Mendocino Complex,CA-MEU-008674_seg_00435,2018-08-04,val,9.4,1052.7,1629.0,0.139,0.202,116.2,118.2,88.0,0.035,1378.8,Completed Hand Line,2.0,Grass/Brush,1,Held
CA-MEU-008674,Mendocino Complex,CA-MEU-008674_seg_00436,2018-08-04,val,30.1,811.6,2446.4,0.198,0.178,162.9,34.1,38.8,0.78,2090.2,Dozer Line,6.5,Grass/Brush,1,Held
CA-MEU-008674,Mendocino Complex,CA-MEU-008674_seg_00437,2018-08-04,val,24.9,521.2,1087.9,0.61,0.271,160.2,42.8,27.4,0.887,-10.9,Road as Line,9.0,Grass/Brush,0,Burned Over
CA-MEU-008674,Mendocino Complex,CA-MEU-008674_seg_00438,2018-08-04,val,9.1,758.3,699.7,0.705,0.259,138.5,16.3,32.2,0.846,-569.4,Dozer Line,6.5,Grass/Brush,0,Burned Over
CA-MEU-008674,Mendocino Complex,CA-MEU-008674_seg_00439,2018-08-04,val,8.6,601.3,3991.1,0.008,0.009,151.4,137.5,76.1,0.24,3976.8,Dozer Line,6.5,Grass/Brush,1,Held
CA-MEU-008674,Mendocino Complex,CA-MEU-008674_seg_00440,2018-08-04,val,23.2,1166.3,729.2,0.703,0.215,133.5,5.5,38.0,0.788,-536.6,Dozer Line,6.5,Grass/Brush,0,Burned Over
CA-MEU-008674,Mendocino Complex,CA-MEU-008674_seg_00441,2018-08-04,val,17.8,1129.1,330.8,0.481,0.431,185.3,0.1,84.8,0.091,-535.7,Road as Line,9.0,Grass/Brush,1,Held
CA-MEU-008674,Mendocino Complex,CA-MEU-008674_seg_00442,2018-08-04,val,16.6,992.9,1184.8,0.507,0.307,114.9,136.5,68.4,0.368,271.7,Dozer Line,6.5,Grass/Brush,1,Held
CA-MEU-008674,Mendocino Complex,CA-MEU-008674_seg_00443,2018-08-04,val,14.0,738.4,989.7,0.485,0.305,169.3,139.4,60.0,0.499,116.3,Dozer Line,6.5,Grass/Brush,1,Held
CA-MEU-008674,Mendocino Complex,CA-MEU-008674_seg_00444,2018-08-04,val,11.9,770.8,623.4,0.462,0.409,163.1,118.7,45.6,0.699,-208.6,Dozer Line,6.5,Grass/Brush,1,Held
CA-MEU-008674,Mendocino Complex,CA-MEU-008674_seg_00445,2018-08-04,val,30.9,817.9,485.6,0.905,0.069,124.9,36.2,1.3,1.0,-1143.6,Road as Line,9.0,Grass/Brush,0,Burned Over
CA-MEU-008674,Mendocino Complex,CA-MEU-008674_seg_00446,2018-08-04,val,22.0,556.7,1795.8,0.575,0.38,151.6,95.9,34.2,0.827,760.1,Dozer Line,6.5,Grass/Brush,1,Held
CA-MEU-008674,Mendocino Complex,CA-MEU-008674_seg_00447,2018-08-04,val,19.5,993.8,269.1,0.724,0.244,185.2,38.2,57.0,0.545,-1034.4,Road as Line,9.0,Grass/Brush,1,Held
CA-MEU-008674,Mendocino Complex,CA-MEU-008674_seg_00448,2018-08-04,val,18.2,540.3,189.9,0.805,0.128,146.9,8.8,48.2,0.667,-1259.0,Dozer Line,6.5,Grass/Brush,1,Held
CA-MEU-008674,Mendocino Complex,CA-MEU-008674_seg_00449,2018-08-04,val,29.3,667.0,165.7,0.891,0.142,194.0,138.3,34.4,0.825,-1439.0,Completed Hand Line,2.0,Grass/Brush,0,Burned Over
CA-MEU-008674,Mendocino Complex,CA-MEU-008674_seg_00450,2018-08-04,val,16.0,240.9,848.0,0.621,0.261,150.8,46.4,14.4,0.969,-270.7,Dozer Line,6.5,Grass/Brush,1,Held
CA-MEU-008674,Mendocino Complex,CA-MEU-008674_seg_00451,2018-08-04,val,12.3,417.3,189.6,0.671,0.2,142.5,114.5,62.0,0.47,-1018.6,Dozer Line,6.5,Grass/Brush,1,Held
CA-MEU-008674,Mendocino Complex,CA-MEU-008674_seg_00452,2018-08-04,val,20.0,1016.5,3984.7,0.056,0.077,143.9,19.7,34.2,0.827,3883.5,Dozer Line,6.5,Grass/Brush,1,Held
CA-MEU-008674,Mendocino Complex,CA-MEU-008674_seg_00453,2018-08-04,val,20.0,788.6,2949.5,0.119,0.121,142.7,15.6,37.1,0.798,2735.0,Dozer Line,6.5,Grass/Brush,1,Held
CA-MEU-008674,Mendocino Complex,CA-MEU-008674_seg_00454,2018-08-04,val,25.9,1021.8,390.3,0.81,0.236,124.4,11.3,23.0,0.92,-1068.6,Dozer Line,6.5,Grass/Brush,0,Burned Over
CA-MEU-008674,Mendocino Complex,CA-MEU-008674_seg_00455,2018-08-04,val,12.8,876.5,862.3,0.586,0.401,130.4,97.6,57.2,0.541,-191.8,Dozer Line,6.5,Grass/Brush,1,Held
CA-MEU-008674,Mendocino Complex,CA-MEU-008674_seg_00456,2018-08-04,val,10.8,1022.2,2869.2,0.025,0.039,172.2,168.8,86.7,0.058,2824.1,Road as Line,9.0,Grass/Brush,1,Held
CA-MEU-008674,Mendocino Complex,CA-MEU-008674_seg_00457,2018-08-04,val,5.8,314.8,1065.6,0.591,0.351,143.2,99.0,45.8,0.697,1.9,Dozer Line,6.5,Grass/Brush,1,Held
CA-MEU-008674,Mendocino Complex,CA-MEU-008674_seg_00458,2018-08-04,val,28.7,878.0,424.6,0.677,0.273,128.3,102.3,64.0,0.438,-793.7,Dozer Line,6.5,Grass/Brush,1,Held
CA-MEU-008674,Mendocino Complex,CA-MEU-008674_seg_00459,2018-08-04,val,17.1,318.3,663.7,0.75,0.211,147.0,84.9,27.9,0.884,-687.1,Dozer Line,6.5,Grass/Brush,0,Burned Over
CA-MEU-008674,Mendocino Complex,CA-MEU-008674_seg_00460,2018-08-04,val,10.3,969.1,840.9,0.692,0.275,113.5,10.2,13.3,0.973,-405.6,Dozer Line,6.5,Grass/Brush,0,Burned Over
CA-MEU-008674,Mendocino Complex,CA-MEU-008674_seg_00461,2018-08-04,val,9.7,977.8,1878.8,0.249,0.179,154.9,109.2,44.3,0.716,1431.1,Completed Hand Line,2.0,Grass/Brush,1,Held
CA-MEU-008674,Mendocino Complex,CA-MEU-008674_seg_00462,2018-08-04,val,18.7,787.2,1825.1,0.562,0.2,161.9,90.6,18.8,0.947,813.8,Dozer Line,6.5,Grass/Brush,1,Held
CA-MEU-008674,Mendocino Complex,CA-MEU-008674_seg_00463,2018-08-04,val,19.1,502.8,521.6,0.502,0.244,125.8,115.8,80.0,0.174,-381.8,Dozer Line,6.5,Grass/Brush,1,Held
CA-MEU-008674,Mendocino Complex,CA-MEU-008674_seg_00464,2018-08-04,val,24.6,948.5,791.7,0.731,0.176,179.3,103.7,14.4,0.969,-523.6,Road as Line,9.0,Grass/Brush,1,Held
CA-MEU-008674,Mendocino Complex,CA-MEU-008674_seg_00465,2018-08-04,val,11.5,873.7,4465.0,0.018,0.029,139.3,129.5,80.1,0.172,4432.4,Dozer Line,6.5,Grass/Brush,1,Held
CA-MEU-008674,Mendocino Complex,CA-MEU-008674_seg_00466,2018-08-04,val,8.0,779.7,1172.4,0.311,0.283,159.3,170.7,78.7,0.197,611.8,Road as Line,9.0,Grass/Brush,1,Held
CA-MEU-008674,Mendocino Complex,CA-MEU-008674_seg_00467,2018-08-04,val,25.4,1173.1,494.7,0.912,0.07,154.5,85.7,21.3,0.932,-1146.5,Dozer Line,6.5,Grass/Brush,0,Burned Over
CA-MEU-008674,Mendocino Complex,CA-MEU-008674_seg_00468,2018-08-04,val,17.6,1225.9,790.7,0.242,0.149,190.3,10.9,89.4,0.01,354.8,Dozer Line,6.5,Grass/Brush,1,Held
CA-MEU-008674,Mendocino Complex,CA-MEU-008674_seg_00469,2018-08-04,val,17.3,1364.5,832.8,0.648,0.293,146.3,40.2,16.1,0.961,-332.7,Dozer Line,6.5,Grass/Brush,1,Held
CA-MEU-008674,Mendocino Complex,CA-MEU-008674_seg_00470,2018-08-04,val,9.8,546.5,717.5,0.342,0.355,135.1,162.0,63.1,0.452,101.9,Dozer Line,6.5,Grass/Brush,1,Held
CA-MEU-008674,Mendocino Complex,CA-MEU-008674_seg_00471,2018-08-04,val,15.5,956.9,871.9,0.479,0.419,140.7,138.5,87.7,0.039,9.5,Dozer Line,6.5,Grass/Brush,1,Held
CA-MEU-008674,Mendocino Complex,CA-MEU-008674_seg_00472,2018-08-04,val,16.9,983.1,1092.1,0.537,0.24,156.0,34.6,31.4,0.854,125.0,Dozer Line,6.5,Grass/Brush,0,Burned Over
CA-MEU-008674,Mendocino Complex,CA-MEU-008674_seg_00473,2018-08-04,val,20.4,918.5,1044.2,0.513,0.379,133.7,19.8,23.9,0.914,120.6,Road as Line,9.0,Grass/Brush,1,Held
CA-MEU-008674,Mendocino Complex,CA-MEU-008674_seg_00474,2018-08-04,val,11.0,1453.0,799.5,0.395,0.43,166.9,45.2,31.7,0.851,88.1,Dozer Line,6.5,Grass/Brush,1,Held
CA-MEU-008674,Mendocino Complex,CA-MEU-008674_seg_00475,2018-08-04,val,36.4,387.6,1849.7,0.43,0.297,150.4,84.5,24.1,0.913,1076.5,Dozer Line,6.5,Grass/Brush,0,Burned Over
CA-MEU-008674,Mendocino Complex,CA-MEU-008674_seg_00476,2018-08-04,val,24.7,1105.9,1168.1,0.799,0.243,143.4,32.2,21.3,0.932,-270.1,Dozer Line,6.5,Grass/Brush,0,Burned Over
CA-MEU-008674,Mendocino Complex,CA-MEU-008674_seg_00477,2018-08-04,val,17.3,449.0,1884.2,0.15,0.133,157.9,156.1,88.2,0.031,1614.0,Dozer Line,6.5,Grass/Brush,1,Held
CA-MEU-008674,Mendocino Complex,CA-MEU-008674_seg_00478,2018-08-04,val,17.9,641.7,229.9,0.821,0.196,138.4,66.3,17.9,0.952,-1248.5,Dozer Line,6.5,Grass/Brush,0,Burned Over
CA-MEU-008674,Mendocino Complex,CA-MEU-008674_seg_00479,2018-08-04,val,18.6,848.4,661.7,0.595,0.413,152.1,160.3,81.8,0.142,-409.9,Dozer Line,6.5,Grass/Brush,1,Held
CA-MEU-008674,Mendocino Complex,CA-MEU-008674_seg_00480,2018-08-04,val,5.7,589.9,5000.0,0.006,0.011,120.6,1.6,28.9,0.875,4988.5,Dozer Line,6.5,Grass/Brush,1,Held
CA-MEU-008674,Mendocino Complex,CA-MEU-008674_seg_00481,2018-08-04,val,17.7,438.8,266.3,0.865,0.136,169.6,117.8,38.1,0.787,-1291.0,Dozer Line,6.5,Grass/Brush,1,Held
CA-MEU-008674,Mendocino Complex,CA-MEU-008674_seg_00482,2018-08-04,val,14.7,1038.4,1327.3,0.639,0.343,144.1,52.6,1.5,1.0,177.3,Dozer Line,6.5,Grass/Brush,0,Burned Over
CA-MEU-008674,Mendocino Complex,CA-MEU-008674_seg_00483,2018-08-04,val,26.9,932.9,1093.3,0.606,0.346,161.9,153.2,81.2,0.152,2.3,Dozer Line,6.5,Grass/Brush,1,Held
CA-MEU-008674,Mendocino Complex,CA-MEU-008674_seg_00484,2018-08-04,val,22.7,890.5,485.8,0.778,0.145,160.0,71.4,1.4,1.0,-915.3,Dozer Line,6.5,Grass/Brush,0,Burned Over
CA-MEU-008674,Mendocino Complex,CA-MEU-008674_seg_00485,2018-08-04,val,27.8,1106.7,429.1,0.803,0.134,163.4,42.4,30.9,0.858,-1016.9,Road as Line,9.0,Grass/Brush,0,Burned Over
CA-MEU-008674,Mendocino Complex,CA-MEU-008674_seg_00486,2018-08-04,val,18.0,511.8,831.1,0.66,0.326,165.3,113.7,38.4,0.784,-356.3,Dozer Line,6.5,Grass/Brush,1,Held
CA-MEU-008674,Mendocino Complex,CA-MEU-008674_seg_00487,2018-08-04,val,17.1,936.4,273.7,0.837,0.168,120.9,171.1,39.7,0.769,-1233.6,Completed Hand Line,2.0,Grass/Brush,0,Burned Over
CA-MEU-008674,Mendocino Complex,CA-MEU-008674_seg_00488,2018-08-04,val,22.6,701.9,1814.2,0.425,0.346,132.5,13.0,29.4,0.871,1048.4,Road as Line,9.0,Grass/Brush,1,Held
CA-MEU-008674,Mendocino Complex,CA-MEU-008674_seg_00489,2018-08-04,val,14.0,1041.4,281.9,0.695,0.26,167.3,137.5,60.2,0.497,-968.7,Dozer Line,6.5,Grass/Brush,0,Burned Over
CA-MEU-008674,Mendocino Complex,CA-MEU-008674_seg_00490,2018-08-04,val,6.5,843.2,392.0,0.486,0.304,148.3,142.3,84.0,0.105,-483.0,Dozer Line,6.5,Grass/Brush,1,Held
CA-MEU-008674,Mendocino Complex,CA-MEU-008674_seg_00491,2018-08-04,val,14.1,757.2,1324.6,0.306,0.359,176.8,149.3,62.5,0.462,773.3,Dozer Line,6.5,Grass/Brush,1,Held
CA-MEU-008674,Mendocino Complex,CA-MEU-008674_seg_00492,2018-08-04,val,19.0,1105.1,1093.2,0.691,0.369,140.5,88.5,38.0,0.788,-150.2,Road as Line,9.0,Grass/Brush,1,Held
CA-MEU-008674,Mendocino Complex,CA-MEU-008674_seg_00493,2018-08-04,val,29.6,540.7,533.9,0.6,0.329,177.5,164.0,76.5,0.233,-546.6,Dozer Line,6.5,Grass/Brush,0,Burned Over
CA-MEU-008674,Mendocino Complex,CA-MEU-008674_seg_00494,2018-08-04,val,18.2,953.2,3258.4,0.056,0.075,137.1,12.2,34.9,0.82,3156.7,Dozer Line,6.5,Grass/Brush,1,Held
CA-MEU-008674,Mendocino Complex,CA-MEU-008674_seg_00495,2018-08-04,val,19.0,1086.6,187.1,0.81,0.162,130.6,167.4,53.2,0.599,-1271.1,Dozer Line,6.5,Grass/Brush,0,Burned Over
CA-MEU-008674,Mendocino Complex,CA-MEU-008674_seg_00496,2018-08-04,val,9.9,900.1,878.5,0.447,0.38,151.2,14.5,46.7,0.686,73.4,Dozer Line,6.5,Grass/Brush,1,Held
CA-MEU-008674,Mendocino Complex,CA-MEU-008674_seg_00497,2018-08-04,val,16.6,701.8,1188.1,0.633,0.228,170.5,135.7,55.1,0.572,49.6,Completed Hand Line,2.0,Grass/Brush,1,Held
CA-MEU-008674,Mendocino Complex,CA-MEU-008674_seg_00498,2018-08-04,val,13.7,887.0,2505.3,0.156,0.216,145.4,91.6,36.3,0.806,2224.7,Road as Line,9.0,Grass/Brush,1,Held
CA-MEU-008674,Mendocino Complex,CA-MEU-008674_seg_00499,2018-08-04,val,11.3,957.8,638.1,0.729,0.169,167.1,77.4,0.3,1.0,-673.6,Road as Line,9.0,Grass/Brush,1,Held
CA-MEU-008674,Mendocino Complex,CA-MEU-008674_seg_00500,2018-08-04,val,8.5,849.6,1251.9,0.567,0.433,151.1,41.7,19.4,0.943,230.6,Road as Line,9.0,Grass/Brush,1,Held
CA-MEU-008674,Mendocino Complex,CA-MEU-008674_seg_00501,2018-08-04,val,22.6,946.9,347.8,0.827,0.186,175.3,71.5,13.8,0.971,-1141.5,Dozer Line,6.5,Grass/Brush,0,Burned Over
CA-MEU-008674,Mendocino Complex,CA-MEU-008674_seg_00502,2018-08-04,val,12.2,1501.6,938.9,0.457,0.346,137.9,151.2,76.8,0.229,117.1,Dozer Line,6.5,Grass/Brush,1,Held
CA-MEU-008674,Mendocino Complex,CA-MEU-008674_seg_00503,2018-08-04,val,6.6,870.1,455.5,0.514,0.263,170.3,3.4,76.8,0.228,-470.1,Dozer Line,6.5,Grass/Brush,1,Held
CA-MEU-008674,Mendocino Complex,CA-MEU-008674_seg_00504,2018-08-04,val,9.8,1016.5,611.6,0.528,0.387,203.8,8.4,74.7,0.265,-339.3,Dozer Line,6.5,Grass/Brush,1,Held
CA-MEU-008674,Mendocino Complex,CA-MEU-008674_seg_00505,2018-08-04,val,12.6,725.2,603.9,0.654,0.287,108.8,5.0,13.8,0.971,-573.6,Dozer Line,6.5,Grass/Brush,1,Held
CA-MEU-008674,Mendocino Complex,CA-MEU-008674_seg_00506,2018-08-04,val,23.4,846.1,466.0,0.807,0.144,156.0,103.0,37.0,0.799,-986.8,Road as Line,9.0,Grass/Brush,1,Held
CA-MEU-008674,Mendocino Complex,CA-MEU-008674_seg_00507,2018-08-04,val,23.1,911.3,1515.8,0.541,0.434,133.9,71.0,27.1,0.89,541.4,Dozer Line,6.5,Grass/Brush,1,Held
CA-MEU-008674,Mendocino Complex,CA-MEU-008674_seg_00508,2018-08-04,val,23.6,906.4,720.5,0.785,0.158,148.6,50.1,8.5,0.989,-692.6,Dozer Line,6.5,Grass/Brush,0,Burned Over
CA-MEU-008674,Mendocino Complex,CA-MEU-008674_seg_00509,2018-08-04,val,8.0,1124.9,342.2,0.713,0.203,126.6,47.4,10.8,0.982,-940.4,Dozer Line,6.5,Grass/Brush,1,Held
CA-MEU-008674,Mendocino Complex,CA-MEU-008674_seg_00510,2018-08-04,val,28.9,533.9,1511.3,0.333,0.246,136.0,142.3,83.7,0.109,911.5,Dozer Line,6.5,Grass/Brush,1,Held
CA-MEU-008674,Mendocino Complex,CA-MEU-008674_seg_00511,2018-08-04,val,18.8,1109.3,628.1,0.63,0.347,169.1,139.3,60.3,0.496,-505.6,Dozer Line,6.5,Grass/Brush,0,Burned Over
CA-MEU-008674,Mendocino Complex,CA-MEU-008674_seg_00512,2018-08-04,val,16.1,1017.1,819.0,0.502,0.315,130.3,133.3,87.0,0.053,-84.8,Dozer Line,6.5,Grass/Brush,1,Held
CA-MEU-008674,Mendocino Complex,CA-MEU-008674_seg_00513,2018-08-04,val,23.2,851.8,523.8,0.664,0.293,118.3,69.4,41.1,0.754,-671.7,Road as Line,9.0,Grass/Brush,1,Held
CA-MEU-008674,Mendocino Complex,CA-MEU-008674_seg_00514,2018-08-04,val,4.4,339.0,698.2,0.419,0.292,147.5,43.3,14.3,0.969,-56.7,Dozer Line,6.5,Grass/Brush,1,Held
CA-MEU-008674,Mendocino Complex,CA-MEU-008674_seg_00515,2018-08-04,val,29.5,1048.2,2691.0,0.259,0.171,140.0,150.6,79.4,0.184,2225.4,Dozer Line,6.5,Grass/Brush,1,Held
CA-MEU-008674,Mendocino Complex,CA-MEU-008674_seg_00516,2018-08-04,val,10.4,796.0,1710.2,0.576,0.305,162.1,59.2,12.8,0.975,674.0,Dozer Line,6.5,Grass/Brush,1,Held
CA-MEU-008674,Mendocino Complex,CA-MEU-008674_seg_00517,2018-08-04,val,11.9,595.9,1066.3,0.501,0.398,134.8,75.1,30.2,0.864,165.0,Completed Hand Line,2.0,Grass/Brush,1,Held
CA-MEU-008674,Mendocino Complex,CA-MEU-008674_seg_00518,2018-08-04,val,20.9,510.4,3331.9,0.065,0.064,132.1,16.9,25.2,0.905,3214.8,Dozer Line,6.5,Grass/Brush,1,Held
CA-MEU-008674,Mendocino Complex,CA-MEU-008674_seg_00519,2018-08-04,val,14.5,361.5,3219.2,0.043,0.045,117.1,104.5,77.4,0.219,3141.5,Dozer Line,6.5,Grass/Brush,1,Held
CA-MEU-008674,Mendocino Complex,CA-MEU-008674_seg_00520,2018-08-04,val,27.0,708.0,439.8,0.855,0.119,118.8,50.0,21.2,0.932,-1099.4,Dozer Line,6.5,Grass/Brush,0,Burned Over
CA-MEU-008674,Mendocino Complex,CA-MEU-008674_seg_00521,2018-08-04,val,17.6,467.5,1507.7,0.498,0.347,109.7,144.3,55.4,0.568,611.7,Dozer Line,6.5,Grass/Brush,1,Held
CA-MEU-008674,Mendocino Complex,CA-MEU-008674_seg_00522,2018-08-04,val,21.2,661.4,189.1,0.829,0.255,132.6,12.6,29.9,0.867,-1302.6,Road as Line,9.0,Grass/Brush,0,Burned Over
CA-MEU-008674,Mendocino Complex,CA-MEU-008674_seg_00523,2018-08-04,val,20.5,962.1,927.9,0.812,0.207,170.3,59.0,21.3,0.932,-533.4,Dozer Line,6.5,Grass/Brush,0,Burned Over
CA-MEU-008674,Mendocino Complex,CA-MEU-008674_seg_00524,2018-08-04,val,25.0,1001.7,1380.5,0.466,0.36,131.3,101.2,59.9,0.502,540.9,Dozer Line,6.5,Grass/Brush,1,Held
CA-MEU-008674,Mendocino Complex,CA-MEU-008674_seg_00525,2018-08-04,val,13.0,662.3,564.7,0.527,0.449,146.4,114.9,58.4,0.523,-383.2,Road as Line,9.0,Grass/Brush,1,Held
CA-MEU-008674,Mendocino Complex,CA-MEU-008674_seg_00526,2018-08-04,val,15.6,828.8,439.7,0.575,0.325,160.9,143.1,72.2,0.306,-595.3,Dozer Line,6.5,Grass/Brush,1,Held
CA-MEU-008674,Mendocino Complex,CA-MEU-008674_seg_00527,2018-08-04,val,18.2,716.8,2309.3,0.244,0.304,149.0,135.2,76.3,0.237,1870.3,Dozer Line,6.5,Grass/Brush,1,Held
CA-MEU-008674,Mendocino Complex,CA-MEU-008674_seg_00528,2018-08-04,val,12.4,845.2,703.7,0.551,0.411,164.2,141.2,67.0,0.391,-287.8,Dozer Line,6.5,Grass/Brush,1,Held
CA-MEU-008674,Mendocino Complex,CA-MEU-008674_seg_00529,2018-08-04,val,10.5,895.0,949.3,0.487,0.24,129.0,178.5,40.4,0.761,72.6,Road as Line,9.0,Grass/Brush,1,Held
CA-MEU-008674,Mendocino Complex,CA-MEU-008674_seg_00530,2018-08-04,val,12.0,848.8,427.0,0.91,0.124,142.9,81.6,28.7,0.877,-1210.9,Dozer Line,6.5,Grass/Brush,0,Burned Over
CA-MEU-008674,Mendocino Complex,CA-MEU-008674_seg_00531,2018-08-04,val,15.4,934.2,3176.4,0.056,0.064,136.9,153.5,73.4,0.285,3075.3,Dozer Line,6.5,Grass/Brush,1,Held
CA-MEU-008674,Mendocino Complex,CA-MEU-008674_seg_00532,2018-08-04,val,23.6,269.9,2318.1,0.229,0.307,166.1,91.6,15.5,0.964,1906.3,Completed Hand Line,2.0,Grass/Brush,1,Held
CA-MEU-008674,Mendocino Complex,CA-MEU-008674_seg_00533,2018-08-04,val,9.7,1331.6,617.4,0.542,0.234,182.6,151.1,58.5,0.523,-358.1,Dozer Line,6.5,Grass/Brush,1,Held
CA-MEU-008674,Mendocino Complex,CA-MEU-008674_seg_00534,2018-08-04,val,10.3,743.7,619.5,0.643,0.329,149.7,21.7,38.1,0.787,-538.4,Dozer Line,6.5,Grass/Brush,0,Burned Over
CA-MEU-008674,Mendocino Complex,CA-MEU-008674_seg_00535,2018-08-04,val,36.0,819.9,717.9,0.812,0.141,151.7,28.4,33.3,0.836,-743.2,Road as Line,9.0,Grass/Brush,0,Burned Over
CA-MEU-008674,Mendocino Complex,CA-MEU-008674_seg_00536,2018-08-04,val,18.2,607.9,5000.0,0.009,0.016,93.5,86.5,83.0,0.123,4983.1,Dozer Line,6.5,Grass/Brush,1,Held
CA-MEU-008674,Mendocino Complex,CA-MEU-008674_seg_00537,2018-08-04,val,22.5,1070.4,623.1,0.693,0.233,119.8,133.4,76.4,0.236,-624.4,Completed Hand Line,2.0,Grass/Brush,1,Held
CA-MEU-008674,Mendocino Complex,CA-MEU-008674_seg_00538,2018-08-04,val,17.0,805.7,1010.2,0.579,0.37,134.1,52.9,8.9,0.988,-32.6,Dozer Line,6.5,Grass/Brush,1,Held
CA-MEU-008674,Mendocino Complex,CA-MEU-008674_seg_00539,2018-08-04,val,11.9,1011.6,662.8,0.695,0.305,150.2,25.9,34.3,0.826,-588.9,Completed Hand Line,2.0,Grass/Brush,0,Burned Over
CA-MEU-008674,Mendocino Complex,CA-MEU-008674_seg_00540,2018-08-04,val,24.8,751.6,311.8,0.857,0.145,117.4,159.4,47.9,0.67,-1230.5,Dozer Line,6.5,Grass/Brush,0,Burned Over
CA-MEU-008674,Mendocino Complex,CA-MEU-008674_seg_00541,2018-08-04,val,9.3,625.4,176.0,0.75,0.283,146.7,78.5,21.8,0.929,-1173.2,Road as Line,9.0,Grass/Brush,1,Held
CA-MEU-008674,Mendocino Complex,CA-MEU-008674_seg_00542,2018-08-04,val,19.6,775.7,1601.1,0.397,0.214,165.5,46.3,29.2,0.873,886.3,Dozer Line,6.5,Grass/Brush,1,Held
CA-MEU-008674,Mendocino Complex,CA-MEU-008674_seg_00543,2018-08-04,val,7.9,1014.2,836.0,0.609,0.192,166.1,69.1,7.0,0.992,-259.5,Dozer Line,6.5,Grass/Brush,1,Held
CA-MEU-008674,Mendocino Complex,CA-MEU-008674_seg_00544,2018-08-04,val,10.7,586.6,787.0,0.409,0.247,137.0,124.5,77.5,0.217,50.8,Dozer Line,6.5,Grass/Brush,1,Held
CA-MEU-008674,Mendocino Complex,CA-MEU-008674_seg_00545,2018-08-04,val,13.9,1099.4,696.3,0.582,0.43,161.4,119.8,48.4,0.664,-350.5,Dozer Line,6.5,Grass/Brush,1,Held
CA-MEU-008674,Mendocino Complex,CA-MEU-008674_seg_00546,2018-08-04,val,22.5,1039.3,2486.1,0.056,0.072,152.0,145.2,83.2,0.119,2384.9,Dozer Line,6.5,Grass/Brush,1,Held
CA-MEU-008674,Mendocino Complex,CA-MEU-008674_seg_00547,2018-08-04,val,21.3,659.9,163.4,0.692,0.38,147.2,5.4,51.8,0.618,-1081.9,Dozer Line,6.5,Grass/Brush,1,Held
CA-MEU-008674,Mendocino Complex,CA-MEU-008674_seg_00548,2018-08-04,val,17.4,916.5,964.4,0.602,0.222,154.9,71.7,6.8,0.993,-119.0,Dozer Line,6.5,Grass/Brush,0,Burned Over
CA-MEU-008674,Mendocino Complex,CA-MEU-008674_seg_00549,2018-08-04,val,2.4,1204.9,833.0,0.745,0.259,171.6,98.3,16.7,0.958,-507.4,Dozer Line,6.5,Grass/Brush,1,Held
CA-MEU-008674,Mendocino Complex,CA-MEU-008674_seg_00550,2018-08-04,val,18.8,787.0,639.1,0.681,0.279,139.2,116.7,67.5,0.383,-586.9,Road as Line,9.0,Grass/Brush,1,Held
CA-MEU-008674,Mendocino Complex,CA-MEU-008674_seg_00551,2018-08-04,val,11.7,766.0,418.9,0.465,0.282,160.9,155.9,85.0,0.088,-418.6,Dozer Line,6.5,Grass/Brush,1,Held
CA-MEU-008674,Mendocino Complex,CA-MEU-008674_seg_00552,2018-08-04,val,29.3,992.4,2581.0,0.318,0.188,146.1,45.2,10.8,0.982,2008.4,Completed Hand Line,2.0,Grass/Brush,1,Held
CA-MEU-008674,Mendocino Complex,CA-MEU-008674_seg_00553,2018-08-04,val,23.2,916.8,756.4,0.518,0.237,146.7,137.4,80.7,0.162,-175.3,Road as Line,9.0,Grass/Brush,1,Held
CA-MEU-008674,Mendocino Complex,CA-MEU-008674_seg_00554,2018-08-04,val,30.8,855.2,1499.3,0.777,0.217,147.0,23.0,34.0,0.829,101.0,Road as Line,9.0,Grass/Brush,0,Burned Over
CA-MEU-008674,Mendocino Complex,CA-MEU-008674_seg_00555,2018-08-04,val,18.1,1056.1,370.5,0.65,0.309,148.6,124.4,65.8,0.41,-799.3,Dozer Line,6.5,Grass/Brush,1,Held
CA-MEU-008674,Mendocino Complex,CA-MEU-008674_seg_00556,2018-08-04,val,11.0,1127.3,1903.5,0.253,0.295,174.1,44.3,39.8,0.769,1448.9,Road as Line,9.0,Grass/Brush,1,Held
CA-MEU-008674,Mendocino Complex,CA-MEU-008674_seg_00557,2018-08-04,val,20.6,952.8,289.8,0.752,0.151,150.7,72.3,11.6,0.979,-1063.5,Dozer Line,6.5,Grass/Brush,0,Burned Over
CA-MEU-008674,Mendocino Complex,CA-MEU-008674_seg_00558,2018-08-04,val,15.6,513.5,630.0,0.416,0.205,116.0,157.1,48.9,0.658,-119.3,Dozer Line,6.5,Grass/Brush,1,Held
CA-MEU-008674,Mendocino Complex,CA-MEU-008674_seg_00559,2018-08-04,val,16.5,836.3,1115.9,0.335,0.377,148.3,178.9,59.4,0.51,512.3,Dozer Line,6.5,Grass/Brush,1,Held
CA-MEU-008674,Mendocino Complex,CA-MEU-008674_seg_00560,2018-08-04,val,26.4,647.9,1435.0,0.364,0.194,159.9,129.7,59.8,0.503,780.2,Dozer Line,6.5,Grass/Brush,1,Held
CA-MEU-008674,Mendocino Complex,CA-MEU-008674_seg_00561,2018-08-04,val,21.0,1093.1,584.0,0.797,0.233,160.8,74.7,3.9,0.998,-850.3,Dozer Line,6.5,Grass/Brush,0,Burned Over
CA-MEU-008674,Mendocino Complex,CA-MEU-008674_seg_00562,2018-08-04,val,21.2,593.4,508.5,0.785,0.25,138.6,76.0,27.3,0.888,-905.2,Road as Line,9.0,Grass/Brush,0,Burned Over
CA-MEU-008674,Mendocino Complex,CA-MEU-008674_seg_00563,2018-08-04,val,20.5,728.3,2134.9,0.186,0.24,123.1,82.3,49.1,0.654,1799.3,Dozer Line,6.5,Grass/Brush,1,Held
CA-MEU-008674,Mendocino Complex,CA-MEU-008674_seg_00564,2018-08-04,val,10.1,440.1,2526.4,0.234,0.157,158.9,70.0,1.1,1.0,2105.5,Road as Line,9.0,Grass/Brush,1,Held
CA-MEU-008674,Mendocino Complex,CA-MEU-008674_seg_00565,2018-08-04,val,16.7,1088.3,2614.1,0.082,0.098,151.1,128.8,67.7,0.38,2465.7,Road as Line,9.0,Grass/Brush,1,Held
CA-MEU-008674,Mendocino Complex,CA-MEU-008674_seg_00566,2018-08-04,val,20.8,1569.8,2421.5,0.322,0.299,135.0,112.3,67.3,0.386,1842.4,Road as Line,9.0,Grass/Brush,1,Held
CA-MEU-008674,Mendocino Complex,CA-MEU-008674_seg_00567,2018-08-04,val,20.0,840.4,2651.5,0.151,0.144,143.0,69.4,16.4,0.959,2379.8,Road as Line,9.0,Grass/Brush,1,Held
CA-MEU-008674,Mendocino Complex,CA-MEU-008674_seg_00568,2018-08-04,val,25.8,893.9,529.7,0.589,0.416,142.0,26.6,25.4,0.903,-529.8,Dozer Line,6.5,Grass/Brush,1,Held
CA-MEU-008674,Mendocino Complex,CA-MEU-008674_seg_00569,2018-08-04,val,20.9,998.2,693.2,0.42,0.314,168.6,156.0,77.4,0.219,-62.7,Dozer Line,6.5,Grass/Brush,1,Held
CA-MEU-008674,Mendocino Complex,CA-MEU-008674_seg_00570,2018-08-04,val,18.5,1078.8,1181.4,0.739,0.254,130.3,90.7,50.4,0.637,-149.4,Dozer Line,6.5,Grass/Brush,0,Burned Over
CA-MEU-008674,Mendocino Complex,CA-MEU-008674_seg_00571,2018-08-04,val,9.1,1059.8,1057.1,0.309,0.198,107.9,85.3,67.4,0.384,500.6,Dozer Line,6.5,Grass/Brush,1,Held
CA-MEU-008674,Mendocino Complex,CA-MEU-008674_seg_00572,2018-08-04,val,21.1,724.1,3113.3,0.165,0.173,140.5,66.7,16.2,0.96,2817.1,Road as Line,9.0,Grass/Brush,1,Held
CA-MEU-008674,Mendocino Complex,CA-MEU-008674_seg_00573,2018-08-04,val,30.6,891.5,464.7,0.904,0.122,149.3,84.6,25.3,0.904,-1163.0,Dozer Line,6.5,Grass/Brush,0,Burned Over
CA-MEU-008674,Mendocino Complex,CA-MEU-008674_seg_00574,2018-08-04,val,36.0,429.9,2215.7,0.213,0.286,150.9,150.3,89.4,0.011,1832.2,Road as Line,9.0,Grass/Brush,1,Held
CA-MEU-008674,Mendocino Complex,CA-MEU-008674_seg_00575,2018-08-04,val,17.2,888.7,974.9,0.396,0.223,148.0,155.0,83.0,0.122,261.3,Dozer Line,6.5,Grass/Brush,1,Held
CA-MEU-008674,Mendocino Complex,CA-MEU-008674_seg_00576,2018-08-04,val,7.7,847.4,523.5,0.727,0.201,153.2,102.9,39.7,0.77,-785.2,Dozer Line,6.5,Grass/Brush,0,Burned Over
CA-MEU-008674,Mendocino Complex,CA-MEU-008674_seg_00577,2018-08-04,val,8.8,730.5,443.5,0.428,0.226,181.0,5.5,85.5,0.078,-327.3,Dozer Line,6.5,Grass/Brush,1,Held
CA-MEU-008674,Mendocino Complex,CA-MEU-008674_seg_00578,2018-08-04,val,15.1,1351.1,2781.8,0.099,0.138,129.6,114.7,75.1,0.258,2603.4,Dozer Line,6.5,Grass/Brush,1,Held
CA-MEU-008674,Mendocino Complex,CA-MEU-008674_seg_00579,2018-08-04,val,23.1,1413.3,2621.4,0.311,0.28,142.9,14.3,38.6,0.782,2062.3,Dozer Line,6.5,Grass/Brush,1,Held
CA-MEU-008674,Mendocino Complex,CA-MEU-008674_seg_00580,2018-08-04,val,25.7,487.0,860.8,0.459,0.386,141.6,115.6,64.0,0.438,34.1,Dozer Line,6.5,Grass/Brush,1,Held
CA-MEU-008674,Mendocino Complex,CA-MEU-008674_seg_00581,2018-08-04,val,16.4,981.4,1224.2,0.571,0.261,159.8,58.4,11.4,0.98,195.9,Dozer Line,6.5,Grass/Brush,0,Burned Over
CA-MEU-008674,Mendocino Complex,CA-MEU-008674_seg_00582,2018-08-04,val,10.3,885.9,858.5,0.684,0.196,143.6,45.4,8.2,0.99,-373.6,Road as Line,9.0,Grass/Brush,1,Held
CA-MEU-008674,Mendocino Complex,CA-MEU-008674_seg_00583,2018-08-04,val,27.1,1357.5,593.6,0.812,0.18,164.4,50.8,23.6,0.916,-867.6,Dozer Line,6.5,Grass/Brush,0,Burned Over
CA-MEU-008674,Mendocino Complex,CA-MEU-008674_seg_00584,2018-08-04,val,9.9,880.0,2628.0,0.142,0.189,165.6,149.8,74.2,0.273,2373.3,Road as Line,9.0,Grass/Brush,1,Held
CA-MEU-008674,Mendocino Complex,CA-MEU-008674_seg_00585,2018-08-04,val,8.1,698.6,1136.4,0.468,0.347,134.0,105.8,61.8,0.472,293.5,Dozer Line,6.5,Grass/Brush,1,Held
CA-MEU-008674,Mendocino Complex,CA-MEU-008674_seg_00586,2018-08-04,val,10.0,281.0,1526.6,0.285,0.19,158.0,149.3,81.3,0.152,1013.8,Dozer Line,6.5,Grass/Brush,1,Held
CA-MEU-008674,Mendocino Complex,CA-MEU-008674_seg_00587,2018-08-04,val,24.5,741.0,1646.6,0.227,0.307,143.5,153.4,80.2,0.171,1237.7,Dozer Line,6.5,Grass/Brush,1,Held
CA-MEU-008674,Mendocino Complex,CA-MEU-008674_seg_00588,2018-08-04,val,16.0,394.3,1871.1,0.277,0.304,128.8,93.6,54.8,0.576,1371.8,Road as Line,9.0,Grass/Brush,1,Held
CA-MEU-008674,Mendocino Complex,CA-MEU-008674_seg_00589,2018-08-04,val,13.6,527.6,1366.7,0.457,0.373,176.3,52.3,34.0,0.829,544.2,Dozer Line,6.5,Grass/Brush,1,Held
CA-MEU-008674,Mendocino Complex,CA-MEU-008674_seg_00590,2018-08-04,val,19.9,676.2,4050.2,0.056,0.067,176.3,113.9,27.5,0.887,3949.2,Dozer Line,6.5,Grass/Brush,1,Held
CA-MEU-008674,Mendocino Complex,CA-MEU-008674_seg_00591,2018-08-04,val,10.6,709.4,721.8,0.407,0.425,158.1,140.7,72.7,0.298,-11.2,Road as Line,9.0,Grass/Brush,1,Held
CA-MEU-008674,Mendocino Complex,CA-MEU-008674_seg_00592,2018-08-04,val,13.3,481.1,1348.5,0.338,0.183,163.1,99.7,26.6,0.894,740.8,Dozer Line,6.5,Grass/Brush,1,Held
CA-MEU-008674,Mendocino Complex,CA-MEU-008674_seg_00593,2018-08-04,val,20.2,1270.5,2187.9,0.245,0.221,136.7,32.0,14.7,0.967,1747.1,Dozer Line,6.5,Grass/Brush,1,Held
CA-MEU-008674,Mendocino Complex,CA-MEU-008674_seg_00594,2018-08-04,val,22.5,743.3,1836.6,0.505,0.311,179.9,104.9,15.0,0.966,927.4,Dozer Line,6.5,Grass/Brush,0,Burned Over
CA-MEU-008674,Mendocino Complex,CA-MEU-008674_seg_00595,2018-08-04,val,18.7,1159.9,519.7,0.528,0.32,172.4,0.3,82.1,0.138,-431.5,Dozer Line,6.5,Grass/Brush,1,Held
CA-MEU-008674,Mendocino Complex,CA-MEU-008674_seg_00596,2018-08-04,val,6.3,1199.6,4623.4,0.006,0.008,132.1,52.7,10.7,0.983,4612.0,Road as Line,9.0,Grass/Brush,1,Held
CA-MEU-008674,Mendocino Complex,CA-MEU-008674_seg_00597,2018-08-04,val,16.6,343.1,658.4,0.709,0.197,124.4,171.0,43.4,0.726,-617.0,Dozer Line,6.5,Grass/Brush,1,Held
CA-MEU-008674,Mendocino Complex,CA-MEU-008674_seg_00598,2018-08-04,val,15.5,999.0,626.2,0.435,0.363,171.0,169.7,88.8,0.021,-157.6,Road as Line,9.0,Grass/Brush,1,Held
CA-MEU-008674,Mendocino Complex,CA-MEU-008674_seg_00599,2018-08-04,val,11.0,1225.3,2076.3,0.166,0.177,152.9,23.4,39.5,0.771,1778.2,Dozer Line,6.5,Grass/Brush,1,Held
CA-MEU-008674,Mendocino Complex,CA-MEU-008674_seg_00600,2018-08-04,val,9.0,761.2,506.1,0.56,0.352,127.6,107.9,70.3,0.338,-501.8,Road as Line,9.0,Grass/Brush,1,Held
CA-MEU-008674,Mendocino Complex,CA-MEU-008674_seg_00601,2018-08-04,val,16.0,1108.0,5000.0,0.008,0.008,131.2,169.3,51.9,0.617,4986.4,Dozer Line,6.5,Grass/Brush,1,Held
CA-MEU-008674,Mendocino Complex,CA-MEU-008674_seg_00602,2018-08-04,val,13.0,608.1,922.2,0.35,0.353,161.6,120.3,48.8,0.659,291.9,Dozer Line,6.5,Grass/Brush,1,Held
CA-MEU-008674,Mendocino Complex,CA-MEU-008674_seg_00603,2018-08-04,val,11.3,878.2,1432.0,0.751,0.159,151.9,76.2,14.3,0.969,79.7,Dozer Line,6.5,Grass/Brush,1,Held
CA-MEU-008674,Mendocino Complex,CA-MEU-008674_seg_00604,2018-08-04,val,16.9,1428.9,337.2,0.852,0.192,134.0,66.9,22.9,0.921,-1196.9,Road as Line,9.0,Grass/Brush,1,Held
CA-MEU-008674,Mendocino Complex,CA-MEU-008674_seg_00605,2018-08-04,val,19.2,1535.7,1795.1,0.189,0.228,143.4,136.7,83.3,0.117,1454.5,Road as Line,9.0,Grass/Brush,1,Held
CA-MEU-008674,Mendocino Complex,CA-MEU-008674_seg_00606,2018-08-04,val,29.1,374.2,1511.4,0.612,0.28,161.8,74.7,2.9,0.999,409.6,Dozer Line,6.5,Grass/Brush,0,Burned Over
CA-MEU-008674,Mendocino Complex,CA-MEU-008674_seg_00607,2018-08-04,val,24.8,924.5,286.2,0.754,0.327,138.8,167.8,61.1,0.484,-1071.0,Dozer Line,6.5,Grass/Brush,1,Held
CA-MEU-008674,Mendocino Complex,CA-MEU-008674_seg_00608,2018-08-04,val,31.9,938.4,609.9,0.742,0.228,123.9,6.9,27.0,0.891,-726.5,Completed Hand Line,2.0,Grass/Brush,0,Burned Over
CA-MEU-008674,Mendocino Complex,CA-MEU-008674_seg_00609,2018-08-04,val,14.2,749.4,3267.6,0.075,0.103,151.8,26.1,35.6,0.813,3132.0,Dozer Line,6.5,Grass/Brush,1,Held
CA-MEU-008674,Mendocino Complex,CA-MEU-008674_seg_00610,2018-08-04,val,4.8,1311.4,2401.7,0.103,0.158,165.9,145.8,69.9,0.344,2215.8,Dozer Line,6.5,Grass/Brush,1,Held
CA-MEU-008674,Mendocino Complex,CA-MEU-008674_seg_00611,2018-08-04,val,3.3,902.1,3379.2,0.031,0.053,145.7,35.2,20.6,0.936,3324.3,Dozer Line,6.5,Grass/Brush,1,Held
CA-MEU-008674,Mendocino Complex,CA-MEU-008674_seg_00612,2018-08-04,val,31.4,1164.3,1890.0,0.335,0.299,128.3,159.6,58.6,0.521,1287.7,Dozer Line,6.5,Grass/Brush,1,Held
CA-MEU-008674,Mendocino Complex,CA-MEU-008674_seg_00613,2018-08-04,val,24.5,649.3,1915.2,0.296,0.311,92.5,105.3,77.2,0.221,1381.9,Road as Line,9.0,Grass/Brush,1,Held
CA-MEU-008674,Mendocino Complex,CA-MEU-008674_seg_00614,2018-08-04,val,15.4,1059.1,392.7,0.597,0.204,160.0,126.7,56.7,0.549,-681.6,Dozer Line,6.5,Grass/Brush,1,Held
CA-MEU-008674,Mendocino Complex,CA-MEU-008674_seg_00615,2018-08-04,val,13.7,931.9,1004.3,0.694,0.259,162.4,23.2,49.3,0.652,-244.3,Dozer Line,6.5,Grass/Brush,1,Held
CA-MEU-008674,Mendocino Complex,CA-MEU-008674_seg_00616,2018-08-04,val,13.2,969.5,939.4,0.484,0.447,138.5,64.7,16.2,0.96,67.8,Dozer Line,6.5,Grass/Brush,1,Held
CA-MEU-008674,Mendocino Complex,CA-MEU-008674_seg_00617,2018-08-04,val,26.0,556.7,790.7,0.813,0.272,168.4,63.6,14.8,0.967,-672.0,Dozer Line,6.5,Grass/Brush,0,Burned Over
CA-MEU-008674,Mendocino Complex,CA-MEU-008674_seg_00618,2018-08-04,val,24.6,896.5,1558.5,0.481,0.206,139.7,158.9,70.8,0.329,692.3,Completed Hand Line,2.0,Grass/Brush,1,Held
CA-MEU-008674,Mendocino Complex,CA-MEU-008674_seg_00619,2018-08-04,val,7.6,628.4,2596.1,0.3,0.336,170.2,98.4,18.2,0.95,2055.5,Dozer Line,6.5,Grass/Brush,1,Held
CA-MEU-008674,Mendocino Complex,CA-MEU-008674_seg_00620,2018-08-04,val,16.6,549.3,2840.6,0.261,0.28,124.3,67.4,33.1,0.838,2370.2,Dozer Line,6.5,Grass/Brush,1,Held
CA-MEU-008674,Mendocino Complex,CA-MEU-008674_seg_00621,2018-08-04,val,6.3,589.8,788.0,0.485,0.313,142.1,89.8,37.7,0.791,-85.5,Dozer Line,6.5,Grass/Brush,1,Held
CA-MEU-008674,Mendocino Complex,CA-MEU-008674_seg_00622,2018-08-04,val,19.1,1521.7,3725.6,0.038,0.05,149.0,179.8,59.3,0.511,3656.3,Road as Line,9.0,Grass/Brush,1,Held
CA-MEU-008674,Mendocino Complex,CA-MEU-008674_seg_00623,2018-08-04,val,33.2,624.1,181.1,0.861,0.173,139.0,63.1,14.1,0.97,-1369.2,Dozer Line,6.5,Grass/Brush,1,Held
CA-MEU-008674,Mendocino Complex,CA-MEU-008674_seg_00624,2018-08-04,val,13.0,1123.4,804.6,0.31,0.227,120.1,122.5,87.6,0.042,247.0,Dozer Line,6.5,Grass/Brush,1,Held
CA-MEU-008674,Mendocino Complex,CA-MEU-008674_seg_00625,2018-08-04,val,15.6,411.6,817.8,0.738,0.278,156.8,98.6,31.8,0.849,-509.8,Dozer Line,6.5,Grass/Brush,0,Burned Over
CA-MEU-008674,Mendocino Complex,CA-MEU-008674_seg_00626,2018-08-04,val,30.8,898.2,1783.9,0.567,0.43,137.9,79.7,31.8,0.85,763.2,Dozer Line,6.5,Grass/Brush,1,Held
CA-MEU-008674,Mendocino Complex,CA-MEU-008674_seg_00627,2018-08-04,val,10.0,1114.6,374.0,0.718,0.232,184.2,165.6,71.3,0.32,-917.7,Dozer Line,6.5,Grass/Brush,1,Held
CA-MEU-008674,Mendocino Complex,CA-MEU-008674_seg_00628,2018-08-04,val,12.6,1080.6,600.9,0.768,0.25,144.7,51.9,2.8,0.999,-781.3,Dozer Line,6.5,Grass/Brush,0,Burned Over
CA-MEU-008674,Mendocino Complex,CA-MEU-008674_seg_00629,2018-08-04,val,20.0,422.2,930.6,0.419,0.235,171.7,4.8,76.9,0.226,175.7,Dozer Line,6.5,Grass/Brush,1,Held
CA-MEU-008674,Mendocino Complex,CA-MEU-008674_seg_00630,2018-08-04,val,23.8,171.5,169.4,0.81,0.172,117.8,73.7,46.0,0.695,-1288.5,Dozer Line,6.5,Grass/Brush,0,Burned Over
CA-MEU-008674,Mendocino Complex,CA-MEU-008674_seg_00631,2018-08-04,val,36.4,637.7,836.9,0.876,0.144,156.0,41.7,24.3,0.911,-740.5,Dozer Line,6.5,Grass/Brush,0,Burned Over
CA-MEU-008674,Mendocino Complex,CA-MEU-008674_seg_00632,2018-08-04,val,7.4,843.8,1425.6,0.481,0.228,143.5,62.3,8.8,0.988,560.5,Dozer Line,6.5,Grass/Brush,0,Burned Over
CA-MEU-008674,Mendocino Complex,CA-MEU-008674_seg_00633,2018-08-04,val,30.4,809.6,743.8,0.761,0.248,163.0,108.2,35.1,0.818,-625.9,Dozer Line,6.5,Grass/Brush,0,Burned Over
CA-MEU-008674,Mendocino Complex,CA-MEU-008674_seg_00634,2018-08-04,val,18.5,659.8,249.2,0.816,0.189,152.8,115.2,52.5,0.609,-1219.4,Dozer Line,6.5,Grass/Brush,1,Held
CA-MEU-008674,Mendocino Complex,CA-MEU-008674_seg_00635,2018-08-04,val,10.4,1075.9,1842.5,0.113,0.117,161.2,167.0,84.2,0.102,1639.8,Dozer Line,6.5,Grass/Brush,1,Held
CA-MEU-008674,Mendocino Complex,CA-MEU-008674_seg_00636,2018-08-04,val,29.1,926.4,199.6,0.571,0.275,158.1,146.5,78.4,0.201,-828.8,Dozer Line,6.5,Grass/Brush,1,Held
CA-MEU-008674,Mendocino Complex,CA-MEU-008674_seg_00637,2018-08-04,val,20.6,614.8,551.5,0.801,0.219,138.6,99.1,50.5,0.636,-889.6,Dozer Line,6.5,Grass/Brush,0,Burned Over
CA-MEU-008674,Mendocino Complex,CA-MEU-008674_seg_00638,2018-08-04,val,25.3,1118.0,280.6,0.79,0.173,168.2,156.6,78.4,0.202,-1142.2,Road as Line,9.0,Grass/Brush,1,Held
CA-MEU-008674,Mendocino Complex,CA-MEU-008674_seg_00639,2018-08-04,val,20.9,691.0,2031.0,0.336,0.39,163.7,66.9,6.8,0.993,1425.5,Dozer Line,6.5,Grass/Brush,1,Held
CA-MEU-008674,Mendocino Complex,CA-MEU-008674_seg_00640,2018-08-04,val,15.6,523.6,354.1,0.756,0.257,162.2,179.6,72.7,0.298,-1007.1,Road as Line,9.0,Grass/Brush,1,Held
CA-MEU-008674,Mendocino Complex,CA-MEU-008674_seg_00641,2018-08-04,val,11.8,870.1,1415.4,0.309,0.339,117.1,84.7,57.6,0.536,859.6,Completed Hand Line,2.0,Grass/Brush,0,Burned Over
CA-MEU-008674,Mendocino Complex,CA-MEU-008674_seg_00642,2018-08-04,val,27.3,855.3,447.4,0.752,0.196,134.8,84.4,39.6,0.771,-905.5,Dozer Line,6.5,Grass/Brush,1,Held
CA-MEU-008674,Mendocino Complex,CA-MEU-008674_seg_00643,2018-08-04,val,18.0,512.5,2145.5,0.233,0.285,199.4,89.7,19.7,0.942,1725.4,Road as Line,9.0,Grass/Brush,1,Held
CA-MEU-008674,Mendocino Complex,CA-MEU-008674_seg_00644,2018-08-04,val,17.7,1232.7,331.7,0.818,0.253,111.1,79.9,58.8,0.518,-1140.2,Road as Line,9.0,Grass/Brush,0,Burned Over
CA-MEU-008674,Mendocino Complex,CA-MEU-008674_seg_00645,2018-08-04,val,16.8,831.1,465.7,0.9,0.108,170.3,79.5,0.8,1.0,-1155.2,Dozer Line,6.5,Grass/Brush,0,Burned Over
CA-MEU-008674,Mendocino Complex,CA-MEU-008674_seg_00646,2018-08-04,val,18.8,815.1,1483.0,0.325,0.202,148.4,111.8,53.4,0.596,898.2,Dozer Line,6.5,Grass/Brush,1,Held
CA-MEU-008674,Mendocino Complex,CA-MEU-008674_seg_00647,2018-08-04,val,3.2,1200.4,850.7,0.544,0.336,145.0,170.2,64.8,0.426,-129.0,Road as Line,9.0,Grass/Brush,1,Held
CA-MEU-008674,Mendocino Complex,CA-MEU-008674_seg_00648,2018-08-04,val,14.6,483.9,1485.0,0.481,0.377,142.2,176.8,55.4,0.568,619.4,Road as Line,9.0,Grass/Brush,1,Held
CA-MEU-008674,Mendocino Complex,CA-MEU-008674_seg_00649,2018-08-04,val,26.7,568.0,1332.3,0.733,0.327,165.3,61.0,14.3,0.969,13.4,Road as Line,9.0,Grass/Brush,1,Held
CA-MEU-008674,Mendocino Complex,CA-MEU-008674_seg_00650,2018-08-04,val,16.5,831.7,402.7,0.671,0.275,176.2,14.8,71.4,0.319,-805.8,Dozer Line,6.5,Grass/Brush,1,Held
CA-MEU-008674,Mendocino Complex,CA-MEU-008674_seg_00651,2018-08-04,val,21.4,702.2,184.2,0.838,0.237,170.9,81.0,0.1,1.0,-1323.7,Road as Line,9.0,Grass/Brush,0,Burned Over
CA-MEU-008674,Mendocino Complex,CA-MEU-008674_seg_00652,2018-08-04,val,6.9,1025.3,4759.0,0.009,0.008,148.1,20.1,38.0,0.788,4743.2,Dozer Line,6.5,Grass/Brush,1,Held
CA-MEU-008674,Mendocino Complex,CA-MEU-008674_seg_00653,2018-08-04,val,11.0,1150.1,2268.4,0.132,0.095,125.8,101.9,66.1,0.405,2031.5,Dozer Line,6.5,Grass/Brush,1,Held
CA-MEU-008674,Mendocino Complex,CA-MEU-008674_seg_00654,2018-08-04,val,17.0,1120.9,1020.5,0.453,0.248,165.4,168.0,87.4,0.045,205.0,Dozer Line,6.5,Grass/Brush,1,Held
CA-MEU-008674,Mendocino Complex,CA-MEU-008674_seg_00655,2018-08-04,val,14.8,1120.3,3412.3,0.069,0.067,129.9,66.9,26.9,0.892,3288.3,Road as Line,9.0,Grass/Brush,1,Held
CA-MEU-008674,Mendocino Complex,CA-MEU-008674_seg_00656,2018-08-04,val,12.3,935.0,1372.0,0.312,0.313,167.5,134.1,56.6,0.55,809.8,Dozer Line,6.5,Grass/Brush,1,Held
CA-MEU-008674,Mendocino Complex,CA-MEU-008674_seg_00657,2018-08-04,val,29.5,620.9,1413.2,0.322,0.18,148.0,134.8,76.8,0.229,832.9,Dozer Line,6.5,Grass/Brush,1,Held
CA-MEU-008674,Mendocino Complex,CA-MEU-008674_seg_00658,2018-08-04,val,19.6,680.5,564.3,0.794,0.155,135.6,87.2,41.6,0.748,-865.6,Dozer Line,6.5,Grass/Brush,0,Burned Over
CA-MEU-008674,Mendocino Complex,CA-MEU-008674_seg_00659,2018-08-04,val,18.6,1062.4,2018.3,0.192,0.171,145.6,66.6,10.9,0.982,1672.0,Dozer Line,6.5,Grass/Brush,1,Held
CA-MEU-008674,Mendocino Complex,CA-MEU-008674_seg_00660,2018-08-04,val,11.5,719.3,296.0,0.684,0.256,139.4,122.5,73.1,0.291,-935.2,Dozer Line,6.5,Grass/Brush,1,Held
CA-MEU-008674,Mendocino Complex,CA-MEU-008674_seg_00661,2018-08-04,val,10.8,771.2,205.3,0.817,0.17,186.3,117.8,21.5,0.931,-1264.9,Dozer Line,6.5,Grass/Brush,0,Burned Over
CA-MEU-008674,Mendocino Complex,CA-MEU-008674_seg_00662,2018-08-04,val,25.5,1086.4,2637.1,0.206,0.282,122.7,4.2,28.5,0.879,2266.8,Dozer Line,6.5,Grass/Brush,1,Held
CA-MEU-008674,Mendocino Complex,CA-MEU-008674_seg_00663,2018-08-04,val,25.5,864.0,1578.9,0.435,0.429,179.6,62.7,26.9,0.892,795.0,Road as Line,9.0,Grass/Brush,1,Held
CA-MEU-008674,Mendocino Complex,CA-MEU-008674_seg_00664,2018-08-04,val,22.8,894.0,331.1,0.879,0.167,159.7,52.7,17.0,0.956,-1251.9,Road as Line,9.0,Grass/Brush,1,Held
CA-MEU-008674,Mendocino Complex,CA-MEU-008674_seg_00665,2018-08-04,val,12.9,825.6,1878.5,0.433,0.242,141.7,11.6,40.1,0.765,1099.3,Dozer Line,6.5,Grass/Brush,1,Held
CA-MEU-008674,Mendocino Complex,CA-MEU-008674_seg_00666,2018-08-04,val,9.9,571.1,491.7,0.577,0.373,123.2,72.2,39.0,0.777,-547.0,Dozer Line,6.5,Grass/Brush,1,Held
CA-MEU-008674,Mendocino Complex,CA-MEU-008674_seg_00667,2018-08-04,val,16.7,837.6,2626.1,0.051,0.065,143.5,126.3,72.7,0.297,2534.1,Road as Line,9.0,Grass/Brush,1,Held
CA-MEU-008674,Mendocino Complex,CA-MEU-008674_seg_00668,2018-08-04,val,23.4,761.0,716.8,0.615,0.327,149.5,123.7,64.2,0.435,-390.9,Road as Line,9.0,Grass/Brush,1,Held
CA-MEU-008674,Mendocino Complex,CA-MEU-008674_seg_00669,2018-08-04,val,18.8,1195.9,2772.2,0.095,0.147,199.7,174.3,64.7,0.428,2600.9,Dozer Line,6.5,Grass/Brush,1,Held
CA-MEU-008674,Mendocino Complex,CA-MEU-008674_seg_00670,2018-08-04,val,13.8,698.2,1514.9,0.288,0.185,131.9,108.5,66.6,0.397,996.7,Dozer Line,6.5,Grass/Brush,1,Held
CA-MEU-008674,Mendocino Complex,CA-MEU-008674_seg_00671,2018-08-04,val,17.8,1099.7,351.8,0.861,0.111,137.8,41.7,6.1,0.994,-1197.9,Dozer Line,6.5,Grass/Brush,0,Burned Over
CA-MEU-008674,Mendocino Complex,CA-MEU-008674_seg_00672,2018-08-04,val,13.9,869.6,2759.9,0.085,0.12,135.6,136.1,89.6,0.007,2606.9,Dozer Line,6.5,Grass/Brush,1,Held
CA-MEU-008674,Mendocino Complex,CA-MEU-008674_seg_00673,2018-08-04,val,18.6,938.9,995.3,0.569,0.418,152.1,101.5,39.4,0.773,-29.0,Road as Line,9.0,Grass/Brush,1,Held
CA-MEU-008674,Mendocino Complex,CA-MEU-008674_seg_00674,2018-08-04,val,18.4,245.9,540.5,0.867,0.102,114.5,6.6,17.9,0.952,-1020.2,Road as Line,9.0,Grass/Brush,0,Burned Over
CA-MEU-008674,Mendocino Complex,CA-MEU-008674_seg_00675,2018-08-04,val,14.2,1036.4,515.4,0.565,0.261,160.1,152.7,82.5,0.13,-501.7,Completed Hand Line,2.0,Grass/Brush,1,Held
CA-MEU-008674,Mendocino Complex,CA-MEU-008674_seg_00676,2018-08-04,val,11.0,613.9,1759.8,0.397,0.253,137.0,142.5,84.5,0.096,1045.0,Road as Line,9.0,Grass/Brush,1,Held
CA-MEU-008674,Mendocino Complex,CA-MEU-008674_seg_00677,2018-08-04,val,21.2,987.6,895.9,0.682,0.279,175.8,131.5,45.6,0.7,-331.6,Dozer Line,6.5,Grass/Brush,1,Held
CA-MEU-008674,Mendocino Complex,CA-MEU-008674_seg_00678,2018-08-04,val,16.7,687.6,747.4,0.762,0.308,144.5,44.4,10.2,0.984,-624.3,Road as Line,9.0,Grass/Brush,1,Held
CA-MEU-008674,Mendocino Complex,CA-MEU-008674_seg_00679,2018-08-04,val,12.6,917.4,597.0,0.729,0.212,147.5,121.7,64.1,0.437,-714.9,Road as Line,9.0,Grass/Brush,1,Held
CA-MEU-008674,Mendocino Complex,CA-MEU-008674_seg_00680,2018-08-04,val,22.6,723.0,651.3,0.807,0.252,161.4,58.6,12.8,0.975,-800.6,Dozer Line,6.5,Grass/Brush,1,Held
CA-MEU-008674,Mendocino Complex,CA-MEU-008674_seg_00681,2018-08-04,val,14.6,248.8,685.7,0.461,0.365,152.4,155.4,87.0,0.052,-144.6,Dozer Line,6.5,Grass/Brush,1,Held
CA-MEU-008674,Mendocino Complex,CA-MEU-008674_seg_00682,2018-08-04,val,20.9,757.1,158.0,0.853,0.181,129.6,86.6,47.0,0.682,-1376.7,Dozer Line,6.5,Grass/Brush,0,Burned Over
CA-MEU-008674,Mendocino Complex,CA-MEU-008674_seg_00683,2018-08-04,val,12.9,1205.3,913.7,0.692,0.236,157.5,78.9,11.4,0.98,-331.2,Road as Line,9.0,Grass/Brush,1,Held
CA-MEU-008674,Mendocino Complex,CA-MEU-008674_seg_00684,2018-08-04,val,19.2,241.4,492.4,0.617,0.248,140.2,132.0,81.8,0.143,-618.4,Dozer Line,6.5,Grass/Brush,1,Held
CA-MEU-008674,Mendocino Complex,CA-MEU-008674_seg_00685,2018-08-04,val,14.3,1087.9,2715.4,0.253,0.247,137.8,52.5,4.7,0.997,2260.4,Dozer Line,6.5,Grass/Brush,1,Held
CA-MEU-008674,Mendocino Complex,CA-MEU-008674_seg_00686,2018-08-04,val,30.2,335.2,884.6,0.78,0.304,141.6,115.2,63.6,0.445,-520.1,Dozer Line,6.5,Grass/Brush,1,Held
CA-MEU-008674,Mendocino Complex,CA-MEU-008674_seg_00687,2018-08-04,val,21.2,1092.3,2743.6,0.344,0.345,172.1,62.4,19.8,0.941,2124.1,Road as Line,9.0,Grass/Brush,1,Held
CA-MEU-008674,Mendocino Complex,CA-MEU-008674_seg_00688,2018-08-04,val,1.4,1116.1,1542.9,0.338,0.38,153.6,0.8,62.8,0.457,934.2,Dozer Line,6.5,Grass/Brush,1,Held
CA-MEU-008674,Mendocino Complex,CA-MEU-008674_seg_00689,2018-08-04,val,24.6,944.1,1640.6,0.355,0.286,152.6,162.3,80.2,0.17,1002.3,Dozer Line,6.5,Grass/Brush,1,Held
CA-MEU-008674,Mendocino Complex,CA-MEU-008674_seg_00690,2018-08-04,val,28.2,954.0,417.3,0.776,0.255,129.8,39.9,0.1,1.0,-978.6,Road as Line,9.0,Grass/Brush,1,Held
CA-MEU-008674,Mendocino Complex,CA-MEU-008674_seg_00691,2018-08-04,val,21.4,681.2,355.7,0.742,0.32,128.0,147.2,70.8,0.329,-979.1,Road as Line,9.0,Grass/Brush,1,Held
CA-MEU-008674,Mendocino Complex,CA-MEU-008674_seg_00692,2018-08-04,val,3.5,648.3,695.6,0.553,0.266,153.3,116.0,52.7,0.606,-299.8,Road as Line,9.0,Grass/Brush,1,Held
CA-MEU-008674,Mendocino Complex,CA-MEU-008674_seg_00693,2018-08-04,val,17.1,738.7,511.5,0.806,0.251,165.0,87.2,12.3,0.977,-939.7,Dozer Line,6.5,Grass/Brush,0,Burned Over
CA-MEU-008674,Mendocino Complex,CA-MEU-008674_seg_00694,2018-08-04,val,18.0,347.0,723.8,0.724,0.35,168.7,42.4,36.3,0.806,-579.8,Dozer Line,6.5,Grass/Brush,0,Burned Over
CA-MEU-008674,Mendocino Complex,CA-MEU-008674_seg_00695,2018-08-04,val,28.9,1171.3,1373.0,0.801,0.28,181.5,89.0,2.4,0.999,-69.4,Dozer Line,6.5,Grass/Brush,0,Burned Over
CA-MEU-008674,Mendocino Complex,CA-MEU-008674_seg_00696,2018-08-04,val,32.0,1247.1,1380.1,0.631,0.265,182.4,76.7,15.7,0.963,244.0,Completed Hand Line,2.0,Grass/Brush,1,Held
CA-MEU-008674,Mendocino Complex,CA-MEU-008674_seg_00697,2018-08-04,val,20.7,824.6,2382.2,0.111,0.144,168.1,156.0,77.9,0.209,2181.7,Dozer Line,6.5,Grass/Brush,1,Held
CA-MEU-008674,Mendocino Complex,CA-MEU-008674_seg_00698,2018-08-04,val,21.5,1158.2,1384.6,0.76,0.242,170.2,110.1,30.0,0.866,15.8,Dozer Line,6.5,Grass/Brush,0,Burned Over
CA-MEU-008674,Mendocino Complex,CA-MEU-008674_seg_00699,2018-08-04,val,26.7,923.1,1127.4,0.364,0.212,167.0,137.3,60.3,0.495,472.2,Dozer Line,6.5,Grass/Brush,1,Held
CA-MEU-008674,Mendocino Complex,CA-MEU-008674_seg_00700,2018-08-04,val,26.1,955.7,253.7,0.826,0.118,147.5,175.3,62.2,0.466,-1233.3,Dozer Line,6.5,Grass/Brush,0,Burned Over
CA-MEU-008674,Mendocino Complex,CA-MEU-008674_seg_00701,2018-08-04,val,18.4,933.9,1761.6,0.319,0.182,134.4,152.2,72.2,0.306,1187.0,Dozer Line,6.5,Grass/Brush,1,Held
CA-MEU-008674,Mendocino Complex,CA-MEU-008674_seg_00702,2018-08-04,val,23.6,804.1,2829.8,0.135,0.156,126.9,148.6,68.3,0.369,2586.3,Dozer Line,6.5,Grass/Brush,1,Held
CA-MEU-008674,Mendocino Complex,CA-MEU-008674_seg_00703,2018-08-04,val,20.1,538.3,3511.9,0.067,0.063,170.1,160.2,80.0,0.173,3390.9,Dozer Line,6.5,Grass/Brush,1,Held
CA-MEU-008674,Mendocino Complex,CA-MEU-008674_seg_00704,2018-08-04,val,16.6,1075.9,572.4,0.594,0.326,135.7,6.7,39.0,0.777,-497.7,Completed Hand Line,2.0,Grass/Brush,0,Burned Over
CA-MEU-008674,Mendocino Complex,CA-MEU-008674_seg_00705,2018-08-04,val,14.1,1010.5,995.9,0.498,0.35,135.9,115.4,69.4,0.351,100.2,Dozer Line,6.5,Grass/Brush,1,Held
CA-MEU-008674,Mendocino Complex,CA-MEU-008674_seg_00706,2018-08-04,val,8.4,513.0,4993.3,0.008,0.009,150.3,31.3,29.0,0.874,4979.8,Dozer Line,6.5,Grass/Brush,1,Held
CA-MEU-008674,Mendocino Complex,CA-MEU-008674_seg_00707,2018-08-04,val,33.6,426.2,1404.1,0.739,0.259,141.6,116.9,65.3,0.417,74.3,Dozer Line,6.5,Grass/Brush,1,Held
CA-MEU-008674,Mendocino Complex,CA-MEU-008674_seg_00708,2018-08-04,val,6.4,827.5,1301.9,0.276,0.249,162.2,174.5,77.7,0.213,805.1,Dozer Line,6.5,Grass/Brush,1,Held
CA-MEU-008674,Mendocino Complex,CA-MEU-008674_seg_00709,2018-08-04,val,24.6,885.5,982.6,0.704,0.19,147.2,105.8,48.6,0.662,-284.7,Road as Line,9.0,Grass/Brush,1,Held
CA-MEU-008674,Mendocino Complex,CA-MEU-008674_seg_00710,2018-08-04,val,21.5,838.2,774.5,0.662,0.224,173.4,15.0,68.4,0.369,-416.5,Road as Line,9.0,Grass/Brush,1,Held
CA-MEU-008674,Mendocino Complex,CA-MEU-008674_seg_00711,2018-08-04,val,11.9,1012.1,2139.4,0.318,0.219,127.4,177.5,39.9,0.768,1566.2,Completed Hand Line,2.0,Grass/Brush,1,Held
CA-MEU-008674,Mendocino Complex,CA-MEU-008674_seg_00712,2018-08-04,val,26.7,475.2,299.3,0.867,0.156,155.4,40.8,24.6,0.909,-1261.4,Dozer Line,6.5,Grass/Brush,1,Held
CA-MEU-008674,Mendocino Complex,CA-MEU-008674_seg_00713,2018-08-04,val,21.9,1093.6,1197.0,0.677,0.23,131.7,108.4,66.7,0.396,-21.8,Dozer Line,6.5,Grass/Brush,1,Held
CA-MEU-008674,Mendocino Complex,CA-MEU-008674_seg_00714,2018-08-04,val,17.3,793.5,2865.9,0.07,0.101,188.3,13.2,85.0,0.087,2740.2,Dozer Line,6.5,Grass/Brush,1,Held
CA-MEU-008674,Mendocino Complex,CA-MEU-008674_seg_00715,2018-08-04,val,24.6,876.5,5000.0,0.01,0.013,137.3,144.5,82.9,0.124,4981.7,Dozer Line,6.5,Grass/Brush,1,Held
CA-MEU-008674,Mendocino Complex,CA-MEU-008674_seg_00716,2018-08-04,val,34.8,890.1,396.5,0.801,0.248,172.0,27.0,55.0,0.573,-1045.3,Dozer Line,6.5,Grass/Brush,1,Held
CA-MEU-008674,Mendocino Complex,CA-MEU-008674_seg_00717,2018-08-04,val,24.5,723.8,1194.2,0.566,0.306,168.7,30.3,48.4,0.664,175.3,Dozer Line,6.5,Grass/Brush,1,Held
CA-MEU-008674,Mendocino Complex,CA-MEU-008674_seg_00718,2018-08-04,val,20.1,1132.3,405.3,0.861,0.177,166.2,89.7,13.5,0.972,-1144.7,Road as Line,9.0,Grass/Brush,0,Burned Over
CA-MEU-008674,Mendocino Complex,CA-MEU-008674_seg_00719,2018-08-04,val,6.4,967.0,5000.0,0.015,0.025,141.0,29.4,21.6,0.93,4973.9,Dozer Line,6.5,Grass/Brush,1,Held
CA-MEU-008674,Mendocino Complex,CA-MEU-008674_seg_00720,2018-08-04,val,11.8,509.3,1715.4,0.37,0.413,155.9,72.2,6.3,0.994,1049.9,Dozer Line,6.5,Grass/Brush,1,Held
CA-MEU-008674,Mendocino Complex,CA-MEU-008674_seg_00721,2018-08-04,val,29.2,828.9,565.7,0.733,0.228,156.0,20.9,45.1,0.706,-754.6,Dozer Line,6.5,Grass/Brush,1,Held
CA-MEU-008674,Mendocino Complex,CA-MEU-008674_seg_00722,2018-08-04,val,9.7,1374.2,3228.1,0.063,0.089,112.3,79.9,57.6,0.536,3114.6,Dozer Line,6.5,Grass/Brush,1,Held
CA-MEU-008674,Mendocino Complex,CA-MEU-008674_seg_00723,2018-08-04,val,23.1,554.1,3607.4,0.067,0.079,135.9,55.8,10.0,0.985,3487.3,Road as Line,9.0,Grass/Brush,1,Held
CA-MEU-008674,Mendocino Complex,CA-MEU-008674_seg_00724,2018-08-04,val,31.6,1374.7,964.9,0.682,0.18,156.4,16.3,50.1,0.642,-262.3,Dozer Line,6.5,Grass/Brush,1,Held
CA-MEU-008674,Mendocino Complex,CA-MEU-008674_seg_00725,2018-08-04,val,20.2,957.3,450.7,0.792,0.236,191.6,38.4,63.2,0.451,-975.6,Dozer Line,6.5,Grass/Brush,1,Held
CA-MEU-008674,Mendocino Complex,CA-MEU-008674_seg_00726,2018-08-04,val,24.1,858.0,681.2,0.698,0.175,158.2,105.7,37.5,0.793,-574.6,Dozer Line,6.5,Grass/Brush,0,Burned Over
CA-MEU-008674,Mendocino Complex,CA-MEU-008674_seg_00727,2018-08-04,val,11.4,1367.2,316.9,0.795,0.276,144.5,52.3,2.1,0.999,-1114.8,Dozer Line,6.5,Grass/Brush,0,Burned Over
CA-MEU-008674,Mendocino Complex,CA-MEU-008674_seg_00728,2018-08-04,val,21.5,816.1,426.5,0.555,0.435,151.0,156.6,84.3,0.099,-572.1,Road as Line,9.0,Grass/Brush,1,Held
CA-MEU-008674,Mendocino Complex,CA-MEU-008674_seg_00729,2018-08-04,val,43.3,829.4,563.8,0.923,0.077,133.0,57.1,14.1,0.97,-1097.3,Road as Line,9.0,Grass/Brush,0,Burned Over
CA-MEU-008674,Mendocino Complex,CA-MEU-008674_seg_00730,2018-08-04,val,9.6,1056.1,2717.6,0.066,0.054,155.5,161.0,84.5,0.097,2598.8,Road as Line,9.0,Grass/Brush,1,Held
CA-MEU-008674,Mendocino Complex,CA-MEU-008674_seg_00731,2018-08-04,val,16.0,219.4,662.7,0.545,0.235,137.4,107.6,60.2,0.497,-318.4,Dozer Line,6.5,Grass/Brush,1,Held
CA-MEU-008674,Mendocino Complex,CA-MEU-008674_seg_00732,2018-08-04,val,28.8,1153.3,813.4,0.837,0.141,134.7,89.1,44.5,0.714,-693.0,Road as Line,9.0,Grass/Brush,1,Held
CA-MEU-008674,Mendocino Complex,CA-MEU-008674_seg_00733,2018-08-04,val,17.1,859.5,619.1,0.6,0.358,154.1,6.1,58.0,0.53,-461.7,Dozer Line,6.5,Grass/Brush,0,Burned Over
CA-MEU-008674,Mendocino Complex,CA-MEU-008674_seg_00734,2018-08-04,val,21.0,996.8,1378.5,0.274,0.285,148.4,121.4,63.0,0.455,884.9,Road as Line,9.0,Grass/Brush,1,Held
CA-MEU-008674,Mendocino Complex,CA-MEU-008674_seg_00735,2018-08-04,val,11.8,528.7,1070.2,0.284,0.228,123.1,115.0,81.9,0.14,558.8,Road as Line,9.0,Grass/Brush,1,Held
CA-MEU-008674,Mendocino Complex,CA-MEU-008674_seg_00736,2018-08-04,val,13.0,868.7,285.1,0.63,0.412,136.9,2.5,44.5,0.714,-848.5,Dozer Line,6.5,Grass/Brush,0,Burned Over
CA-MEU-008674,Mendocino Complex,CA-MEU-008674_seg_00737,2018-08-04,val,23.5,862.3,5000.0,0.008,0.01,168.9,40.1,38.8,0.779,4985.5,Dozer Line,6.5,Grass/Brush,1,Held
CA-MEU-008674,Mendocino Complex,CA-MEU-008674_seg_00738,2018-08-04,val,10.9,693.5,2320.2,0.277,0.293,140.3,64.8,14.5,0.968,1822.3,Road as Line,9.0,Grass/Brush,1,Held
CA-MEU-008674,Mendocino Complex,CA-MEU-008674_seg_00739,2018-08-04,val,24.1,1560.2,439.4,0.812,0.14,193.8,143.1,39.3,0.773,-1022.9,Dozer Line,6.5,Grass/Brush,0,Burned Over
CA-MEU-008674,Mendocino Complex,CA-MEU-008674_seg_00740,2018-08-04,val,21.2,496.2,682.7,0.477,0.396,133.6,132.8,89.2,0.015,-175.7,Road as Line,9.0,Grass/Brush,1,Held
CA-MEU-008674,Mendocino Complex,CA-MEU-008674_seg_00741,2018-08-04,val,16.1,982.1,522.6,0.614,0.309,147.5,12.1,45.4,0.703,-583.0,Dozer Line,6.5,Grass/Brush,1,Held
CA-MEU-008674,Mendocino Complex,CA-MEU-008674_seg_00742,2018-08-04,val,8.9,418.1,816.2,0.609,0.273,144.3,51.8,2.4,0.999,-280.8,Dozer Line,6.5,Grass/Brush,0,Burned Over
CA-MEU-008674,Mendocino Complex,CA-MEU-008674_seg_00743,2018-08-04,val,13.3,1176.5,726.0,0.395,0.404,148.4,167.5,71.0,0.326,14.9,Dozer Line,6.5,Grass/Brush,1,Held
CA-MEU-008674,Mendocino Complex,CA-MEU-008674_seg_00744,2018-08-04,val,7.8,815.9,2075.7,0.295,0.366,158.7,70.9,2.2,0.999,1544.4,Road as Line,9.0,Grass/Brush,1,Held
CA-MEU-008674,Mendocino Complex,CA-MEU-008674_seg_00745,2018-08-04,val,9.4,423.7,2248.4,0.237,0.159,158.0,26.7,41.2,0.752,1822.0,Dozer Line,6.5,Grass/Brush,1,Held
CA-MEU-008674,Mendocino Complex,CA-MEU-008674_seg_00746,2018-08-04,val,18.2,1248.0,1028.5,0.607,0.293,131.3,150.0,71.3,0.321,-64.4,Dozer Line,6.5,Grass/Brush,1,Held
CA-MEU-008674,Mendocino Complex,CA-MEU-008674_seg_00747,2018-08-04,val,16.6,1045.3,2029.4,0.362,0.228,118.6,34.1,5.5,0.995,1377.1,Dozer Line,6.5,Grass/Brush,1,Held
CA-MEU-008674,Mendocino Complex,CA-MEU-008674_seg_00748,2018-08-04,val,18.3,651.2,278.1,0.564,0.2,175.4,163.5,78.1,0.207,-737.5,Dozer Line,6.5,Grass/Brush,1,Held
CA-MEU-008674,Mendocino Complex,CA-MEU-008674_seg_00749,2018-08-04,val,14.7,1010.8,1001.6,0.679,0.237,178.8,66.5,22.3,0.925,-220.2,Dozer Line,6.5,Grass/Brush,0,Burned Over
CA-MEU-008674,Mendocino Complex,CA-MEU-008674_seg_00750,2018-08-04,val,17.9,990.5,2043.5,0.356,0.33,156.0,172.7,73.3,0.287,1402.7,Road as Line,9.0,Grass/Brush,1,Held
CA-MEU-008674,Mendocino Complex,CA-MEU-008674_seg_00751,2018-08-04,val,28.5,530.8,962.0,0.406,0.339,109.2,123.1,76.1,0.241,231.3,Dozer Line,6.5,Grass/Brush,1,Held
CA-MEU-008674,Mendocino Complex,CA-MEU-008674_seg_00752,2018-08-04,val,27.0,934.0,452.0,0.811,0.269,148.4,81.7,23.3,0.918,-1008.6,Road as Line,9.0,Grass/Brush,1,Held
CA-MEU-008674,Mendocino Complex,CA-MEU-008674_seg_00753,2018-08-04,val,21.1,1046.7,2778.7,0.145,0.105,176.1,18.4,67.8,0.378,2517.7,Dozer Line,6.5,Grass/Brush,1,Held
CA-MEU-008674,Mendocino Complex,CA-MEU-008674_seg_00754,2018-08-04,val,15.9,857.3,773.0,0.543,0.405,105.9,156.3,39.6,0.77,-203.9,Road as Line,9.0,Grass/Brush,0,Burned Over
CA-MEU-008674,Mendocino Complex,CA-MEU-008674_seg_00755,2018-08-04,val,21.4,918.2,390.1,0.637,0.314,176.9,131.3,44.4,0.715,-755.7,Road as Line,9.0,Grass/Brush,1,Held
CA-MEU-008674,Mendocino Complex,CA-MEU-008674_seg_00756,2018-08-04,val,5.9,715.6,1903.9,0.139,0.12,152.3,10.7,51.7,0.62,1654.5,Road as Line,9.0,Grass/Brush,1,Held
CA-MEU-008674,Mendocino Complex,CA-MEU-008674_seg_00757,2018-08-04,val,16.1,1552.4,844.9,0.526,0.242,127.3,101.1,63.8,0.441,-101.8,Dozer Line,6.5,Grass/Brush,1,Held
CA-MEU-008674,Mendocino Complex,CA-MEU-008674_seg_00758,2018-08-04,val,15.1,1161.7,1408.1,0.512,0.402,122.4,25.3,7.1,0.992,486.4,Dozer Line,6.5,Grass/Brush,1,Held
CA-MEU-008674,Mendocino Complex,CA-MEU-008674_seg_00759,2018-08-04,val,33.8,917.3,580.7,0.579,0.387,144.4,151.6,82.8,0.125,-461.4,Road as Line,9.0,Grass/Brush,1,Held
CA-MEU-008674,Mendocino Complex,CA-MEU-008674_seg_00760,2018-08-04,val,2.6,363.7,1768.5,0.338,0.229,151.2,78.8,17.6,0.953,1159.6,Dozer Line,6.5,Grass/Brush,1,Held
CA-MEU-008674,Mendocino Complex,CA-MEU-008674_seg_00761,2018-08-04,val,22.2,833.5,600.8,0.74,0.324,188.6,151.6,53.0,0.602,-730.7,Dozer Line,6.5,Grass/Brush,1,Held
CA-MEU-008674,Mendocino Complex,CA-MEU-008674_seg_00762,2018-08-04,val,26.0,617.1,317.3,0.884,0.157,154.4,91.4,27.0,0.891,-1273.3,Road as Line,9.0,Grass/Brush,0,Burned Over
CA-MEU-008674,Mendocino Complex,CA-MEU-008674_seg_00763,2018-08-04,val,16.5,696.4,467.3,0.702,0.362,156.9,117.3,50.4,0.637,-796.3,Road as Line,9.0,Grass/Brush,1,Held
CA-MEU-008674,Mendocino Complex,CA-MEU-008674_seg_00764,2018-08-04,val,13.2,573.0,649.7,0.722,0.254,131.4,29.9,11.5,0.98,-650.1,Completed Hand Line,2.0,Grass/Brush,0,Burned Over
CA-MEU-008674,Mendocino Complex,CA-MEU-008674_seg_00765,2018-08-04,val,30.3,631.2,442.6,0.75,0.222,183.6,170.5,76.9,0.227,-906.6,Dozer Line,6.5,Grass/Brush,1,Held
CA-MEU-008674,Mendocino Complex,CA-MEU-008674_seg_00766,2018-08-04,val,11.1,1160.3,2980.0,0.121,0.19,172.0,38.4,43.6,0.724,2761.9,Road as Line,9.0,Grass/Brush,0,Burned Over
CA-MEU-008674,Mendocino Complex,CA-MEU-008674_seg_00767,2018-08-04,val,17.4,1196.5,448.5,0.736,0.297,130.8,60.7,19.9,0.941,-876.0,Road as Line,9.0,Grass/Brush,1,Held
CA-MEU-008674,Mendocino Complex,CA-MEU-008674_seg_00768,2018-08-04,val,18.8,488.0,160.1,0.617,0.338,171.8,175.1,86.8,0.056,-950.6,Dozer Line,6.5,Grass/Brush,1,Held
CA-MEU-008674,Mendocino Complex,CA-MEU-008674_seg_00769,2018-08-04,val,11.0,382.8,555.6,0.436,0.208,171.1,161.3,80.2,0.17,-230.0,Dozer Line,6.5,Grass/Brush,1,Held
CA-MEU-008674,Mendocino Complex,CA-MEU-008674_seg_00770,2018-08-04,val,36.7,760.7,575.5,0.803,0.165,106.8,53.7,36.9,0.799,-869.2,Dozer Line,6.5,Grass/Brush,0,Burned Over
CA-MEU-008674,Mendocino Complex,CA-MEU-008674_seg_00771,2018-08-04,val,1.2,919.8,1178.3,0.216,0.286,135.8,150.2,75.6,0.249,789.3,Dozer Line,6.5,Grass/Brush,1,Held
CA-MEU-008674,Mendocino Complex,CA-MEU-008674_seg_00772,2018-08-04,val,15.2,760.0,5000.0,0.006,0.005,177.6,146.6,59.0,0.516,4989.5,Dozer Line,6.5,Grass/Brush,1,Held
CA-MEU-008674,Mendocino Complex,CA-MEU-008674_seg_00773,2018-08-04,val,9.7,452.5,4591.3,0.041,0.052,130.6,56.5,15.8,0.962,4517.8,Dozer Line,6.5,Grass/Brush,1,Held
CA-MEU-008674,Mendocino Complex,CA-MEU-008674_seg_00774,2018-08-04,val,10.9,1040.1,3413.4,0.039,0.042,148.6,144.1,85.6,0.077,3343.8,Road as Line,9.0,Grass/Brush,1,Held
CA-MEU-008674,Mendocino Complex,CA-MEU-008674_seg_00775,2018-08-04,val,6.0,763.2,861.4,0.376,0.415,146.5,148.4,88.1,0.033,184.1,Dozer Line,6.5,Grass/Brush,1,Held
CA-MEU-008674,Mendocino Complex,CA-MEU-008674_seg_00776,2018-08-04,val,7.3,1428.2,3230.5,0.032,0.049,139.5,165.8,63.7,0.444,3173.1,Dozer Line,6.5,Grass/Brush,1,Held
CA-MEU-008674,Mendocino Complex,CA-MEU-008674_seg_00777,2018-08-04,val,22.7,1042.8,605.7,0.644,0.191,147.4,89.7,32.3,0.845,-554.1,Completed Hand Line,2.0,Grass/Brush,0,Burned Over
CA-MEU-008674,Mendocino Complex,CA-MEU-008674_seg_00778,2018-08-04,val,15.9,919.0,665.3,0.496,0.357,145.5,157.2,78.3,0.202,-227.5,Dozer Line,6.5,Grass/Brush,1,Held
CA-MEU-008674,Mendocino Complex,CA-MEU-008674_seg_00779,2018-08-04,val,1.1,991.2,1028.6,0.503,0.21,156.3,64.7,1.7,1.0,122.8,Dozer Line,6.5,Grass/Brush,1,Held
CA-MEU-008674,Mendocino Complex,CA-MEU-008674_seg_00780,2018-08-04,val,24.6,842.5,733.4,0.642,0.406,154.4,112.2,47.8,0.671,-423.0,Road as Line,9.0,Grass/Brush,1,Held
CA-MEU-008674,Mendocino Complex,CA-MEU-008674_seg_00781,2018-08-04,val,20.6,1669.6,1264.7,0.518,0.233,162.8,99.3,26.5,0.895,332.5,Dozer Line,6.5,Grass/Brush,0,Burned Over
CA-MEU-008674,Mendocino Complex,CA-MEU-008674_seg_00782,2018-08-04,val,16.0,455.7,1759.5,0.459,0.241,170.2,108.4,28.3,0.881,933.0,Road as Line,9.0,Grass/Brush,1,Held
CA-MEU-008674,Mendocino Complex,CA-MEU-008674_seg_00783,2018-08-04,val,27.2,1018.9,1498.9,0.625,0.193,137.9,10.8,37.1,0.797,374.4,Dozer Line,6.5,Grass/Brush,1,Held
CA-MEU-008674,Mendocino Complex,CA-MEU-008674_seg_00784,2018-08-04,val,6.1,1254.6,975.2,0.435,0.264,169.2,12.7,66.5,0.399,193.0,Road as Line,9.0,Grass/Brush,1,Held
CA-MEU-008674,Mendocino Complex,CA-MEU-008674_seg_00785,2018-08-04,val,11.2,804.5,1915.3,0.196,0.235,161.1,34.0,37.1,0.797,1561.9,Road as Line,9.0,Grass/Brush,1,Held
CA-MEU-008674,Mendocino Complex,CA-MEU-008674_seg_00786,2018-08-04,val,27.3,855.4,221.6,0.92,0.066,116.7,72.4,45.7,0.698,-1435.0,Dozer Line,6.5,Grass/Brush,0,Burned Over
CA-MEU-008674,Mendocino Complex,CA-MEU-008674_seg_00787,2018-08-04,val,14.8,673.7,1388.2,0.229,0.186,123.6,137.0,76.6,0.232,976.1,Dozer Line,6.5,Grass/Brush,1,Held
CA-MEU-008674,Mendocino Complex,CA-MEU-008674_seg_00788,2018-08-04,val,31.6,1068.4,260.6,0.802,0.197,154.5,12.1,52.4,0.61,-1183.7,Dozer Line,6.5,Grass/Brush,0,Burned Over
CA-MEU-008674,Mendocino Complex,CA-MEU-008674_seg_00789,2018-08-04,val,26.0,795.0,2188.1,0.393,0.369,164.5,128.2,53.7,0.591,1481.4,Dozer Line,6.5,Grass/Brush,1,Held
CA-MEU-008674,Mendocino Complex,CA-MEU-008674_seg_00790,2018-08-04,val,31.2,800.0,3032.7,0.145,0.209,134.8,174.9,49.9,0.644,2771.7,Dozer Line,6.5,Grass/Brush,1,Held
CA-MEU-008674,Mendocino Complex,CA-MEU-008674_seg_00791,2018-08-04,val,9.2,872.0,470.9,0.502,0.361,175.9,161.5,75.6,0.249,-432.0,Dozer Line,6.5,Grass/Brush,1,Held
CA-MEU-008674,Mendocino Complex,CA-MEU-008674_seg_00792,2018-08-04,val,18.0,800.1,1822.9,0.391,0.351,120.6,172.4,38.3,0.785,1119.3,Dozer Line,6.5,Grass/Brush,1,Held
CA-MEU-008674,Mendocino Complex,CA-MEU-008674_seg_00793,2018-08-04,val,18.9,676.6,615.7,0.768,0.163,148.3,95.6,37.3,0.795,-766.0,Dozer Line,6.5,Grass/Brush,1,Held
CA-MEU-008674,Mendocino Complex,CA-MEU-008674_seg_00794,2018-08-04,val,24.2,1076.0,849.1,0.673,0.329,157.4,80.3,12.9,0.975,-361.8,Dozer Line,6.5,Grass/Brush,1,Held
CA-MEU-008674,Mendocino Complex,CA-MEU-008674_seg_00795,2018-08-04,val,13.0,550.3,364.5,0.505,0.344,155.5,160.9,84.5,0.095,-544.6,Dozer Line,6.5,Grass/Brush,1,Held
CA-MEU-008674,Mendocino Complex,CA-MEU-008674_seg_00796,2018-08-04,val,11.8,1050.9,168.7,0.527,0.413,155.6,167.1,78.5,0.199,-779.5,Dozer Line,6.5,Grass/Brush,1,Held
CA-MEU-008674,Mendocino Complex,CA-MEU-008674_seg_00797,2018-08-04,val,11.8,1007.5,2060.5,0.079,0.117,147.0,141.5,84.5,0.096,1919.2,Dozer Line,6.5,Grass/Brush,1,Held
CA-MEU-008674,Mendocino Complex,CA-MEU-008674_seg_00798,2018-08-04,val,25.5,801.5,3132.4,0.07,0.075,165.9,173.9,82.0,0.138,3006.1,Dozer Line,6.5,Grass/Brush,1,Held
CA-MEU-008674,Mendocino Complex,CA-MEU-008674_seg_00799,2018-08-04,val,24.3,1495.0,1812.9,0.296,0.368,143.8,179.3,54.6,0.58,1279.6,Dozer Line,6.5,Grass/Brush,1,Held
CA-MEU-008674,Mendocino Complex,CA-MEU-008674_seg_00800,2018-08-04,val,7.5,935.2,614.0,0.366,0.276,154.1,158.1,86.0,0.07,-44.5,Dozer Line,6.5,Grass/Brush,1,Held
CA-MEU-008674,Mendocino Complex,CA-MEU-008674_seg_00801,2018-08-04,val,29.5,803.8,642.5,0.892,0.122,134.6,48.4,3.9,0.998,-963.9,Road as Line,9.0,Grass/Brush,0,Burned Over
CA-MEU-008674,Mendocino Complex,CA-MEU-008674_seg_00802,2018-08-04,val,30.7,969.8,4421.9,0.05,0.054,193.4,124.2,20.8,0.935,4331.3,Completed Hand Line,2.0,Grass/Brush,0,Burned Over
CA-MEU-008674,Mendocino Complex,CA-MEU-008674_seg_00803,2018-08-04,val,7.5,925.0,3316.3,0.084,0.115,125.9,28.9,7.0,0.992,3165.9,Road as Line,9.0,Grass/Brush,1,Held
CA-MEU-008674,Mendocino Complex,CA-MEU-008674_seg_00804,2018-08-04,val,5.3,598.4,3669.5,0.01,0.017,92.3,89.6,87.3,0.046,3650.7,Road as Line,9.0,Grass/Brush,1,Held
CA-MEU-008674,Mendocino Complex,CA-MEU-008674_seg_00805,2018-08-04,val,21.2,613.6,3260.3,0.079,0.115,159.3,42.3,27.1,0.891,3118.6,Dozer Line,6.5,Grass/Brush,1,Held
CA-MEU-008674,Mendocino Complex,CA-MEU-008674_seg_00806,2018-08-04,val,26.2,737.7,1915.0,0.427,0.266,185.1,115.5,20.4,0.938,1146.4,Road as Line,9.0,Grass/Brush,1,Held
CA-MEU-008674,Mendocino Complex,CA-MEU-008674_seg_00807,2018-08-04,val,13.7,641.1,676.0,0.74,0.243,109.9,18.5,1.5,1.0,-656.9,Dozer Line,6.5,Grass/Brush,1,Held
CA-MEU-008674,Mendocino Complex,CA-MEU-008674_seg_00808,2018-08-04,val,20.8,662.2,1209.5,0.749,0.231,113.0,179.1,23.9,0.914,-138.5,Dozer Line,6.5,Grass/Brush,0,Burned Over
CA-MEU-008674,Mendocino Complex,CA-MEU-008674_seg_00809,2018-08-04,val,11.9,927.7,194.1,0.811,0.188,144.0,31.7,22.3,0.925,-1265.5,Dozer Line,6.5,Grass/Brush,1,Held
CA-MEU-008674,Mendocino Complex,CA-MEU-008674_seg_00810,2018-08-04,val,19.8,904.1,175.6,0.817,0.247,162.9,120.6,47.7,0.673,-1295.1,Dozer Line,6.5,Grass/Brush,1,Held
CA-CZU-005205,CZU Lightning Complex,CA-CZU-005205_seg_00001,2020-08-20,test,40.6,442.0,385.0,0.762,0.275,236.1,53.9,87.9,0.037,-986.6,Completed Hand Line,2.0,Timber,1,Held
CA-CZU-005205,CZU Lightning Complex,CA-CZU-005205_seg_00002,2020-08-20,test,22.6,322.3,1183.1,0.712,0.188,193.5,68.3,35.2,0.817,-98.1,Road as Line,9.0,Timber,1,Held
CA-CZU-005205,CZU Lightning Complex,CA-CZU-005205_seg_00003,2020-08-20,test,27.7,284.0,5000.0,0.014,0.024,185.5,44.5,51.0,0.629,4975.2,Completed Hand Line,2.0,Timber,1,Held
CA-CZU-005205,CZU Lightning Complex,CA-CZU-005205_seg_00004,2020-08-20,test,21.6,327.0,338.1,0.585,0.331,223.7,14.8,61.1,0.484,-714.3,Completed Hand Line,2.0,Timber,0,Burned Over
CA-CZU-005205,CZU Lightning Complex,CA-CZU-005205_seg_00005,2020-08-20,test,18.1,269.8,830.3,0.653,0.311,199.8,77.8,32.0,0.848,-345.2,Completed Hand Line,2.0,Timber,0,Burned Over
CA-CZU-005205,CZU Lightning Complex,CA-CZU-005205_seg_00006,2020-08-20,test,35.1,422.1,1502.2,0.613,0.228,222.3,158.5,26.1,0.898,398.8,Road as Line,9.0,Timber,1,Held
CA-CZU-005205,CZU Lightning Complex,CA-CZU-005205_seg_00007,2020-08-20,test,25.1,261.2,1956.0,0.435,0.397,224.1,99.0,35.1,0.818,1173.4,Road as Line,9.0,Timber,1,Held
CA-CZU-005205,CZU Lightning Complex,CA-CZU-005205_seg_00008,2020-08-20,test,37.4,542.4,1178.1,0.613,0.275,217.9,179.2,51.3,0.626,73.8,Completed Hand Line,2.0,Timber,1,Held
CA-CZU-005205,CZU Lightning Complex,CA-CZU-005205_seg_00009,2020-08-20,test,30.3,207.4,2525.9,0.122,0.168,200.4,26.2,84.1,0.102,2307.0,Road as Line,9.0,Timber,1,Held
CA-CZU-005205,CZU Lightning Complex,CA-CZU-005205_seg_00010,2020-08-20,test,19.5,593.8,951.9,0.598,0.404,234.4,137.2,7.2,0.992,-124.4,Road as Line,9.0,Timber,0,Burned Over
CA-CZU-005205,CZU Lightning Complex,CA-CZU-005205_seg_00011,2020-08-20,test,26.9,455.4,837.7,0.807,0.165,221.7,94.8,36.9,0.8,-615.0,Completed Hand Line,2.0,Timber,0,Burned Over
CA-CZU-005205,CZU Lightning Complex,CA-CZU-005205_seg_00012,2020-08-20,test,24.6,405.3,2616.7,0.115,0.17,215.8,68.3,57.5,0.538,2409.1,Completed Hand Line,2.0,Timber,1,Held
CA-CZU-005205,CZU Lightning Complex,CA-CZU-005205_seg_00013,2020-08-20,test,19.4,379.7,448.8,0.675,0.179,206.8,57.0,59.7,0.504,-766.4,Dozer Line,6.5,Timber,1,Held
CA-CZU-005205,CZU Lightning Complex,CA-CZU-005205_seg_00014,2020-08-20,test,25.1,317.0,1235.1,0.426,0.364,215.1,12.4,67.3,0.385,468.7,Road as Line,9.0,Timber,1,Held
CA-CZU-005205,CZU Lightning Complex,CA-CZU-005205_seg_00015,2020-08-20,test,33.2,266.8,1312.1,0.609,0.198,213.3,17.9,74.7,0.265,216.0,Road as Line,9.0,Timber,1,Held
CA-CZU-005205,CZU Lightning Complex,CA-CZU-005205_seg_00016,2020-08-20,test,21.9,361.7,618.6,0.64,0.378,203.5,20.5,86.9,0.053,-534.2,Completed Hand Line,2.0,Timber,1,Held
CA-CZU-005205,CZU Lightning Complex,CA-CZU-005205_seg_00017,2020-08-20,test,25.1,420.3,231.4,0.816,0.205,198.6,125.5,17.0,0.957,-1238.1,Dozer Line,6.5,Timber,0,Burned Over
CA-CZU-005205,CZU Lightning Complex,CA-CZU-005205_seg_00018,2020-08-20,test,18.6,620.4,158.2,0.798,0.242,239.3,179.8,30.5,0.862,-1277.7,Completed Hand Line,2.0,Timber,0,Burned Over
CA-CZU-005205,CZU Lightning Complex,CA-CZU-005205_seg_00019,2020-08-20,test,42.4,441.0,1354.9,0.665,0.373,246.9,86.6,70.3,0.337,157.5,Dozer Line,6.5,Timber,1,Held
CA-CZU-005205,CZU Lightning Complex,CA-CZU-005205_seg_00020,2020-08-20,test,29.1,418.5,4814.4,0.022,0.035,201.3,148.9,37.6,0.792,4775.7,Completed Hand Line,2.0,Timber,1,Held
CA-CZU-005205,CZU Lightning Complex,CA-CZU-005205_seg_00021,2020-08-20,test,22.9,524.3,726.1,0.709,0.253,206.2,37.6,78.6,0.198,-550.2,Dozer Line,6.5,Timber,1,Held
CA-CZU-005205,CZU Lightning Complex,CA-CZU-005205_seg_00022,2020-08-20,test,2.5,614.5,651.2,0.286,0.333,203.3,48.8,64.6,0.429,136.4,Dozer Line,6.5,Timber,1,Held
CA-CZU-005205,CZU Lightning Complex,CA-CZU-005205_seg_00023,2020-08-20,test,27.4,621.3,646.7,0.81,0.16,225.1,172.2,37.1,0.797,-811.2,Dozer Line,6.5,Timber,0,Burned Over
CA-CZU-005205,CZU Lightning Complex,CA-CZU-005205_seg_00024,2020-08-20,test,9.8,144.1,2160.1,0.159,0.127,178.6,173.2,84.5,0.095,1874.0,Dozer Line,6.5,Timber,1,Held
CA-CZU-005205,CZU Lightning Complex,CA-CZU-005205_seg_00025,2020-08-20,test,16.3,347.2,1845.6,0.391,0.29,237.3,166.8,19.5,0.943,1141.0,Completed Hand Line,2.0,Timber,1,Held
CA-CZU-005205,CZU Lightning Complex,CA-CZU-005205_seg_00026,2020-08-20,test,17.9,485.3,666.8,0.532,0.276,216.4,57.0,69.3,0.353,-291.6,Completed Hand Line,2.0,Timber,1,Held
CA-CZU-005205,CZU Lightning Complex,CA-CZU-005205_seg_00027,2020-08-20,test,13.7,527.6,793.4,0.756,0.238,234.9,124.6,20.3,0.938,-567.5,Completed Hand Line,2.0,Timber,0,Burned Over
CA-CZU-005205,CZU Lightning Complex,CA-CZU-005205_seg_00028,2020-08-20,test,38.6,510.8,297.7,0.802,0.143,175.3,19.7,65.6,0.413,-1145.7,Dozer Line,6.5,Timber,0,Burned Over
CA-CZU-005205,CZU Lightning Complex,CA-CZU-005205_seg_00029,2020-08-20,test,29.4,526.4,631.1,0.818,0.144,215.0,141.4,16.5,0.959,-842.1,Road as Line,9.0,Timber,0,Burned Over
CA-CZU-005205,CZU Lightning Complex,CA-CZU-005205_seg_00030,2020-08-20,test,26.7,360.1,560.5,0.56,0.266,245.6,48.7,73.2,0.289,-448.4,Dozer Line,6.5,Timber,1,Held
CA-CZU-005205,CZU Lightning Complex,CA-CZU-005205_seg_00031,2020-08-20,test,32.0,467.4,172.8,0.84,0.222,179.9,142.4,52.5,0.609,-1338.5,Dozer Line,6.5,Timber,0,Burned Over
CA-CZU-005205,CZU Lightning Complex,CA-CZU-005205_seg_00032,2020-08-20,test,11.2,280.2,2714.3,0.098,0.125,197.1,176.3,69.2,0.355,2538.1,Completed Hand Line,2.0,Timber,1,Held
CA-CZU-005205,CZU Lightning Complex,CA-CZU-005205_seg_00033,2020-08-20,test,30.2,587.9,298.5,0.933,0.05,235.6,119.8,25.9,0.9,-1380.8,Completed Hand Line,2.0,Timber,0,Burned Over
CA-CZU-005205,CZU Lightning Complex,CA-CZU-005205_seg_00034,2020-08-20,test,21.5,356.0,2933.4,0.228,0.224,213.5,96.3,27.3,0.889,2523.3,Road as Line,9.0,Timber,1,Held
CA-CZU-005205,CZU Lightning Complex,CA-CZU-005205_seg_00035,2020-08-20,test,14.3,412.0,1529.3,0.519,0.314,206.1,132.7,16.6,0.958,595.7,Dozer Line,6.5,Timber,1,Held
CA-CZU-005205,CZU Lightning Complex,CA-CZU-005205_seg_00036,2020-08-20,test,25.7,327.8,883.1,0.694,0.327,210.5,149.7,29.2,0.873,-366.9,Completed Hand Line,2.0,Timber,1,Held
CA-CZU-005205,CZU Lightning Complex,CA-CZU-005205_seg_00037,2020-08-20,test,25.3,275.2,4525.8,0.05,0.064,196.1,91.2,14.8,0.967,4435.0,Dozer Line,6.5,Timber,1,Held
CA-CZU-005205,CZU Lightning Complex,CA-CZU-005205_seg_00038,2020-08-20,test,28.7,231.9,1261.9,0.805,0.213,230.2,123.9,16.4,0.959,-186.7,Dozer Line,6.5,Timber,0,Burned Over
CA-CZU-005205,CZU Lightning Complex,CA-CZU-005205_seg_00039,2020-08-20,test,47.6,475.2,346.5,0.954,0.043,195.8,106.5,0.8,1.0,-1369.8,Dozer Line,6.5,Timber,0,Burned Over
CA-CZU-005205,CZU Lightning Complex,CA-CZU-005205_seg_00040,2020-08-20,test,32.8,147.3,544.9,0.615,0.35,193.9,164.1,60.2,0.497,-561.4,Dozer Line,6.5,Timber,1,Held
CA-CZU-005205,CZU Lightning Complex,CA-CZU-005205_seg_00041,2020-08-20,test,14.0,167.7,1548.0,0.266,0.272,186.1,145.5,49.4,0.651,1068.7,Completed Hand Line,2.0,Timber,1,Held
CA-CZU-005205,CZU Lightning Complex,CA-CZU-005205_seg_00042,2020-08-20,test,32.0,555.9,1839.5,0.267,0.199,212.1,29.7,87.6,0.041,1359.6,Dozer Line,6.5,Timber,1,Held
CA-CZU-005205,CZU Lightning Complex,CA-CZU-005205_seg_00043,2020-08-20,test,26.2,507.9,197.1,0.897,0.133,228.4,148.3,9.9,0.985,-1418.1,Road as Line,9.0,Timber,0,Burned Over
CA-CZU-005205,CZU Lightning Complex,CA-CZU-005205_seg_00044,2020-08-20,test,27.6,382.9,3292.0,0.045,0.061,179.5,162.3,72.8,0.296,3211.2,Dozer Line,6.5,Timber,1,Held
CA-CZU-005205,CZU Lightning Complex,CA-CZU-005205_seg_00045,2020-08-20,test,13.3,383.1,5000.0,0.02,0.022,180.0,74.4,15.6,0.963,4964.6,Completed Hand Line,2.0,Timber,1,Held
CA-CZU-005205,CZU Lightning Complex,CA-CZU-005205_seg_00046,2020-08-20,test,43.4,69.5,685.1,0.799,0.207,229.3,23.9,64.6,0.429,-753.1,Completed Hand Line,2.0,Timber,0,Burned Over
CA-CZU-005205,CZU Lightning Complex,CA-CZU-005205_seg_00047,2020-08-20,test,42.3,504.7,2112.2,0.337,0.265,254.2,64.7,80.5,0.165,1506.1,Dozer Line,6.5,Timber,1,Held
CA-CZU-005205,CZU Lightning Complex,CA-CZU-005205_seg_00048,2020-08-20,test,16.3,615.4,2987.5,0.107,0.086,225.2,148.0,12.8,0.975,2794.9,Completed Hand Line,2.0,Timber,1,Held
CA-CZU-005205,CZU Lightning Complex,CA-CZU-005205_seg_00049,2020-08-20,test,28.9,363.7,212.7,0.843,0.178,229.9,10.1,50.2,0.64,-1304.1,Road as Line,9.0,Timber,0,Burned Over
CA-CZU-005205,CZU Lightning Complex,CA-CZU-005205_seg_00050,2020-08-20,test,39.7,392.7,1144.9,0.772,0.19,242.3,145.6,6.6,0.993,-244.4,Dozer Line,6.5,Timber,0,Burned Over
CA-CZU-005205,CZU Lightning Complex,CA-CZU-005205_seg_00051,2020-08-20,test,15.6,295.0,1277.5,0.457,0.419,226.9,127.6,9.3,0.987,455.5,Dozer Line,6.5,Timber,0,Burned Over
CA-CZU-005205,CZU Lightning Complex,CA-CZU-005205_seg_00052,2020-08-20,test,33.7,384.3,551.9,0.827,0.122,183.1,143.4,50.3,0.638,-935.9,Completed Hand Line,2.0,Timber,0,Burned Over
CA-CZU-005205,CZU Lightning Complex,CA-CZU-005205_seg_00053,2020-08-20,test,31.8,385.1,954.7,0.641,0.379,205.7,2.7,67.0,0.392,-199.3,Dozer Line,6.5,Timber,0,Burned Over
CA-CZU-005205,CZU Lightning Complex,CA-CZU-005205_seg_00054,2020-08-20,test,24.7,716.1,3198.0,0.047,0.041,221.9,8.6,56.7,0.549,3113.5,Road as Line,9.0,Timber,1,Held
CA-CZU-005205,CZU Lightning Complex,CA-CZU-005205_seg_00055,2020-08-20,test,24.5,262.2,1087.4,0.323,0.214,213.9,37.8,86.1,0.068,505.3,Dozer Line,6.5,Timber,1,Held
CA-CZU-005205,CZU Lightning Complex,CA-CZU-005205_seg_00056,2020-08-20,test,23.8,134.9,656.8,0.758,0.274,210.5,80.0,40.5,0.76,-707.7,Completed Hand Line,2.0,Timber,0,Burned Over
CA-CZU-005205,CZU Lightning Complex,CA-CZU-005205_seg_00057,2020-08-20,test,26.5,347.5,354.9,0.717,0.251,201.4,33.9,77.5,0.217,-935.3,Road as Line,9.0,Timber,0,Burned Over
CA-CZU-005205,CZU Lightning Complex,CA-CZU-005205_seg_00058,2020-08-20,test,37.2,253.9,5000.0,0.009,0.016,188.0,22.0,76.0,0.242,4982.9,Road as Line,9.0,Timber,1,Held
CA-CZU-005205,CZU Lightning Complex,CA-CZU-005205_seg_00059,2020-08-20,test,5.4,377.8,176.8,0.342,0.291,201.4,18.3,86.9,0.054,-438.0,Road as Line,9.0,Timber,1,Held
CA-CZU-005205,CZU Lightning Complex,CA-CZU-005205_seg_00060,2020-08-20,test,23.5,431.9,1260.7,0.489,0.393,217.3,77.0,50.3,0.639,381.2,Road as Line,9.0,Timber,1,Held
CA-CZU-005205,CZU Lightning Complex,CA-CZU-005205_seg_00061,2020-08-20,test,11.3,407.4,1202.2,0.425,0.4,187.3,160.8,63.5,0.447,436.6,Dozer Line,6.5,Timber,1,Held
CA-CZU-005205,CZU Lightning Complex,CA-CZU-005205_seg_00062,2020-08-20,test,38.2,193.5,714.9,0.862,0.144,229.6,108.5,31.1,0.856,-836.3,Dozer Line,6.5,Timber,1,Held
CA-CZU-005205,CZU Lightning Complex,CA-CZU-005205_seg_00063,2020-08-20,test,19.3,407.7,1279.1,0.604,0.346,207.5,85.9,31.6,0.851,192.7,Road as Line,9.0,Timber,1,Held
CA-CZU-005205,CZU Lightning Complex,CA-CZU-005205_seg_00064,2020-08-20,test,17.8,489.1,402.4,0.876,0.125,194.6,51.7,52.9,0.603,-1174.9,Road as Line,9.0,Timber,1,Held
CA-CZU-005205,CZU Lightning Complex,CA-CZU-005205_seg_00065,2020-08-20,test,15.3,371.8,4574.3,0.033,0.043,200.8,174.4,63.7,0.444,4514.7,Dozer Line,6.5,Timber,1,Held
CA-CZU-005205,CZU Lightning Complex,CA-CZU-005205_seg_00066,2020-08-20,test,28.3,351.5,1599.7,0.192,0.141,221.4,52.8,78.5,0.199,1254.7,Dozer Line,6.5,Timber,1,Held
CA-CZU-005205,CZU Lightning Complex,CA-CZU-005205_seg_00067,2020-08-20,test,27.8,294.6,1860.8,0.407,0.231,211.7,175.6,53.9,0.589,1128.3,Completed Hand Line,2.0,Timber,1,Held
CA-CZU-005205,CZU Lightning Complex,CA-CZU-005205_seg_00068,2020-08-20,test,22.4,183.5,1449.6,0.589,0.272,184.1,43.1,51.0,0.629,390.1,Road as Line,9.0,Timber,1,Held
CA-CZU-005205,CZU Lightning Complex,CA-CZU-005205_seg_00069,2020-08-20,test,24.1,395.0,487.5,0.692,0.368,232.7,140.1,2.6,0.999,-758.4,Dozer Line,6.5,Timber,1,Held
CA-CZU-005205,CZU Lightning Complex,CA-CZU-005205_seg_00070,2020-08-20,test,24.0,299.4,359.5,0.79,0.233,197.2,7.7,80.5,0.165,-1062.4,Completed Hand Line,2.0,Timber,1,Held
CA-CZU-005205,CZU Lightning Complex,CA-CZU-005205_seg_00071,2020-08-20,test,44.8,148.2,1055.8,0.667,0.395,229.1,87.4,51.7,0.62,-144.7,Dozer Line,6.5,Timber,0,Burned Over
CA-CZU-005205,CZU Lightning Complex,CA-CZU-005205_seg_00072,2020-08-20,test,23.0,348.5,5000.0,0.018,0.024,193.9,109.6,5.7,0.995,4966.7,Road as Line,9.0,Timber,1,Held
CA-CZU-005205,CZU Lightning Complex,CA-CZU-005205_seg_00073,2020-08-20,test,14.6,330.2,1144.6,0.221,0.251,188.1,18.8,79.4,0.185,746.5,Completed Hand Line,2.0,Timber,1,Held
CA-CZU-005205,CZU Lightning Complex,CA-CZU-005205_seg_00074,2020-08-20,test,19.0,50.0,1406.1,0.405,0.421,229.1,31.3,72.2,0.306,677.3,Dozer Line,6.5,Timber,1,Held
CA-CZU-005205,CZU Lightning Complex,CA-CZU-005205_seg_00075,2020-08-20,test,12.4,600.7,3014.1,0.086,0.101,250.2,90.8,69.4,0.351,2859.3,Dozer Line,6.5,Timber,1,Held
CA-CZU-005205,CZU Lightning Complex,CA-CZU-005205_seg_00076,2020-08-20,test,37.2,478.6,990.4,0.655,0.198,234.9,67.9,76.9,0.226,-189.3,Dozer Line,6.5,Timber,1,Held
CA-CZU-005205,CZU Lightning Complex,CA-CZU-005205_seg_00077,2020-08-20,test,32.1,535.1,5000.0,0.026,0.021,196.9,141.5,34.6,0.823,4953.4,Dozer Line,6.5,Timber,1,Held
CA-CZU-005205,CZU Lightning Complex,CA-CZU-005205_seg_00078,2020-08-20,test,24.3,555.9,2745.7,0.385,0.423,207.7,153.0,35.4,0.815,2053.1,Road as Line,9.0,Timber,1,Held
CA-CZU-005205,CZU Lightning Complex,CA-CZU-005205_seg_00079,2020-08-20,test,16.8,661.4,406.4,0.85,0.171,179.1,96.1,7.0,0.993,-1123.5,Completed Hand Line,2.0,Timber,0,Burned Over
CA-CZU-005205,CZU Lightning Complex,CA-CZU-005205_seg_00080,2020-08-20,test,26.6,412.4,237.4,0.829,0.174,240.5,18.0,47.5,0.676,-1254.1,Dozer Line,6.5,Timber,0,Burned Over
CA-CZU-005205,CZU Lightning Complex,CA-CZU-005205_seg_00081,2020-08-20,test,36.9,294.6,926.7,0.722,0.165,204.3,159.1,44.9,0.709,-373.3,Road as Line,9.0,Timber,0,Burned Over
CA-CZU-005205,CZU Lightning Complex,CA-CZU-005205_seg_00082,2020-08-20,test,35.8,420.7,1384.1,0.728,0.206,187.1,166.0,68.9,0.36,73.8,Dozer Line,6.5,Timber,0,Burned Over
CA-CZU-005205,CZU Lightning Complex,CA-CZU-005205_seg_00083,2020-08-20,test,22.1,218.2,2858.4,0.307,0.274,185.0,51.7,43.3,0.727,2305.0,Completed Hand Line,2.0,Timber,1,Held
CA-CZU-005205,CZU Lightning Complex,CA-CZU-005205_seg_00084,2020-08-20,test,29.9,174.1,369.4,0.722,0.295,247.7,51.1,73.4,0.286,-929.7,Dozer Line,6.5,Timber,1,Held
CA-CZU-005205,CZU Lightning Complex,CA-CZU-005205_seg_00085,2020-08-20,test,8.4,89.2,412.4,0.747,0.181,251.8,45.4,63.5,0.446,-931.6,Dozer Line,6.5,Timber,1,Held
CA-CZU-005205,CZU Lightning Complex,CA-CZU-005205_seg_00086,2020-08-20,test,15.4,484.8,189.1,0.796,0.277,208.8,78.2,40.5,0.76,-1244.5,Road as Line,9.0,Timber,1,Held
CA-CZU-005205,CZU Lightning Complex,CA-CZU-005205_seg_00087,2020-08-20,test,13.7,569.7,865.3,0.645,0.21,193.6,59.8,43.8,0.722,-295.7,Road as Line,9.0,Timber,1,Held
CA-CZU-005205,CZU Lightning Complex,CA-CZU-005205_seg_00088,2020-08-20,test,16.3,450.4,2949.1,0.041,0.042,201.3,22.5,88.8,0.022,2875.1,Road as Line,9.0,Timber,1,Held
CA-CZU-005205,CZU Lightning Complex,CA-CZU-005205_seg_00089,2020-08-20,test,15.7,239.5,896.6,0.694,0.27,231.0,9.9,48.8,0.658,-352.8,Dozer Line,6.5,Timber,1,Held
CA-CZU-005205,CZU Lightning Complex,CA-CZU-005205_seg_00090,2020-08-20,test,39.8,285.0,1022.7,0.79,0.171,167.9,18.8,59.2,0.512,-399.2,Dozer Line,6.5,Timber,1,Held
CA-CZU-005205,CZU Lightning Complex,CA-CZU-005205_seg_00091,2020-08-20,test,29.4,386.3,1072.5,0.386,0.222,210.1,36.5,83.6,0.112,378.4,Dozer Line,6.5,Timber,1,Held
CA-CZU-005205,CZU Lightning Complex,CA-CZU-005205_seg_00092,2020-08-20,test,23.9,233.6,2836.9,0.201,0.186,217.0,101.3,25.7,0.901,2475.2,Dozer Line,6.5,Timber,1,Held
CA-CZU-005205,CZU Lightning Complex,CA-CZU-005205_seg_00093,2020-08-20,test,20.8,267.3,3275.3,0.063,0.081,199.7,88.3,21.4,0.931,3162.7,Dozer Line,6.5,Timber,1,Held
CA-CZU-005205,CZU Lightning Complex,CA-CZU-005205_seg_00094,2020-08-20,test,24.3,521.2,246.3,0.71,0.223,219.0,9.4,60.4,0.494,-1032.0,Dozer Line,6.5,Timber,1,Held
CA-CZU-005205,CZU Lightning Complex,CA-CZU-005205_seg_00095,2020-08-20,test,27.3,275.1,1153.2,0.691,0.298,211.4,141.0,19.6,0.942,-90.1,Dozer Line,6.5,Timber,0,Burned Over
CA-CZU-005205,CZU Lightning Complex,CA-CZU-005205_seg_00096,2020-08-20,test,17.8,464.0,3439.2,0.076,0.089,210.1,169.7,49.6,0.648,3302.9,Road as Line,9.0,Timber,1,Held
CA-CZU-005205,CZU Lightning Complex,CA-CZU-005205_seg_00097,2020-08-20,test,7.4,220.6,2528.3,0.144,0.199,203.2,130.9,17.7,0.953,2269.9,Completed Hand Line,2.0,Timber,1,Held
CA-CZU-005205,CZU Lightning Complex,CA-CZU-005205_seg_00098,2020-08-20,test,34.8,521.3,997.3,0.661,0.364,233.8,99.0,44.8,0.709,-192.2,Dozer Line,6.5,Timber,1,Held
CA-CZU-005205,CZU Lightning Complex,CA-CZU-005205_seg_00099,2020-08-20,test,43.6,716.3,1935.3,0.74,0.163,176.3,67.2,19.0,0.945,602.6,Dozer Line,6.5,Timber,0,Burned Over
CA-CZU-005205,CZU Lightning Complex,CA-CZU-005205_seg_00100,2020-08-20,test,36.4,128.3,2166.9,0.59,0.255,234.8,155.6,10.8,0.982,1105.6,Road as Line,9.0,Timber,0,Burned Over
CA-CZU-005205,CZU Lightning Complex,CA-CZU-005205_seg_00101,2020-08-20,test,27.4,307.3,5000.0,0.015,0.016,222.9,176.2,43.2,0.728,4973.3,Road as Line,9.0,Timber,1,Held
CA-CZU-005205,CZU Lightning Complex,CA-CZU-005205_seg_00102,2020-08-20,test,43.0,215.0,3101.7,0.329,0.219,226.3,121.3,15.0,0.966,2509.4,Road as Line,9.0,Timber,1,Held
CA-CZU-005205,CZU Lightning Complex,CA-CZU-005205_seg_00103,2020-08-20,test,39.9,788.1,1002.0,0.481,0.248,197.6,2.7,75.1,0.258,136.8,Completed Hand Line,2.0,Timber,0,Burned Over
CA-CZU-005205,CZU Lightning Complex,CA-CZU-005205_seg_00104,2020-08-20,test,15.0,356.9,2916.2,0.156,0.228,192.6,107.9,5.3,0.996,2636.2,Dozer Line,6.5,Timber,1,Held
CA-CZU-005205,CZU Lightning Complex,CA-CZU-005205_seg_00105,2020-08-20,test,31.3,310.9,4153.4,0.021,0.02,207.1,173.2,56.2,0.557,4115.1,Dozer Line,6.5,Timber,1,Held
CA-CZU-005205,CZU Lightning Complex,CA-CZU-005205_seg_00106,2020-08-20,test,20.3,479.3,3043.4,0.17,0.132,211.3,41.6,79.7,0.179,2737.1,Completed Hand Line,2.0,Timber,1,Held
CA-CZU-005205,CZU Lightning Complex,CA-CZU-005205_seg_00107,2020-08-20,test,17.5,308.5,1667.2,0.346,0.259,229.0,41.0,82.0,0.139,1045.2,Road as Line,9.0,Timber,1,Held
CA-CZU-005205,CZU Lightning Complex,CA-CZU-005205_seg_00108,2020-08-20,test,24.1,178.9,1624.6,0.6,0.305,199.0,50.8,58.2,0.527,545.1,Road as Line,9.0,Timber,1,Held
CA-CZU-005205,CZU Lightning Complex,CA-CZU-005205_seg_00109,2020-08-20,test,29.0,292.2,345.5,0.785,0.221,232.1,111.7,30.4,0.862,-1067.5,Road as Line,9.0,Timber,1,Held
CA-CZU-005205,CZU Lightning Complex,CA-CZU-005205_seg_00110,2020-08-20,test,24.7,532.9,1441.4,0.565,0.337,214.6,161.6,37.1,0.798,424.1,Road as Line,9.0,Timber,1,Held
CA-CZU-005205,CZU Lightning Complex,CA-CZU-005205_seg_00111,2020-08-20,test,23.4,196.1,722.2,0.642,0.299,209.4,44.6,74.8,0.262,-433.6,Dozer Line,6.5,Timber,0,Burned Over
CA-CZU-005205,CZU Lightning Complex,CA-CZU-005205_seg_00112,2020-08-20,test,27.3,142.6,2567.6,0.334,0.194,220.3,174.2,43.9,0.721,1966.4,Dozer Line,6.5,Timber,1,Held
CA-CZU-005205,CZU Lightning Complex,CA-CZU-005205_seg_00113,2020-08-20,test,20.1,259.2,1052.9,0.7,0.375,208.9,152.8,33.8,0.831,-207.8,Completed Hand Line,2.0,Timber,1,Held
CA-CZU-005205,CZU Lightning Complex,CA-CZU-005205_seg_00114,2020-08-20,test,37.7,524.4,3167.8,0.245,0.234,205.0,51.6,63.4,0.448,2727.4,Dozer Line,6.5,Timber,1,Held
CA-CZU-005205,CZU Lightning Complex,CA-CZU-005205_seg_00115,2020-08-20,test,20.9,349.0,1222.6,0.561,0.277,197.2,132.1,24.9,0.907,213.7,Dozer Line,6.5,Timber,0,Burned Over
CA-CZU-005205,CZU Lightning Complex,CA-CZU-005205_seg_00116,2020-08-20,test,32.8,364.8,917.7,0.773,0.162,242.3,3.7,31.4,0.853,-472.8,Road as Line,9.0,Timber,1,Held
CA-CZU-005205,CZU Lightning Complex,CA-CZU-005205_seg_00117,2020-08-20,test,28.3,506.2,269.3,0.867,0.122,205.7,114.7,0.9,1.0,-1291.0,Completed Hand Line,2.0,Timber,0,Burned Over
CA-CZU-005205,CZU Lightning Complex,CA-CZU-005205_seg_00118,2020-08-20,test,34.9,411.8,213.9,0.928,0.083,246.8,174.9,18.1,0.95,-1457.3,Road as Line,9.0,Timber,0,Burned Over
CA-CZU-005205,CZU Lightning Complex,CA-CZU-005205_seg_00119,2020-08-20,test,6.2,170.3,444.0,0.676,0.231,198.2,69.3,38.9,0.778,-773.6,Road as Line,9.0,Timber,0,Burned Over
CA-CZU-005205,CZU Lightning Complex,CA-CZU-005205_seg_00120,2020-08-20,test,30.6,466.5,3947.9,0.045,0.045,185.6,27.5,68.1,0.374,3866.8,Road as Line,9.0,Timber,1,Held
CA-CZU-005205,CZU Lightning Complex,CA-CZU-005205_seg_00121,2020-08-20,test,5.2,449.4,1262.4,0.346,0.255,186.8,43.5,53.3,0.598,640.1,Road as Line,9.0,Timber,1,Held
CA-CZU-005205,CZU Lightning Complex,CA-CZU-005205_seg_00122,2020-08-20,test,10.8,188.0,1150.9,0.411,0.281,228.8,35.1,76.4,0.236,410.6,Dozer Line,6.5,Timber,1,Held
CA-CZU-005205,CZU Lightning Complex,CA-CZU-005205_seg_00123,2020-08-20,test,22.0,284.2,689.9,0.579,0.233,251.4,91.2,70.2,0.339,-351.5,Dozer Line,6.5,Timber,1,Held
CA-CZU-005205,CZU Lightning Complex,CA-CZU-005205_seg_00124,2020-08-20,test,25.2,525.1,282.7,0.698,0.204,189.1,165.2,66.1,0.404,-972.9,Completed Hand Line,2.0,Timber,0,Burned Over
CA-CZU-005205,CZU Lightning Complex,CA-CZU-005205_seg_00125,2020-08-20,test,1.0,598.3,687.6,0.519,0.44,203.0,172.4,59.4,0.509,-245.9,Dozer Line,6.5,Timber,1,Held
CA-CZU-005205,CZU Lightning Complex,CA-CZU-005205_seg_00126,2020-08-20,test,20.2,388.1,1379.8,0.504,0.296,217.3,119.7,7.6,0.991,472.8,Dozer Line,6.5,Timber,0,Burned Over
CA-CZU-005205,CZU Lightning Complex,CA-CZU-005205_seg_00127,2020-08-20,test,16.4,466.8,334.5,0.672,0.35,221.7,113.5,18.2,0.95,-874.6,Dozer Line,6.5,Timber,1,Held
CA-CZU-005205,CZU Lightning Complex,CA-CZU-005205_seg_00128,2020-08-20,test,15.7,241.8,2219.0,0.125,0.183,193.9,159.8,55.9,0.56,1994.7,Dozer Line,6.5,Timber,1,Held
CA-CZU-005205,CZU Lightning Complex,CA-CZU-005205_seg_00129,2020-08-20,test,30.3,467.7,1416.1,0.437,0.244,234.8,92.3,52.5,0.609,630.0,Road as Line,9.0,Timber,1,Held
CA-CZU-005205,CZU Lightning Complex,CA-CZU-005205_seg_00130,2020-08-20,test,11.6,581.6,1243.8,0.49,0.358,222.2,69.0,63.2,0.45,361.3,Completed Hand Line,2.0,Timber,1,Held
CA-CZU-005205,CZU Lightning Complex,CA-CZU-005205_seg_00131,2020-08-20,test,18.7,526.7,2042.6,0.321,0.373,211.9,121.6,0.3,1.0,1465.6,Road as Line,9.0,Timber,1,Held
CA-CZU-005205,CZU Lightning Complex,CA-CZU-005205_seg_00132,2020-08-20,test,33.6,636.3,511.6,0.599,0.224,216.7,29.4,82.8,0.126,-566.5,Road as Line,9.0,Timber,1,Held
CA-CZU-005205,CZU Lightning Complex,CA-CZU-005205_seg_00133,2020-08-20,test,28.2,402.2,577.6,0.739,0.305,201.1,155.0,43.9,0.72,-752.2,Dozer Line,6.5,Timber,0,Burned Over
CA-CZU-005205,CZU Lightning Complex,CA-CZU-005205_seg_00134,2020-08-20,test,50.2,333.4,4449.4,0.07,0.093,211.6,103.4,18.1,0.95,4323.3,Road as Line,9.0,Timber,1,Held
CA-CZU-005205,CZU Lightning Complex,CA-CZU-005205_seg_00135,2020-08-20,test,13.5,90.3,1897.6,0.291,0.339,182.1,149.2,57.1,0.543,1373.9,Road as Line,9.0,Timber,1,Held
CA-CZU-005205,CZU Lightning Complex,CA-CZU-005205_seg_00136,2020-08-20,test,28.6,272.3,222.7,0.782,0.163,190.4,116.5,16.0,0.961,-1184.3,Dozer Line,6.5,Timber,0,Burned Over
CA-CZU-005205,CZU Lightning Complex,CA-CZU-005205_seg_00137,2020-08-20,test,22.3,436.1,873.8,0.658,0.31,232.8,95.6,47.1,0.68,-310.3,Dozer Line,6.5,Timber,1,Held
CA-CZU-005205,CZU Lightning Complex,CA-CZU-005205_seg_00138,2020-08-20,test,33.4,101.1,2118.0,0.352,0.364,205.8,111.5,4.4,0.997,1484.8,Completed Hand Line,2.0,Timber,0,Burned Over
CA-CZU-005205,CZU Lightning Complex,CA-CZU-005205_seg_00139,2020-08-20,test,31.9,365.8,251.6,0.865,0.137,229.9,0.3,40.4,0.762,-1305.2,Road as Line,9.0,Timber,0,Burned Over
CA-CZU-005205,CZU Lightning Complex,CA-CZU-005205_seg_00140,2020-08-20,test,31.0,204.5,3309.3,0.2,0.159,195.6,138.6,33.0,0.839,2950.2,Dozer Line,6.5,Timber,1,Held
CA-CZU-005205,CZU Lightning Complex,CA-CZU-005205_seg_00141,2020-08-20,test,40.1,305.2,831.3,0.791,0.257,208.1,60.8,57.4,0.539,-591.8,Road as Line,9.0,Timber,1,Held
CA-CZU-005205,CZU Lightning Complex,CA-CZU-005205_seg_00142,2020-08-20,test,3.4,441.5,1605.4,0.291,0.296,233.1,76.7,66.4,0.401,1081.6,Completed Hand Line,2.0,Timber,1,Held
CA-CZU-005205,CZU Lightning Complex,CA-CZU-005205_seg_00143,2020-08-20,test,21.3,500.3,2881.8,0.314,0.175,217.2,153.0,25.8,0.901,2316.6,Dozer Line,6.5,Timber,1,Held
CA-CZU-005205,CZU Lightning Complex,CA-CZU-005205_seg_00144,2020-08-20,test,24.0,378.4,1051.4,0.58,0.231,185.0,88.3,6.7,0.993,7.6,Dozer Line,6.5,Timber,0,Burned Over
CA-CZU-005205,CZU Lightning Complex,CA-CZU-005205_seg_00145,2020-08-20,test,30.5,286.2,291.9,0.758,0.169,221.6,10.1,58.5,0.523,-1071.9,Road as Line,9.0,Timber,1,Held
CA-CZU-005205,CZU Lightning Complex,CA-CZU-005205_seg_00146,2020-08-20,test,26.3,258.3,301.2,0.776,0.25,172.9,10.5,72.4,0.303,-1095.4,Road as Line,9.0,Timber,1,Held
CA-CZU-005205,CZU Lightning Complex,CA-CZU-005205_seg_00147,2020-08-20,test,36.8,435.0,788.1,0.869,0.135,255.2,176.2,11.0,0.982,-776.1,Dozer Line,6.5,Timber,0,Burned Over
CA-CZU-005205,CZU Lightning Complex,CA-CZU-005205_seg_00148,2020-08-20,test,6.4,510.5,2533.8,0.059,0.081,206.2,26.9,89.2,0.013,2428.1,Road as Line,9.0,Timber,1,Held
CA-CZU-005205,CZU Lightning Complex,CA-CZU-005205_seg_00149,2020-08-20,test,27.8,207.8,993.2,0.779,0.198,209.5,91.5,28.0,0.883,-408.9,Dozer Line,6.5,Timber,0,Burned Over
CA-CZU-005205,CZU Lightning Complex,CA-CZU-005205_seg_00150,2020-08-20,test,1.0,198.4,501.0,0.649,0.236,162.7,80.5,7.7,0.991,-667.1,Completed Hand Line,2.0,Timber,0,Burned Over
CA-CZU-005205,CZU Lightning Complex,CA-CZU-005205_seg_00151,2020-08-20,test,31.9,100.8,2170.8,0.29,0.189,194.2,46.3,57.9,0.532,1648.5,Completed Hand Line,2.0,Timber,0,Burned Over
CA-CZU-005205,CZU Lightning Complex,CA-CZU-005205_seg_00152,2020-08-20,test,34.7,412.5,1437.1,0.55,0.308,226.3,27.2,70.9,0.327,447.6,Road as Line,9.0,Timber,1,Held
CA-CZU-005205,CZU Lightning Complex,CA-CZU-005205_seg_00153,2020-08-20,test,19.2,83.0,567.4,0.476,0.351,218.5,32.9,84.4,0.098,-289.8,Completed Hand Line,2.0,Timber,1,Held
CA-CZU-005205,CZU Lightning Complex,CA-CZU-005205_seg_00154,2020-08-20,test,15.6,283.0,623.5,0.684,0.209,182.9,75.6,17.3,0.955,-608.1,Completed Hand Line,2.0,Timber,1,Held
CA-CZU-005205,CZU Lightning Complex,CA-CZU-005205_seg_00155,2020-08-20,test,18.3,499.3,5000.0,0.006,0.01,222.2,42.4,89.7,0.005,4989.3,Completed Hand Line,2.0,Timber,1,Held
CA-CZU-005205,CZU Lightning Complex,CA-CZU-005205_seg_00156,2020-08-20,test,8.4,348.5,1191.6,0.359,0.285,225.9,68.6,67.3,0.386,546.1,Dozer Line,6.5,Timber,1,Held
CA-CZU-005205,CZU Lightning Complex,CA-CZU-005205_seg_00157,2020-08-20,test,22.0,339.9,2114.2,0.251,0.293,218.3,62.5,65.9,0.409,1663.3,Road as Line,9.0,Timber,1,Held
CA-CZU-005205,CZU Lightning Complex,CA-CZU-005205_seg_00158,2020-08-20,test,22.3,323.1,1330.1,0.72,0.194,259.4,155.8,13.7,0.972,33.8,Completed Hand Line,2.0,Timber,0,Burned Over
CA-CZU-005205,CZU Lightning Complex,CA-CZU-005205_seg_00159,2020-08-20,test,10.5,187.6,1510.4,0.301,0.278,186.2,76.7,19.5,0.942,967.9,Completed Hand Line,2.0,Timber,1,Held
CA-CZU-005205,CZU Lightning Complex,CA-CZU-005205_seg_00160,2020-08-20,test,34.3,640.6,1688.4,0.542,0.314,228.7,76.8,62.0,0.47,711.9,Dozer Line,6.5,Timber,1,Held
CA-CZU-005205,CZU Lightning Complex,CA-CZU-005205_seg_00161,2020-08-20,test,24.3,673.3,1127.3,0.548,0.382,242.3,84.4,67.9,0.376,141.5,Dozer Line,6.5,Timber,0,Burned Over
CA-CZU-005205,CZU Lightning Complex,CA-CZU-005205_seg_00162,2020-08-20,test,25.0,575.0,1642.5,0.472,0.374,183.7,86.3,7.3,0.992,792.6,Dozer Line,6.5,Timber,1,Held
CA-CZU-005205,CZU Lightning Complex,CA-CZU-005205_seg_00163,2020-08-20,test,25.5,434.5,2002.3,0.265,0.223,215.8,11.6,65.8,0.41,1526.1,Road as Line,9.0,Timber,1,Held
CA-CZU-005205,CZU Lightning Complex,CA-CZU-005205_seg_00164,2020-08-20,test,11.3,305.0,907.9,0.828,0.2,205.6,114.1,1.5,1.0,-583.1,Road as Line,9.0,Timber,0,Burned Over
CA-CZU-005205,CZU Lightning Complex,CA-CZU-005205_seg_00165,2020-08-20,test,21.4,460.6,1246.8,0.505,0.415,212.8,65.3,57.4,0.538,338.4,Completed Hand Line,2.0,Timber,1,Held
CA-CZU-005205,CZU Lightning Complex,CA-CZU-005205_seg_00166,2020-08-20,test,20.3,326.2,3171.1,0.088,0.068,176.3,26.1,60.3,0.496,3013.1,Dozer Line,6.5,Timber,1,Held
CA-CZU-005205,CZU Lightning Complex,CA-CZU-005205_seg_00167,2020-08-20,test,26.9,303.9,1782.9,0.453,0.37,209.2,111.1,8.1,0.99,967.8,Dozer Line,6.5,Timber,1,Held
CA-CZU-005205,CZU Lightning Complex,CA-CZU-005205_seg_00168,2020-08-20,test,23.9,367.3,1402.8,0.418,0.262,199.2,21.7,87.5,0.044,649.8,Dozer Line,6.5,Timber,1,Held
CA-CZU-005205,CZU Lightning Complex,CA-CZU-005205_seg_00169,2020-08-20,test,32.4,536.2,690.2,0.878,0.103,172.9,137.3,54.4,0.583,-889.8,Completed Hand Line,2.0,Timber,0,Burned Over
CA-CZU-005205,CZU Lightning Complex,CA-CZU-005205_seg_00170,2020-08-20,test,10.3,389.8,895.8,0.314,0.205,239.4,43.6,74.2,0.272,329.7,Completed Hand Line,2.0,Timber,1,Held
CA-CZU-005205,CZU Lightning Complex,CA-CZU-005205_seg_00171,2020-08-20,test,29.6,379.5,1159.8,0.633,0.32,216.8,133.0,6.2,0.994,20.0,Dozer Line,6.5,Timber,0,Burned Over
CA-CZU-005205,CZU Lightning Complex,CA-CZU-005205_seg_00172,2020-08-20,test,24.3,472.7,173.0,0.801,0.237,196.4,40.1,66.3,0.401,-1269.1,Completed Hand Line,2.0,Timber,0,Burned Over
CA-CZU-005205,CZU Lightning Complex,CA-CZU-005205_seg_00173,2020-08-20,test,13.2,571.4,2824.3,0.127,0.149,248.2,30.7,52.6,0.608,2595.9,Road as Line,9.0,Timber,1,Held
CA-CZU-005205,CZU Lightning Complex,CA-CZU-005205_seg_00174,2020-08-20,test,21.8,149.5,2573.5,0.24,0.224,210.0,103.8,16.2,0.96,2141.5,Completed Hand Line,2.0,Timber,1,Held
CA-CZU-005205,CZU Lightning Complex,CA-CZU-005205_seg_00175,2020-08-20,test,23.5,224.0,173.6,0.739,0.18,227.3,39.2,81.9,0.142,-1156.7,Road as Line,9.0,Timber,1,Held
CA-CZU-005205,CZU Lightning Complex,CA-CZU-005205_seg_00176,2020-08-20,test,18.3,570.9,5000.0,0.01,0.009,207.2,175.0,57.8,0.533,4981.5,Dozer Line,6.5,Timber,1,Held
CA-CZU-005205,CZU Lightning Complex,CA-CZU-005205_seg_00177,2020-08-20,test,1.0,372.8,579.3,0.594,0.262,245.8,38.7,62.9,0.455,-489.9,Completed Hand Line,2.0,Timber,1,Held
CA-CZU-005205,CZU Lightning Complex,CA-CZU-005205_seg_00178,2020-08-20,test,34.6,222.3,1501.1,0.737,0.201,215.5,91.7,33.9,0.83,175.1,Dozer Line,6.5,Timber,0,Burned Over
CA-CZU-005205,CZU Lightning Complex,CA-CZU-005205_seg_00179,2020-08-20,test,24.1,415.1,4402.4,0.05,0.063,198.2,145.6,37.4,0.795,4313.0,Road as Line,9.0,Timber,1,Held
CA-CZU-005205,CZU Lightning Complex,CA-CZU-005205_seg_00180,2020-08-20,test,29.1,415.9,452.8,0.756,0.295,195.1,140.9,35.8,0.811,-908.1,Dozer Line,6.5,Timber,0,Burned Over
CA-CZU-005205,CZU Lightning Complex,CA-CZU-005205_seg_00181,2020-08-20,test,37.6,448.0,741.0,0.806,0.15,216.2,142.6,16.3,0.96,-710.6,Dozer Line,6.5,Timber,0,Burned Over
CA-CZU-005205,CZU Lightning Complex,CA-CZU-005205_seg_00182,2020-08-20,test,34.3,479.9,426.1,0.896,0.098,206.1,157.8,41.7,0.746,-1187.2,Dozer Line,6.5,Timber,0,Burned Over
CA-CZU-005205,CZU Lightning Complex,CA-CZU-005205_seg_00183,2020-08-20,test,14.9,326.8,220.3,0.73,0.343,236.8,37.7,70.9,0.327,-1094.3,Dozer Line,6.5,Timber,1,Held
CA-CZU-005205,CZU Lightning Complex,CA-CZU-005205_seg_00184,2020-08-20,test,17.6,407.7,648.4,0.739,0.318,229.2,107.8,31.4,0.854,-681.5,Dozer Line,6.5,Timber,0,Burned Over
CA-CZU-005205,CZU Lightning Complex,CA-CZU-005205_seg_00185,2020-08-20,test,26.4,451.0,5000.0,0.029,0.028,197.7,104.8,2.9,0.999,4947.6,Road as Line,9.0,Timber,1,Held
CA-CZU-005205,CZU Lightning Complex,CA-CZU-005205_seg_00186,2020-08-20,test,26.1,417.8,403.8,0.755,0.21,229.4,75.9,63.5,0.446,-955.3,Completed Hand Line,2.0,Timber,0,Burned Over
CA-CZU-005205,CZU Lightning Complex,CA-CZU-005205_seg_00187,2020-08-20,test,26.4,365.0,1290.8,0.667,0.215,222.4,104.6,27.8,0.884,90.8,Road as Line,9.0,Timber,1,Held
CA-CZU-005205,CZU Lightning Complex,CA-CZU-005205_seg_00188,2020-08-20,test,10.5,473.2,2794.2,0.068,0.075,211.5,169.8,48.3,0.665,2671.8,Dozer Line,6.5,Timber,1,Held
CA-CZU-005205,CZU Lightning Complex,CA-CZU-005205_seg_00189,2020-08-20,test,24.1,444.1,380.0,0.773,0.145,240.2,107.3,42.9,0.732,-1012.0,Completed Hand Line,2.0,Timber,0,Burned Over
CA-CZU-005205,CZU Lightning Complex,CA-CZU-005205_seg_00190,2020-08-20,test,1.1,147.8,554.6,0.566,0.394,213.2,119.2,4.0,0.998,-463.6,Road as Line,9.0,Timber,1,Held
CA-CZU-005205,CZU Lightning Complex,CA-CZU-005205_seg_00191,2020-08-20,test,41.6,507.7,968.3,0.826,0.239,189.2,128.5,29.3,0.872,-518.7,Completed Hand Line,2.0,Timber,0,Burned Over
CA-CZU-005205,CZU Lightning Complex,CA-CZU-005205_seg_00192,2020-08-20,test,20.1,367.9,217.7,0.846,0.143,202.0,166.0,54.0,0.587,-1304.3,Dozer Line,6.5,Timber,0,Burned Over
CA-CZU-005205,CZU Lightning Complex,CA-CZU-005205_seg_00193,2020-08-20,test,19.1,233.4,715.5,0.568,0.225,206.7,172.5,55.8,0.561,-306.8,Dozer Line,6.5,Timber,1,Held
CA-CZU-005205,CZU Lightning Complex,CA-CZU-005205_seg_00194,2020-08-20,test,6.0,481.2,895.3,0.496,0.373,184.2,85.1,9.2,0.987,3.0,Dozer Line,6.5,Timber,1,Held
CA-CZU-005205,CZU Lightning Complex,CA-CZU-005205_seg_00195,2020-08-20,test,36.0,246.4,158.9,0.821,0.133,238.5,55.7,87.2,0.05,-1319.1,Dozer Line,6.5,Timber,1,Held
CA-CZU-005205,CZU Lightning Complex,CA-CZU-005205_seg_00196,2020-08-20,test,15.4,380.9,2586.0,0.202,0.216,192.6,126.6,24.0,0.914,2223.3,Dozer Line,6.5,Timber,1,Held
CA-CZU-005205,CZU Lightning Complex,CA-CZU-005205_seg_00197,2020-08-20,test,22.0,391.7,2484.2,0.146,0.208,223.7,39.4,85.7,0.075,2221.6,Dozer Line,6.5,Timber,1,Held
CA-CZU-005205,CZU Lightning Complex,CA-CZU-005205_seg_00198,2020-08-20,test,23.4,362.1,272.3,0.787,0.273,262.0,61.9,69.9,0.343,-1144.3,Road as Line,9.0,Timber,1,Held
CA-CZU-005205,CZU Lightning Complex,CA-CZU-005205_seg_00199,2020-08-20,test,30.4,335.2,373.4,0.916,0.067,219.9,156.1,26.3,0.897,-1275.5,Road as Line,9.0,Timber,0,Burned Over
CA-CZU-005205,CZU Lightning Complex,CA-CZU-005205_seg_00200,2020-08-20,test,12.3,500.3,2404.8,0.163,0.12,218.6,100.8,27.8,0.885,2110.8,Completed Hand Line,2.0,Timber,1,Held
CA-CZU-005205,CZU Lightning Complex,CA-CZU-005205_seg_00201,2020-08-20,test,31.7,570.0,193.8,0.884,0.132,199.2,146.9,37.7,0.791,-1397.9,Dozer Line,6.5,Timber,0,Burned Over
CA-CZU-005205,CZU Lightning Complex,CA-CZU-005205_seg_00202,2020-08-20,test,11.7,319.5,832.8,0.575,0.363,217.4,99.3,28.2,0.881,-201.7,Completed Hand Line,2.0,Timber,0,Burned Over
CA-CZU-005205,CZU Lightning Complex,CA-CZU-005205_seg_00203,2020-08-20,test,27.7,335.7,399.2,0.825,0.121,246.5,72.4,84.1,0.103,-1085.8,Completed Hand Line,2.0,Timber,1,Held
CA-CZU-005205,CZU Lightning Complex,CA-CZU-005205_seg_00204,2020-08-20,test,29.1,456.6,691.5,0.859,0.137,238.8,158.1,9.3,0.987,-855.5,Dozer Line,6.5,Timber,0,Burned Over
CA-CZU-005205,CZU Lightning Complex,CA-CZU-005205_seg_00205,2020-08-20,test,28.1,305.2,3415.9,0.078,0.068,229.1,155.7,16.6,0.958,3275.5,Completed Hand Line,2.0,Timber,1,Held
CA-CZU-005205,CZU Lightning Complex,CA-CZU-005205_seg_00206,2020-08-20,test,16.4,449.8,802.9,0.758,0.156,202.3,113.7,1.4,1.0,-562.0,Completed Hand Line,2.0,Timber,0,Burned Over
CA-CZU-005205,CZU Lightning Complex,CA-CZU-005205_seg_00207,2020-08-20,test,21.4,507.7,450.1,0.657,0.294,224.1,50.0,84.1,0.103,-731.7,Road as Line,9.0,Timber,1,Held
CA-CZU-005205,CZU Lightning Complex,CA-CZU-005205_seg_00208,2020-08-20,test,27.3,442.0,686.6,0.718,0.267,224.4,67.9,66.5,0.399,-606.2,Road as Line,9.0,Timber,1,Held
CA-CZU-005205,CZU Lightning Complex,CA-CZU-005205_seg_00209,2020-08-20,test,20.2,618.4,504.3,0.563,0.41,171.0,40.5,40.5,0.76,-508.5,Dozer Line,6.5,Timber,0,Burned Over
CA-CZU-005205,CZU Lightning Complex,CA-CZU-005205_seg_00210,2020-08-20,test,21.0,512.2,1385.5,0.63,0.364,232.0,133.7,8.3,0.989,250.8,Completed Hand Line,2.0,Timber,1,Held
CA-CZU-005205,CZU Lightning Complex,CA-CZU-005205_seg_00211,2020-08-20,test,24.1,515.8,1249.7,0.582,0.293,184.0,62.7,31.3,0.854,202.3,Dozer Line,6.5,Timber,0,Burned Over
CA-CZU-005205,CZU Lightning Complex,CA-CZU-005205_seg_00212,2020-08-20,test,21.4,383.5,303.4,0.817,0.144,236.1,174.4,28.3,0.881,-1166.9,Completed Hand Line,2.0,Timber,0,Burned Over
CA-CZU-005205,CZU Lightning Complex,CA-CZU-005205_seg_00213,2020-08-20,test,16.3,416.7,746.0,0.584,0.349,216.0,16.9,70.9,0.327,-305.1,Road as Line,9.0,Timber,0,Burned Over
CA-CZU-005205,CZU Lightning Complex,CA-CZU-005205_seg_00214,2020-08-20,test,9.1,358.1,1076.4,0.303,0.344,208.8,62.2,56.6,0.551,531.8,Road as Line,9.0,Timber,1,Held
CA-CZU-005205,CZU Lightning Complex,CA-CZU-005205_seg_00215,2020-08-20,test,24.7,387.3,3645.9,0.09,0.068,218.1,152.2,24.0,0.913,3484.0,Dozer Line,6.5,Timber,1,Held
CA-CZU-005205,CZU Lightning Complex,CA-CZU-005205_seg_00216,2020-08-20,test,33.5,350.9,499.3,0.61,0.359,217.0,53.2,73.9,0.278,-599.6,Road as Line,9.0,Timber,1,Held
CA-CZU-005205,CZU Lightning Complex,CA-CZU-005205_seg_00217,2020-08-20,test,14.7,683.2,229.9,0.827,0.166,202.4,60.7,51.7,0.62,-1257.9,Completed Hand Line,2.0,Timber,0,Burned Over
CA-CZU-005205,CZU Lightning Complex,CA-CZU-005205_seg_00218,2020-08-20,test,8.6,172.8,1672.9,0.293,0.367,196.7,176.4,69.7,0.347,1145.8,Dozer Line,6.5,Timber,1,Held
CA-CZU-005205,CZU Lightning Complex,CA-CZU-005205_seg_00219,2020-08-20,test,25.7,307.3,788.9,0.759,0.258,251.4,45.8,64.3,0.433,-577.6,Road as Line,9.0,Timber,1,Held
CA-CZU-005205,CZU Lightning Complex,CA-CZU-005205_seg_00220,2020-08-20,test,28.2,539.3,825.8,0.656,0.369,208.3,47.5,70.8,0.329,-354.6,Dozer Line,6.5,Timber,1,Held
CA-CZU-005205,CZU Lightning Complex,CA-CZU-005205_seg_00221,2020-08-20,test,27.8,517.8,691.2,0.817,0.15,187.6,30.1,67.5,0.383,-779.0,Road as Line,9.0,Timber,1,Held
CA-CZU-005205,CZU Lightning Complex,CA-CZU-005205_seg_00222,2020-08-20,test,26.0,294.4,184.3,0.74,0.167,195.0,33.6,71.4,0.319,-1147.6,Dozer Line,6.5,Timber,1,Held
CA-CZU-005205,CZU Lightning Complex,CA-CZU-005205_seg_00223,2020-08-20,test,51.6,386.5,668.8,0.906,0.115,185.8,110.5,14.7,0.967,-962.1,Dozer Line,6.5,Timber,0,Burned Over
CA-CZU-005205,CZU Lightning Complex,CA-CZU-005205_seg_00224,2020-08-20,test,10.5,513.1,2959.7,0.095,0.134,254.0,111.3,52.7,0.606,2789.0,Completed Hand Line,2.0,Timber,1,Held
CA-CZU-005205,CZU Lightning Complex,CA-CZU-005205_seg_00225,2020-08-20,test,1.8,159.1,288.6,0.442,0.43,223.3,78.1,55.2,0.571,-506.4,Dozer Line,6.5,Timber,1,Held
CA-CZU-005205,CZU Lightning Complex,CA-CZU-005205_seg_00226,2020-08-20,test,20.0,529.6,1121.6,0.534,0.423,202.5,46.7,65.7,0.411,159.9,Road as Line,9.0,Timber,1,Held
CA-CZU-005205,CZU Lightning Complex,CA-CZU-005205_seg_00227,2020-08-20,test,10.9,294.3,3580.0,0.11,0.173,210.8,179.8,59.0,0.515,3381.8,Road as Line,9.0,Timber,1,Held
CA-CZU-005205,CZU Lightning Complex,CA-CZU-005205_seg_00228,2020-08-20,test,25.3,563.6,1017.4,0.726,0.228,218.1,159.1,31.0,0.857,-288.5,Dozer Line,6.5,Timber,0,Burned Over
CA-CZU-005205,CZU Lightning Complex,CA-CZU-005205_seg_00229,2020-08-20,test,20.5,107.7,637.0,0.596,0.416,222.8,58.0,74.8,0.263,-435.1,Completed Hand Line,2.0,Timber,1,Held
CA-CZU-005205,CZU Lightning Complex,CA-CZU-005205_seg_00230,2020-08-20,test,19.7,414.9,306.4,0.735,0.259,228.8,137.3,1.6,1.0,-1015.9,Completed Hand Line,2.0,Timber,0,Burned Over
CA-CZU-005205,CZU Lightning Complex,CA-CZU-005205_seg_00231,2020-08-20,test,8.0,467.6,2428.2,0.165,0.17,208.2,158.7,40.6,0.76,2131.5,Dozer Line,6.5,Timber,1,Held
CA-CZU-005205,CZU Lightning Complex,CA-CZU-005205_seg_00232,2020-08-20,test,27.3,387.2,1049.1,0.659,0.323,242.5,101.2,51.3,0.625,-136.5,Road as Line,9.0,Timber,1,Held
CA-CZU-005205,CZU Lightning Complex,CA-CZU-005205_seg_00233,2020-08-20,test,20.6,360.7,307.5,0.814,0.196,213.2,155.7,32.5,0.843,-1157.0,Dozer Line,6.5,Timber,0,Burned Over
CA-CZU-005205,CZU Lightning Complex,CA-CZU-005205_seg_00234,2020-08-20,test,22.9,495.6,589.3,0.756,0.305,224.8,164.0,29.2,0.873,-771.0,Road as Line,9.0,Timber,1,Held
CA-CZU-005205,CZU Lightning Complex,CA-CZU-005205_seg_00235,2020-08-20,test,35.1,319.0,913.7,0.754,0.17,193.8,143.7,39.9,0.767,-443.1,Road as Line,9.0,Timber,0,Burned Over
CA-CZU-005205,CZU Lightning Complex,CA-CZU-005205_seg_00236,2020-08-20,test,32.4,265.9,1247.9,0.742,0.226,198.4,109.5,1.1,1.0,-87.0,Road as Line,9.0,Timber,1,Held
CA-CZU-005205,CZU Lightning Complex,CA-CZU-005205_seg_00237,2020-08-20,test,49.2,450.9,955.7,0.891,0.14,239.0,170.6,21.6,0.93,-647.3,Dozer Line,6.5,Timber,0,Burned Over
CA-CZU-005205,CZU Lightning Complex,CA-CZU-005205_seg_00238,2020-08-20,test,33.2,179.6,4607.8,0.04,0.058,224.0,123.0,11.0,0.982,4535.1,Dozer Line,6.5,Timber,1,Held
CA-CZU-005205,CZU Lightning Complex,CA-CZU-005205_seg_00239,2020-08-20,test,21.7,106.2,1183.3,0.445,0.369,190.3,27.1,73.3,0.288,382.9,Dozer Line,6.5,Timber,1,Held
CA-CZU-005205,CZU Lightning Complex,CA-CZU-005205_seg_00240,2020-08-20,test,16.5,612.7,1199.6,0.605,0.354,207.6,112.9,4.7,0.997,111.0,Dozer Line,6.5,Timber,1,Held
CA-CZU-005205,CZU Lightning Complex,CA-CZU-005205_seg_00241,2020-08-20,test,29.8,168.9,494.2,0.685,0.189,223.5,38.7,85.2,0.083,-739.0,Completed Hand Line,2.0,Timber,1,Held
CA-CZU-005205,CZU Lightning Complex,CA-CZU-005205_seg_00242,2020-08-20,test,36.4,262.8,2110.4,0.472,0.23,210.0,128.8,8.9,0.988,1261.0,Dozer Line,6.5,Timber,0,Burned Over
CA-CZU-005205,CZU Lightning Complex,CA-CZU-005205_seg_00243,2020-08-20,test,21.2,456.3,503.8,0.776,0.269,169.6,80.1,0.6,1.0,-893.5,Road as Line,9.0,Timber,1,Held
CA-CZU-005205,CZU Lightning Complex,CA-CZU-005205_seg_00244,2020-08-20,test,18.8,696.2,798.6,0.826,0.257,195.3,142.8,37.5,0.793,-688.3,Dozer Line,6.5,Timber,1,Held
CA-CZU-005205,CZU Lightning Complex,CA-CZU-005205_seg_00245,2020-08-20,test,21.2,196.6,465.8,0.747,0.254,207.5,72.8,44.6,0.711,-878.8,Road as Line,9.0,Timber,1,Held
CA-CZU-005205,CZU Lightning Complex,CA-CZU-005205_seg_00246,2020-08-20,test,23.1,339.3,1472.8,0.564,0.416,177.8,53.7,34.1,0.828,458.3,Dozer Line,6.5,Timber,1,Held
CA-CZU-005205,CZU Lightning Complex,CA-CZU-005205_seg_00247,2020-08-20,test,23.4,337.2,3608.9,0.074,0.097,229.0,122.0,17.0,0.956,3476.5,Completed Hand Line,2.0,Timber,1,Held
CA-CZU-005205,CZU Lightning Complex,CA-CZU-005205_seg_00248,2020-08-20,test,18.2,620.3,1048.0,0.403,0.242,213.5,33.2,89.7,0.005,323.3,Road as Line,9.0,Timber,1,Held
CA-CZU-005205,CZU Lightning Complex,CA-CZU-005205_seg_00249,2020-08-20,test,22.0,285.9,2308.5,0.39,0.354,232.7,145.5,2.8,0.999,1606.3,Road as Line,9.0,Timber,1,Held
CA-CZU-005205,CZU Lightning Complex,CA-CZU-005205_seg_00250,2020-08-20,test,10.7,395.4,1787.1,0.19,0.223,228.2,36.3,78.1,0.207,1445.8,Dozer Line,6.5,Timber,1,Held
CA-CZU-005205,CZU Lightning Complex,CA-CZU-005205_seg_00251,2020-08-20,test,16.0,371.8,251.2,0.7,0.29,205.3,20.2,84.8,0.091,-1008.9,Road as Line,9.0,Timber,1,Held
CA-CZU-005205,CZU Lightning Complex,CA-CZU-005205_seg_00252,2020-08-20,test,34.0,167.1,469.7,0.61,0.402,206.0,36.6,79.4,0.184,-627.5,Dozer Line,6.5,Timber,1,Held
CA-CZU-005205,CZU Lightning Complex,CA-CZU-005205_seg_00253,2020-08-20,test,19.4,212.9,2890.2,0.109,0.145,203.1,65.5,47.6,0.674,2693.5,Road as Line,9.0,Timber,1,Held
CA-CZU-005205,CZU Lightning Complex,CA-CZU-005205_seg_00254,2020-08-20,test,35.0,429.9,1415.5,0.703,0.358,210.6,73.5,47.2,0.68,150.0,Road as Line,9.0,Timber,1,Held
CA-CZU-005205,CZU Lightning Complex,CA-CZU-005205_seg_00255,2020-08-20,test,33.6,472.1,167.4,0.946,0.076,233.7,107.6,36.1,0.808,-1535.1,Road as Line,9.0,Timber,1,Held
CA-CZU-005205,CZU Lightning Complex,CA-CZU-005205_seg_00256,2020-08-20,test,26.5,563.0,1074.1,0.705,0.217,221.0,75.1,55.9,0.561,-194.0,Road as Line,9.0,Timber,1,Held
CA-CZU-005205,CZU Lightning Complex,CA-CZU-005205_seg_00257,2020-08-20,test,36.5,285.5,1846.8,0.427,0.234,233.8,40.2,76.4,0.236,1077.8,Completed Hand Line,2.0,Timber,1,Held
CA-CZU-005205,CZU Lightning Complex,CA-CZU-005205_seg_00258,2020-08-20,test,22.7,440.5,663.9,0.726,0.313,197.5,76.6,30.9,0.858,-643.6,Road as Line,9.0,Timber,1,Held
CA-CZU-005205,CZU Lightning Complex,CA-CZU-005205_seg_00259,2020-08-20,test,22.7,464.7,1350.7,0.424,0.405,218.1,79.0,49.2,0.654,588.4,Dozer Line,6.5,Timber,1,Held
CA-CZU-005205,CZU Lightning Complex,CA-CZU-005205_seg_00260,2020-08-20,test,8.8,499.5,5000.0,0.003,0.004,218.2,28.7,80.5,0.165,4994.6,Dozer Line,6.5,Timber,1,Held
CA-CZU-005205,CZU Lightning Complex,CA-CZU-005205_seg_00261,2020-08-20,test,25.0,437.3,246.7,0.926,0.055,234.5,126.7,17.8,0.952,-1419.6,Dozer Line,6.5,Timber,0,Burned Over
CA-CZU-005205,CZU Lightning Complex,CA-CZU-005205_seg_00262,2020-08-20,test,21.9,405.3,1849.0,0.497,0.277,227.5,101.1,36.3,0.805,954.2,Dozer Line,6.5,Timber,1,Held
CA-CZU-005205,CZU Lightning Complex,CA-CZU-005205_seg_00263,2020-08-20,test,16.5,50.0,237.4,0.587,0.225,242.3,76.6,75.7,0.248,-819.2,Road as Line,9.0,Timber,1,Held
CA-CZU-005205,CZU Lightning Complex,CA-CZU-005205_seg_00264,2020-08-20,test,32.5,176.2,1410.3,0.717,0.211,206.4,110.0,6.3,0.994,120.1,Road as Line,9.0,Timber,1,Held
CA-CZU-005205,CZU Lightning Complex,CA-CZU-005205_seg_00265,2020-08-20,test,32.8,279.0,789.0,0.602,0.421,182.6,13.4,79.2,0.188,-295.1,Dozer Line,6.5,Timber,1,Held
CA-CZU-005205,CZU Lightning Complex,CA-CZU-005205_seg_00266,2020-08-20,test,40.4,384.9,796.4,0.906,0.091,244.1,149.9,4.2,0.997,-834.4,Dozer Line,6.5,Timber,0,Burned Over
CA-CZU-005205,CZU Lightning Complex,CA-CZU-005205_seg_00267,2020-08-20,test,24.3,209.3,1547.7,0.652,0.234,207.0,101.3,15.7,0.963,373.3,Dozer Line,6.5,Timber,0,Burned Over
CA-CZU-005205,CZU Lightning Complex,CA-CZU-005205_seg_00268,2020-08-20,test,22.7,164.1,598.9,0.49,0.247,240.8,79.2,71.7,0.314,-283.2,Road as Line,9.0,Timber,1,Held
CA-CZU-005205,CZU Lightning Complex,CA-CZU-005205_seg_00269,2020-08-20,test,29.8,455.3,669.5,0.693,0.183,223.4,0.8,47.3,0.678,-578.7,Dozer Line,6.5,Timber,1,Held
CA-CZU-005205,CZU Lightning Complex,CA-CZU-005205_seg_00270,2020-08-20,test,12.1,197.6,1099.1,0.588,0.22,228.1,105.8,32.4,0.845,41.5,Dozer Line,6.5,Timber,1,Held
CA-CZU-005205,CZU Lightning Complex,CA-CZU-005205_seg_00271,2020-08-20,test,29.7,401.5,452.5,0.392,0.364,226.5,52.5,84.0,0.105,-252.3,Dozer Line,6.5,Timber,1,Held
CA-CZU-005205,CZU Lightning Complex,CA-CZU-005205_seg_00272,2020-08-20,test,16.4,274.0,1105.3,0.636,0.259,242.4,160.5,8.2,0.99,-39.0,Completed Hand Line,2.0,Timber,1,Held
CA-CZU-005205,CZU Lightning Complex,CA-CZU-005205_seg_00273,2020-08-20,test,13.0,496.8,3150.4,0.092,0.128,233.4,106.8,36.6,0.803,2984.5,Road as Line,9.0,Timber,1,Held
CA-CZU-005205,CZU Lightning Complex,CA-CZU-005205_seg_00274,2020-08-20,test,26.5,444.2,368.5,0.82,0.161,191.2,54.7,46.5,0.689,-1107.1,Dozer Line,6.5,Timber,1,Held
CA-CZU-005205,CZU Lightning Complex,CA-CZU-005205_seg_00275,2020-08-20,test,30.2,254.5,922.7,0.726,0.189,196.3,65.7,40.6,0.759,-384.2,Dozer Line,6.5,Timber,1,Held
CA-CZU-005205,CZU Lightning Complex,CA-CZU-005205_seg_00276,2020-08-20,test,24.5,147.6,650.2,0.835,0.247,249.1,0.6,21.5,0.93,-852.6,Road as Line,9.0,Timber,0,Burned Over
CA-CZU-005205,CZU Lightning Complex,CA-CZU-005205_seg_00277,2020-08-20,test,21.8,490.2,772.5,0.459,0.429,216.0,9.1,63.2,0.451,-53.3,Completed Hand Line,2.0,Timber,0,Burned Over
CA-CZU-005205,CZU Lightning Complex,CA-CZU-005205_seg_00278,2020-08-20,test,20.7,356.1,5000.0,0.016,0.026,191.0,61.7,39.3,0.774,4970.5,Dozer Line,6.5,Timber,1,Held
CA-CZU-005205,CZU Lightning Complex,CA-CZU-005205_seg_00279,2020-08-20,test,14.8,204.3,256.1,0.799,0.273,217.8,16.5,68.7,0.364,-1181.3,Completed Hand Line,2.0,Timber,0,Burned Over
CA-CZU-005205,CZU Lightning Complex,CA-CZU-005205_seg_00280,2020-08-20,test,31.9,320.7,516.0,0.804,0.156,214.3,142.6,18.2,0.95,-931.7,Completed Hand Line,2.0,Timber,0,Burned Over
CA-CZU-005205,CZU Lightning Complex,CA-CZU-005205_seg_00281,2020-08-20,test,43.0,477.1,2161.1,0.709,0.362,198.5,98.4,10.1,0.985,885.5,Road as Line,9.0,Timber,1,Held
CA-CZU-005205,CZU Lightning Complex,CA-CZU-005205_seg_00282,2020-08-20,test,5.2,301.9,1538.2,0.302,0.278,176.4,130.7,44.2,0.717,994.7,Dozer Line,6.5,Timber,1,Held
CA-CZU-005205,CZU Lightning Complex,CA-CZU-005205_seg_00283,2020-08-20,test,50.4,518.4,1047.0,0.849,0.205,209.4,168.8,49.4,0.651,-481.7,Dozer Line,6.5,Timber,0,Burned Over
CA-CZU-005205,CZU Lightning Complex,CA-CZU-005205_seg_00284,2020-08-20,test,13.8,508.9,356.6,0.63,0.391,208.7,155.9,37.2,0.797,-777.5,Road as Line,9.0,Timber,1,Held
CA-CZU-005205,CZU Lightning Complex,CA-CZU-005205_seg_00285,2020-08-20,test,22.7,430.1,2029.0,0.344,0.254,204.0,29.4,84.6,0.094,1409.4,Completed Hand Line,2.0,Timber,1,Held
CA-CZU-005205,CZU Lightning Complex,CA-CZU-005205_seg_00286,2020-08-20,test,18.5,519.2,738.0,0.391,0.306,230.1,61.7,78.4,0.201,33.8,Completed Hand Line,2.0,Timber,1,Held
CA-CZU-005205,CZU Lightning Complex,CA-CZU-005205_seg_00287,2020-08-20,test,20.7,500.8,4586.6,0.023,0.034,202.7,155.4,42.7,0.734,4544.9,Dozer Line,6.5,Timber,1,Held
CA-CZU-005205,CZU Lightning Complex,CA-CZU-005205_seg_00288,2020-08-20,test,35.5,394.0,723.0,0.852,0.174,191.1,87.0,14.1,0.97,-810.0,Road as Line,9.0,Timber,1,Held
CA-CZU-005205,CZU Lightning Complex,CA-CZU-005205_seg_00289,2020-08-20,test,21.6,486.4,933.4,0.734,0.248,183.9,108.3,14.4,0.969,-387.7,Dozer Line,6.5,Timber,0,Burned Over
CA-CZU-005205,CZU Lightning Complex,CA-CZU-005205_seg_00290,2020-08-20,test,21.7,392.6,638.6,0.62,0.315,188.2,108.9,10.7,0.983,-476.6,Road as Line,9.0,Timber,0,Burned Over
CA-CZU-005205,CZU Lightning Complex,CA-CZU-005205_seg_00291,2020-08-20,test,45.8,472.2,718.0,0.875,0.118,192.7,95.1,7.6,0.991,-857.4,Dozer Line,6.5,Timber,0,Burned Over
CA-CZU-005205,CZU Lightning Complex,CA-CZU-005205_seg_00292,2020-08-20,test,36.5,358.5,996.8,0.686,0.36,229.9,76.8,63.1,0.452,-237.7,Road as Line,9.0,Timber,1,Held
CA-CZU-005205,CZU Lightning Complex,CA-CZU-005205_seg_00293,2020-08-20,test,22.4,327.9,306.4,0.697,0.177,203.8,171.7,58.0,0.53,-948.4,Road as Line,9.0,Timber,1,Held
CA-CZU-005205,CZU Lightning Complex,CA-CZU-005205_seg_00294,2020-08-20,test,7.7,284.6,542.3,0.625,0.272,188.8,46.9,51.9,0.617,-583.1,Dozer Line,6.5,Timber,1,Held
CA-CZU-005205,CZU Lightning Complex,CA-CZU-005205_seg_00295,2020-08-20,test,25.9,337.8,889.6,0.601,0.258,195.1,60.1,44.9,0.708,-192.1,Dozer Line,6.5,Timber,1,Held
CA-CZU-005205,CZU Lightning Complex,CA-CZU-005205_seg_00296,2020-08-20,test,15.0,234.6,727.2,0.696,0.205,231.8,167.7,25.9,0.9,-525.1,Road as Line,9.0,Timber,1,Held
CA-CZU-005205,CZU Lightning Complex,CA-CZU-005205_seg_00297,2020-08-20,test,36.6,86.6,296.8,0.863,0.171,231.1,109.7,31.4,0.853,-1256.7,Road as Line,9.0,Timber,0,Burned Over
CA-CZU-005205,CZU Lightning Complex,CA-CZU-005205_seg_00298,2020-08-20,test,14.8,355.0,1178.8,0.273,0.318,203.5,19.1,85.7,0.076,687.6,Road as Line,9.0,Timber,1,Held
CA-CZU-005205,CZU Lightning Complex,CA-CZU-005205_seg_00299,2020-08-20,test,17.9,633.1,5000.0,0.007,0.01,176.0,167.5,81.5,0.148,4988.1,Completed Hand Line,2.0,Timber,1,Held
CA-CZU-005205,CZU Lightning Complex,CA-CZU-005205_seg_00300,2020-08-20,test,22.1,621.3,769.5,0.624,0.36,183.0,12.1,81.0,0.157,-354.5,Completed Hand Line,2.0,Timber,1,Held
CA-CZU-005205,CZU Lightning Complex,CA-CZU-005205_seg_00301,2020-08-20,test,31.1,391.1,429.3,0.866,0.202,195.5,101.1,4.4,0.997,-1128.9,Dozer Line,6.5,Timber,0,Burned Over
CA-CZU-005205,CZU Lightning Complex,CA-CZU-005205_seg_00302,2020-08-20,test,11.3,303.0,183.1,0.818,0.24,209.6,75.8,43.8,0.722,-1288.9,Dozer Line,6.5,Timber,1,Held
CA-CZU-005205,CZU Lightning Complex,CA-CZU-005205_seg_00303,2020-08-20,test,33.2,326.1,3883.6,0.066,0.084,210.2,48.4,71.7,0.314,3764.5,Dozer Line,6.5,Timber,1,Held
CA-CZU-005205,CZU Lightning Complex,CA-CZU-005205_seg_00304,2020-08-20,test,25.3,296.5,1417.2,0.473,0.415,227.9,162.9,25.0,0.906,565.4,Road as Line,9.0,Timber,0,Burned Over
CA-CZU-005205,CZU Lightning Complex,CA-CZU-005205_seg_00305,2020-08-20,test,25.2,389.8,1495.4,0.46,0.26,212.0,4.2,62.2,0.466,668.3,Dozer Line,6.5,Timber,1,Held
CA-CZU-005205,CZU Lightning Complex,CA-CZU-005205_seg_00306,2020-08-20,test,30.2,260.9,198.3,0.762,0.304,234.3,75.4,69.0,0.359,-1173.1,Dozer Line,6.5,Timber,1,Held
CA-CZU-005205,CZU Lightning Complex,CA-CZU-005205_seg_00307,2020-08-20,test,22.4,388.3,3816.7,0.022,0.024,235.6,49.0,83.4,0.115,3777.1,Road as Line,9.0,Timber,1,Held
CA-CZU-005205,CZU Lightning Complex,CA-CZU-005205_seg_00308,2020-08-20,test,28.8,251.1,1415.5,0.722,0.345,220.0,152.2,22.2,0.926,116.1,Completed Hand Line,2.0,Timber,0,Burned Over
CA-CZU-005205,CZU Lightning Complex,CA-CZU-005205_seg_00309,2020-08-20,test,17.3,413.6,837.0,0.628,0.223,219.4,149.2,19.8,0.941,-293.9,Dozer Line,6.5,Timber,1,Held
CA-CZU-005205,CZU Lightning Complex,CA-CZU-005205_seg_00310,2020-08-20,test,32.3,50.0,2587.3,0.066,0.104,200.2,15.1,84.9,0.088,2468.5,Completed Hand Line,2.0,Timber,1,Held
CA-CZU-005205,CZU Lightning Complex,CA-CZU-005205_seg_00311,2020-08-20,test,27.4,516.9,438.7,0.684,0.314,203.0,11.8,78.8,0.194,-792.0,Completed Hand Line,2.0,Timber,1,Held
CA-CZU-005205,CZU Lightning Complex,CA-CZU-005205_seg_00312,2020-08-20,test,33.3,440.5,435.8,0.798,0.242,196.0,148.7,42.8,0.734,-1000.2,Completed Hand Line,2.0,Timber,0,Burned Over
CA-CZU-005205,CZU Lightning Complex,CA-CZU-005205_seg_00313,2020-08-20,test,34.5,523.0,1866.8,0.318,0.263,178.4,11.1,77.3,0.219,1295.0,Road as Line,9.0,Timber,1,Held
CA-CZU-005205,CZU Lightning Complex,CA-CZU-005205_seg_00314,2020-08-20,test,30.5,649.3,1831.3,0.26,0.252,186.9,169.8,72.9,0.294,1363.6,Road as Line,9.0,Timber,1,Held
CA-CZU-005205,CZU Lightning Complex,CA-CZU-005205_seg_00315,2020-08-20,test,1.0,565.5,2176.9,0.157,0.189,209.0,61.1,57.9,0.531,1894.8,Completed Hand Line,2.0,Timber,1,Held
CA-CZU-005205,CZU Lightning Complex,CA-CZU-005205_seg_00316,2020-08-20,test,19.9,106.6,1397.9,0.318,0.192,149.5,145.1,85.6,0.077,825.6,Completed Hand Line,2.0,Timber,0,Burned Over
CA-CZU-005205,CZU Lightning Complex,CA-CZU-005205_seg_00317,2020-08-20,test,39.4,333.6,2401.3,0.62,0.371,211.1,143.1,22.0,0.927,1286.1,Road as Line,9.0,Timber,1,Held
CA-CZU-005205,CZU Lightning Complex,CA-CZU-005205_seg_00318,2020-08-20,test,17.6,463.4,2664.1,0.114,0.107,218.2,67.4,60.8,0.488,2459.1,Completed Hand Line,2.0,Timber,1,Held
CA-CZU-005205,CZU Lightning Complex,CA-CZU-005205_seg_00319,2020-08-20,test,39.7,353.1,223.6,0.74,0.278,188.1,14.1,84.1,0.103,-1109.1,Dozer Line,6.5,Timber,0,Burned Over
CA-CZU-005205,CZU Lightning Complex,CA-CZU-005205_seg_00320,2020-08-20,test,34.9,271.0,845.0,0.822,0.151,193.3,39.3,64.0,0.439,-635.1,Dozer Line,6.5,Timber,1,Held
CA-CZU-005205,CZU Lightning Complex,CA-CZU-005205_seg_00321,2020-08-20,test,21.1,564.2,2821.2,0.06,0.083,211.3,45.0,76.3,0.237,2713.8,Dozer Line,6.5,Timber,1,Held
CA-CZU-005205,CZU Lightning Complex,CA-CZU-005205_seg_00322,2020-08-20,test,42.9,536.9,286.4,0.951,0.082,182.1,135.8,43.6,0.724,-1425.0,Road as Line,9.0,Timber,0,Burned Over
CA-CZU-005205,CZU Lightning Complex,CA-CZU-005205_seg_00323,2020-08-20,test,29.4,330.4,196.4,0.714,0.319,211.6,4.9,63.3,0.45,-1088.7,Dozer Line,6.5,Timber,1,Held
CA-CZU-005205,CZU Lightning Complex,CA-CZU-005205_seg_00324,2020-08-20,test,20.2,436.5,1522.4,0.387,0.272,212.3,160.8,38.6,0.782,826.1,Completed Hand Line,2.0,Timber,0,Burned Over
CA-CZU-005205,CZU Lightning Complex,CA-CZU-005205_seg_00325,2020-08-20,test,18.5,470.5,732.5,0.859,0.163,184.4,89.6,4.8,0.996,-814.0,Dozer Line,6.5,Timber,0,Burned Over
CA-CZU-005205,CZU Lightning Complex,CA-CZU-005205_seg_00326,2020-08-20,test,37.2,388.2,239.2,0.854,0.22,193.6,52.1,51.5,0.622,-1298.9,Road as Line,9.0,Timber,1,Held
CA-CZU-005205,CZU Lightning Complex,CA-CZU-005205_seg_00327,2020-08-20,test,32.3,86.7,1054.4,0.679,0.298,228.5,141.3,2.8,0.999,-168.3,Road as Line,9.0,Timber,0,Burned Over
CA-CZU-005205,CZU Lightning Complex,CA-CZU-005205_seg_00328,2020-08-20,test,34.9,387.4,1525.3,0.546,0.305,234.5,35.7,71.2,0.321,542.5,Dozer Line,6.5,Timber,1,Held
CA-CZU-005205,CZU Lightning Complex,CA-CZU-005205_seg_00329,2020-08-20,test,16.5,330.7,1359.6,0.354,0.355,205.6,136.1,20.5,0.937,721.7,Dozer Line,6.5,Timber,1,Held
CA-CZU-005205,CZU Lightning Complex,CA-CZU-005205_seg_00330,2020-08-20,test,15.2,321.2,2865.6,0.086,0.137,228.6,84.2,54.4,0.583,2710.1,Completed Hand Line,2.0,Timber,1,Held
CA-CZU-005205,CZU Lightning Complex,CA-CZU-005205_seg_00331,2020-08-20,test,26.6,260.8,1114.0,0.72,0.259,220.4,143.0,12.6,0.976,-181.3,Completed Hand Line,2.0,Timber,0,Burned Over
CA-CZU-005205,CZU Lightning Complex,CA-CZU-005205_seg_00332,2020-08-20,test,41.8,376.7,207.8,0.937,0.082,194.0,105.4,1.4,1.0,-1478.5,Road as Line,9.0,Timber,0,Burned Over
CA-CZU-005205,CZU Lightning Complex,CA-CZU-005205_seg_00333,2020-08-20,test,55.0,376.0,370.3,0.922,0.076,226.7,34.2,77.5,0.216,-1289.1,Completed Hand Line,2.0,Timber,0,Burned Over
CA-CZU-005205,CZU Lightning Complex,CA-CZU-005205_seg_00334,2020-08-20,test,28.6,385.9,3025.3,0.134,0.093,190.9,87.1,13.8,0.971,2784.0,Dozer Line,6.5,Timber,1,Held
CA-CZU-005205,CZU Lightning Complex,CA-CZU-005205_seg_00335,2020-08-20,test,37.2,134.4,4373.9,0.074,0.11,228.0,109.9,28.2,0.882,4240.9,Dozer Line,6.5,Timber,1,Held
CA-CZU-005205,CZU Lightning Complex,CA-CZU-005205_seg_00336,2020-08-20,test,21.7,620.3,1452.7,0.518,0.207,208.9,70.6,48.2,0.666,521.0,Road as Line,9.0,Timber,1,Held
CA-CZU-005205,CZU Lightning Complex,CA-CZU-005205_seg_00337,2020-08-20,test,32.0,307.1,1624.1,0.437,0.365,200.9,178.0,67.1,0.389,837.2,Completed Hand Line,2.0,Timber,1,Held
CA-CZU-005205,CZU Lightning Complex,CA-CZU-005205_seg_00338,2020-08-20,test,24.5,608.5,2560.0,0.173,0.137,211.6,14.4,72.8,0.295,2248.9,Road as Line,9.0,Timber,1,Held
CA-CZU-005205,CZU Lightning Complex,CA-CZU-005205_seg_00339,2020-08-20,test,24.2,326.9,2657.7,0.201,0.281,206.2,132.9,16.7,0.958,2295.6,Road as Line,9.0,Timber,1,Held
CA-CZU-005205,CZU Lightning Complex,CA-CZU-005205_seg_00340,2020-08-20,test,18.9,186.1,959.7,0.692,0.235,219.2,17.4,68.2,0.372,-285.7,Completed Hand Line,2.0,Timber,1,Held
CA-CZU-005205,CZU Lightning Complex,CA-CZU-005205_seg_00341,2020-08-20,test,30.5,482.4,225.9,0.868,0.148,182.4,142.3,49.9,0.644,-1336.9,Road as Line,9.0,Timber,0,Burned Over
CA-CZU-005205,CZU Lightning Complex,CA-CZU-005205_seg_00342,2020-08-20,test,26.2,444.2,224.2,0.848,0.168,224.5,21.2,66.7,0.396,-1302.3,Dozer Line,6.5,Timber,0,Burned Over
CA-CZU-005205,CZU Lightning Complex,CA-CZU-005205_seg_00343,2020-08-20,test,23.4,337.7,269.8,0.788,0.199,227.1,18.9,61.8,0.473,-1149.3,Road as Line,9.0,Timber,1,Held
CA-CZU-005205,CZU Lightning Complex,CA-CZU-005205_seg_00344,2020-08-20,test,36.3,283.8,694.3,0.796,0.261,175.1,81.8,3.3,0.998,-737.7,Dozer Line,6.5,Timber,0,Burned Over
CA-CZU-005205,CZU Lightning Complex,CA-CZU-005205_seg_00345,2020-08-20,test,36.1,300.3,543.4,0.855,0.11,182.9,131.0,38.2,0.786,-994.8,Completed Hand Line,2.0,Timber,0,Burned Over
CA-CZU-005205,CZU Lightning Complex,CA-CZU-005205_seg_00346,2020-08-20,test,11.1,340.8,1777.1,0.304,0.283,232.9,112.6,30.3,0.864,1230.6,Completed Hand Line,2.0,Timber,1,Held
CA-CZU-005205,CZU Lightning Complex,CA-CZU-005205_seg_00347,2020-08-20,test,24.3,392.8,439.0,0.783,0.181,208.7,56.8,61.9,0.471,-970.6,Completed Hand Line,2.0,Timber,0,Burned Over
CA-CZU-005205,CZU Lightning Complex,CA-CZU-005205_seg_00348,2020-08-20,test,23.5,385.3,3818.1,0.037,0.045,192.2,27.7,74.5,0.267,3751.0,Dozer Line,6.5,Timber,1,Held
CA-CZU-005205,CZU Lightning Complex,CA-CZU-005205_seg_00349,2020-08-20,test,7.4,463.7,812.8,0.34,0.203,192.0,16.1,85.9,0.071,200.0,Completed Hand Line,2.0,Timber,1,Held
CA-CZU-005205,CZU Lightning Complex,CA-CZU-005205_seg_00350,2020-08-20,test,30.2,407.0,998.6,0.831,0.137,240.4,145.7,4.7,0.997,-497.0,Dozer Line,6.5,Timber,1,Held
CA-CZU-005205,CZU Lightning Complex,CA-CZU-005205_seg_00351,2020-08-20,test,27.1,614.8,3652.4,0.061,0.101,232.1,9.5,47.4,0.677,3542.9,Completed Hand Line,2.0,Timber,1,Held
CA-CZU-005205,CZU Lightning Complex,CA-CZU-005205_seg_00352,2020-08-20,test,16.3,509.2,1573.5,0.404,0.313,236.9,77.3,69.6,0.349,846.7,Dozer Line,6.5,Timber,1,Held
CA-CZU-005205,CZU Lightning Complex,CA-CZU-005205_seg_00353,2020-08-20,test,29.2,281.8,899.3,0.742,0.179,201.2,149.2,38.0,0.788,-435.6,Dozer Line,6.5,Timber,1,Held
CA-CZU-005205,CZU Lightning Complex,CA-CZU-005205_seg_00354,2020-08-20,test,15.5,104.0,2434.8,0.1,0.154,262.6,173.6,1.0,1.0,2254.1,Completed Hand Line,2.0,Timber,1,Held
CA-CZU-005205,CZU Lightning Complex,CA-CZU-005205_seg_00355,2020-08-20,test,44.1,216.8,2263.2,0.544,0.311,202.6,87.1,25.5,0.903,1284.1,Dozer Line,6.5,Timber,1,Held
CA-CZU-005205,CZU Lightning Complex,CA-CZU-005205_seg_00356,2020-08-20,test,17.7,311.2,2286.8,0.299,0.217,228.2,178.6,40.3,0.762,1749.4,Completed Hand Line,2.0,Timber,1,Held
CA-CZU-005205,CZU Lightning Complex,CA-CZU-005205_seg_00357,2020-08-20,test,21.3,297.2,4677.0,0.032,0.039,200.4,84.0,26.4,0.896,4618.6,Dozer Line,6.5,Timber,1,Held
CA-CZU-005205,CZU Lightning Complex,CA-CZU-005205_seg_00358,2020-08-20,test,9.0,304.3,449.8,0.653,0.269,219.3,146.0,16.7,0.958,-725.3,Completed Hand Line,2.0,Timber,1,Held
CA-CZU-005205,CZU Lightning Complex,CA-CZU-005205_seg_00359,2020-08-20,test,21.7,580.4,1764.6,0.488,0.381,225.4,118.2,17.2,0.955,885.4,Completed Hand Line,2.0,Timber,0,Burned Over
CA-CZU-005205,CZU Lightning Complex,CA-CZU-005205_seg_00360,2020-08-20,test,28.1,519.5,245.7,0.808,0.221,188.9,116.3,17.4,0.954,-1208.3,Completed Hand Line,2.0,Timber,0,Burned Over
CA-CZU-005205,CZU Lightning Complex,CA-CZU-005205_seg_00361,2020-08-20,test,31.0,397.1,952.5,0.782,0.237,191.9,117.1,15.2,0.965,-454.4,Dozer Line,6.5,Timber,1,Held
CA-CZU-005205,CZU Lightning Complex,CA-CZU-005205_seg_00362,2020-08-20,test,2.6,139.9,1535.2,0.183,0.236,219.1,62.0,67.1,0.389,1205.5,Completed Hand Line,2.0,Timber,1,Held
CA-CZU-005205,CZU Lightning Complex,CA-CZU-005205_seg_00363,2020-08-20,test,8.8,389.0,4453.5,0.02,0.019,213.0,104.3,18.7,0.947,4417.7,Road as Line,9.0,Timber,1,Held
CA-CZU-005205,CZU Lightning Complex,CA-CZU-005205_seg_00364,2020-08-20,test,14.3,331.9,2264.7,0.154,0.226,213.9,9.6,65.7,0.411,1987.0,Road as Line,9.0,Timber,1,Held
CA-CZU-005205,CZU Lightning Complex,CA-CZU-005205_seg_00365,2020-08-20,test,22.9,271.7,2179.3,0.203,0.2,214.2,36.0,88.2,0.031,1814.6,Dozer Line,6.5,Timber,1,Held
CA-CZU-005205,CZU Lightning Complex,CA-CZU-005205_seg_00366,2020-08-20,test,28.9,195.4,3197.7,0.21,0.283,207.6,136.3,18.7,0.947,2819.4,Dozer Line,6.5,Timber,1,Held
CA-CZU-005205,CZU Lightning Complex,CA-CZU-005205_seg_00367,2020-08-20,test,38.1,535.1,561.4,0.838,0.176,230.3,88.3,51.9,0.617,-947.3,Dozer Line,6.5,Timber,0,Burned Over
CA-CZU-005205,CZU Lightning Complex,CA-CZU-005205_seg_00368,2020-08-20,test,21.1,157.2,179.4,0.768,0.247,204.5,94.0,20.5,0.937,-1202.3,Dozer Line,6.5,Timber,1,Held
CA-CZU-005205,CZU Lightning Complex,CA-CZU-005205_seg_00369,2020-08-20,test,21.2,369.9,519.2,0.571,0.303,214.8,56.2,68.6,0.365,-508.6,Completed Hand Line,2.0,Timber,1,Held
CA-CZU-005205,CZU Lightning Complex,CA-CZU-005205_seg_00370,2020-08-20,test,35.2,445.3,1906.1,0.267,0.233,233.9,23.5,59.6,0.506,1426.0,Dozer Line,6.5,Timber,1,Held
CA-CZU-005205,CZU Lightning Complex,CA-CZU-005205_seg_00371,2020-08-20,test,30.6,500.0,498.9,0.826,0.164,229.7,156.1,16.4,0.959,-988.4,Dozer Line,6.5,Timber,0,Burned Over
CA-CZU-005205,CZU Lightning Complex,CA-CZU-005205_seg_00372,2020-08-20,test,15.6,459.5,3527.7,0.113,0.087,230.1,143.7,3.6,0.998,3323.6,Dozer Line,6.5,Timber,1,Held
CA-CZU-005205,CZU Lightning Complex,CA-CZU-005205_seg_00373,2020-08-20,test,18.9,350.2,626.5,0.745,0.271,207.0,99.6,17.3,0.955,-714.5,Dozer Line,6.5,Timber,0,Burned Over
CA-CZU-005205,CZU Lightning Complex,CA-CZU-005205_seg_00374,2020-08-20,test,18.9,461.3,1047.2,0.454,0.276,230.0,59.9,80.1,0.172,230.0,Road as Line,9.0,Timber,1,Held
CA-CZU-005205,CZU Lightning Complex,CA-CZU-005205_seg_00375,2020-08-20,test,19.6,344.7,207.1,0.828,0.164,195.7,82.1,23.6,0.916,-1283.3,Dozer Line,6.5,Timber,0,Burned Over
CA-CZU-005205,CZU Lightning Complex,CA-CZU-005205_seg_00376,2020-08-20,test,1.9,441.6,555.8,0.327,0.294,242.2,65.2,87.0,0.052,-33.5,Dozer Line,6.5,Timber,1,Held
CA-CZU-005205,CZU Lightning Complex,CA-CZU-005205_seg_00377,2020-08-20,test,29.7,310.3,811.8,0.574,0.222,218.3,19.4,71.1,0.324,-221.4,Dozer Line,6.5,Timber,1,Held
CA-CZU-005205,CZU Lightning Complex,CA-CZU-005205_seg_00378,2020-08-20,test,21.9,359.9,1493.5,0.307,0.307,196.2,18.0,88.2,0.031,941.0,Road as Line,9.0,Timber,1,Held
CA-CZU-005205,CZU Lightning Complex,CA-CZU-005205_seg_00379,2020-08-20,test,15.4,150.7,2111.7,0.2,0.285,193.9,42.4,61.5,0.477,1751.6,Road as Line,9.0,Timber,1,Held
CA-CZU-005205,CZU Lightning Complex,CA-CZU-005205_seg_00380,2020-08-20,test,24.8,305.4,957.6,0.682,0.314,223.9,79.6,54.3,0.584,-269.5,Completed Hand Line,2.0,Timber,0,Burned Over
CA-CZU-005205,CZU Lightning Complex,CA-CZU-005205_seg_00381,2020-08-20,test,24.4,567.0,547.2,0.771,0.186,166.2,122.6,46.4,0.69,-841.2,Completed Hand Line,2.0,Timber,1,Held
CA-CZU-005205,CZU Lightning Complex,CA-CZU-005205_seg_00382,2020-08-20,test,1.0,480.1,1234.9,0.548,0.209,223.9,136.2,2.4,0.999,248.1,Dozer Line,6.5,Timber,1,Held
CA-CZU-005205,CZU Lightning Complex,CA-CZU-005205_seg_00383,2020-08-20,test,15.2,390.8,190.2,0.773,0.214,204.9,134.8,19.9,0.94,-1200.9,Dozer Line,6.5,Timber,0,Burned Over
CA-CZU-005205,CZU Lightning Complex,CA-CZU-005205_seg_00384,2020-08-20,test,15.2,50.0,3320.7,0.182,0.166,213.1,94.4,28.7,0.878,2993.9,Dozer Line,6.5,Timber,0,Burned Over
CA-CZU-005205,CZU Lightning Complex,CA-CZU-005205_seg_00385,2020-08-20,test,20.8,254.3,1477.2,0.578,0.33,227.8,97.9,39.9,0.767,436.8,Dozer Line,6.5,Timber,1,Held
CA-CZU-005205,CZU Lightning Complex,CA-CZU-005205_seg_00386,2020-08-20,test,29.7,334.5,1098.0,0.796,0.208,190.5,96.9,3.7,0.998,-335.0,Dozer Line,6.5,Timber,0,Burned Over
CA-CZU-005205,CZU Lightning Complex,CA-CZU-005205_seg_00387,2020-08-20,test,42.0,552.7,162.2,0.96,0.052,262.4,179.7,7.4,0.992,-1565.6,Completed Hand Line,2.0,Timber,0,Burned Over
CA-CZU-005205,CZU Lightning Complex,CA-CZU-005205_seg_00388,2020-08-20,test,21.5,468.1,905.9,0.693,0.194,228.7,127.4,11.4,0.98,-341.1,Dozer Line,6.5,Timber,0,Burned Over
CA-CZU-005205,CZU Lightning Complex,CA-CZU-005205_seg_00389,2020-08-20,test,29.4,547.6,857.3,0.65,0.211,225.9,101.0,34.9,0.821,-313.4,Road as Line,9.0,Timber,1,Held
CA-CZU-005205,CZU Lightning Complex,CA-CZU-005205_seg_00390,2020-08-20,test,11.9,461.6,3378.8,0.045,0.049,199.3,152.8,43.5,0.725,3298.1,Completed Hand Line,2.0,Timber,1,Held
CA-CZU-005205,CZU Lightning Complex,CA-CZU-005205_seg_00391,2020-08-20,test,14.5,339.9,1920.7,0.288,0.296,193.7,100.7,3.0,0.999,1402.5,Dozer Line,6.5,Timber,1,Held
CA-CZU-005205,CZU Lightning Complex,CA-CZU-005205_seg_00392,2020-08-20,test,25.8,452.9,463.2,0.88,0.139,211.2,139.3,18.1,0.951,-1121.6,Dozer Line,6.5,Timber,0,Burned Over
CA-CZU-005205,CZU Lightning Complex,CA-CZU-005205_seg_00393,2020-08-20,test,23.3,281.5,441.3,0.813,0.256,182.7,72.0,20.7,0.935,-1022.6,Dozer Line,6.5,Timber,0,Burned Over
CA-CZU-005205,CZU Lightning Complex,CA-CZU-005205_seg_00394,2020-08-20,test,20.8,552.6,172.5,0.766,0.159,192.6,65.8,36.7,0.801,-1206.5,Road as Line,9.0,Timber,0,Burned Over
CA-CZU-005205,CZU Lightning Complex,CA-CZU-005205_seg_00395,2020-08-20,test,21.5,663.5,3429.9,0.126,0.15,203.8,154.5,40.7,0.758,3203.9,Road as Line,9.0,Timber,1,Held
CA-CZU-005205,CZU Lightning Complex,CA-CZU-005205_seg_00396,2020-08-20,test,27.9,142.2,1525.7,0.524,0.412,204.1,91.4,22.6,0.923,583.3,Completed Hand Line,2.0,Timber,1,Held
CA-CZU-005205,CZU Lightning Complex,CA-CZU-005205_seg_00397,2020-08-20,test,16.6,717.4,361.7,0.878,0.118,203.5,85.2,28.4,0.88,-1218.4,Road as Line,9.0,Timber,1,Held
CA-CZU-005205,CZU Lightning Complex,CA-CZU-005205_seg_00398,2020-08-20,test,13.0,479.9,393.8,0.546,0.297,230.5,31.4,70.9,0.327,-589.4,Road as Line,9.0,Timber,0,Burned Over
CA-CZU-005205,CZU Lightning Complex,CA-CZU-005205_seg_00399,2020-08-20,test,24.3,290.4,218.9,0.754,0.233,207.2,3.9,66.6,0.397,-1138.1,Dozer Line,6.5,Timber,1,Held
CA-CZU-005205,CZU Lightning Complex,CA-CZU-005205_seg_00400,2020-08-20,test,4.5,617.5,5000.0,0.01,0.015,181.3,118.4,27.1,0.89,4981.2,Road as Line,9.0,Timber,1,Held
CA-CZU-005205,CZU Lightning Complex,CA-CZU-005205_seg_00401,2020-08-20,test,14.5,575.1,807.1,0.71,0.22,240.1,157.2,7.0,0.992,-470.8,Completed Hand Line,2.0,Timber,0,Burned Over
CA-CZU-005205,CZU Lightning Complex,CA-CZU-005205_seg_00402,2020-08-20,test,36.3,271.4,1969.1,0.327,0.331,201.6,20.0,88.4,0.028,1379.7,Dozer Line,6.5,Timber,1,Held
CA-CZU-005205,CZU Lightning Complex,CA-CZU-005205_seg_00403,2020-08-20,test,9.3,425.6,4488.5,0.014,0.011,195.4,0.8,75.5,0.251,4463.9,Completed Hand Line,2.0,Timber,1,Held
CA-CZU-005205,CZU Lightning Complex,CA-CZU-005205_seg_00404,2020-08-20,test,7.6,296.5,3501.4,0.023,0.029,218.2,9.1,60.9,0.486,3459.5,Dozer Line,6.5,Timber,1,Held
CA-CZU-005205,CZU Lightning Complex,CA-CZU-005205_seg_00405,2020-08-20,test,33.6,346.6,3927.3,0.077,0.081,233.1,171.5,28.4,0.88,3788.6,Dozer Line,6.5,Timber,1,Held
CA-CZU-005205,CZU Lightning Complex,CA-CZU-005205_seg_00406,2020-08-20,test,10.6,175.7,195.2,0.729,0.211,202.4,121.4,8.9,0.988,-1117.0,Road as Line,9.0,Timber,0,Burned Over
CA-CZU-005205,CZU Lightning Complex,CA-CZU-005205_seg_00407,2020-08-20,test,23.4,120.9,323.5,0.766,0.146,204.9,160.1,45.2,0.705,-1054.9,Completed Hand Line,2.0,Timber,0,Burned Over
CA-CZU-005205,CZU Lightning Complex,CA-CZU-005205_seg_00408,2020-08-20,test,25.9,286.2,830.3,0.658,0.222,182.7,139.9,47.2,0.679,-354.5,Road as Line,9.0,Timber,1,Held
CA-CZU-005205,CZU Lightning Complex,CA-CZU-005205_seg_00409,2020-08-20,test,29.0,165.5,633.9,0.813,0.18,194.9,62.5,42.4,0.739,-829.7,Road as Line,9.0,Timber,1,Held
CA-CZU-005205,CZU Lightning Complex,CA-CZU-005205_seg_00410,2020-08-20,test,16.1,388.5,927.7,0.678,0.366,220.0,174.2,44.2,0.717,-292.7,Road as Line,9.0,Timber,1,Held
CA-CZU-005205,CZU Lightning Complex,CA-CZU-005205_seg_00411,2020-08-20,test,27.0,501.2,1379.6,0.548,0.269,201.8,47.0,64.8,0.425,393.5,Road as Line,9.0,Timber,1,Held
CA-CZU-005205,CZU Lightning Complex,CA-CZU-005205_seg_00412,2020-08-20,test,3.5,128.2,878.6,0.441,0.37,207.7,51.5,66.2,0.404,84.0,Dozer Line,6.5,Timber,1,Held
CA-CZU-005205,CZU Lightning Complex,CA-CZU-005205_seg_00413,2020-08-20,test,30.4,401.9,1259.7,0.559,0.213,205.2,7.3,72.1,0.308,253.4,Dozer Line,6.5,Timber,1,Held
CA-CZU-005205,CZU Lightning Complex,CA-CZU-005205_seg_00414,2020-08-20,test,21.7,232.6,1426.9,0.576,0.235,195.1,157.4,52.4,0.611,389.8,Road as Line,9.0,Timber,1,Held
CA-CZU-005205,CZU Lightning Complex,CA-CZU-005205_seg_00415,2020-08-20,test,47.1,387.8,245.6,0.799,0.283,199.0,27.3,81.7,0.144,-1191.7,Road as Line,9.0,Timber,1,Held
CA-CZU-005205,CZU Lightning Complex,CA-CZU-005205_seg_00416,2020-08-20,test,11.9,522.0,1583.4,0.5,0.248,163.9,67.9,5.9,0.995,683.4,Dozer Line,6.5,Timber,1,Held
CA-CZU-005205,CZU Lightning Complex,CA-CZU-005205_seg_00417,2020-08-20,test,24.2,567.7,352.5,0.747,0.281,222.5,59.7,72.8,0.295,-991.5,Road as Line,9.0,Timber,1,Held
CA-CZU-005205,CZU Lightning Complex,CA-CZU-005205_seg_00418,2020-08-20,test,7.9,87.3,934.6,0.352,0.315,202.1,55.0,57.1,0.543,301.1,Road as Line,9.0,Timber,1,Held
CA-CZU-005205,CZU Lightning Complex,CA-CZU-005205_seg_00419,2020-08-20,test,8.5,362.7,935.9,0.62,0.36,193.4,94.8,8.7,0.989,-180.5,Road as Line,9.0,Timber,1,Held
CA-CZU-005205,CZU Lightning Complex,CA-CZU-005205_seg_00420,2020-08-20,test,30.8,549.5,362.9,0.885,0.166,238.1,114.2,33.9,0.83,-1230.9,Road as Line,9.0,Timber,0,Burned Over
CA-CZU-005205,CZU Lightning Complex,CA-CZU-005205_seg_00421,2020-08-20,test,37.3,290.5,803.5,0.785,0.218,188.8,24.1,74.6,0.265,-609.5,Dozer Line,6.5,Timber,0,Burned Over
CA-CZU-005205,CZU Lightning Complex,CA-CZU-005205_seg_00422,2020-08-20,test,19.5,63.9,1314.8,0.293,0.257,158.9,166.8,82.1,0.137,787.7,Road as Line,9.0,Timber,1,Held
CA-CZU-005205,CZU Lightning Complex,CA-CZU-005205_seg_00423,2020-08-20,test,27.4,451.1,459.2,0.849,0.214,195.1,92.9,12.3,0.977,-1068.7,Dozer Line,6.5,Timber,0,Burned Over
CA-CZU-005205,CZU Lightning Complex,CA-CZU-005205_seg_00424,2020-08-20,test,42.2,197.9,1750.8,0.218,0.192,215.6,19.6,74.0,0.275,1358.4,Road as Line,9.0,Timber,1,Held
CA-CZU-005205,CZU Lightning Complex,CA-CZU-005205_seg_00425,2020-08-20,test,20.8,363.4,559.3,0.843,0.228,200.1,134.8,24.8,0.908,-957.6,Completed Hand Line,2.0,Timber,0,Burned Over
CA-CZU-005205,CZU Lightning Complex,CA-CZU-005205_seg_00426,2020-08-20,test,27.7,145.2,3044.9,0.154,0.211,207.9,59.9,57.9,0.531,2768.1,Dozer Line,6.5,Timber,1,Held
CA-CZU-005205,CZU Lightning Complex,CA-CZU-005205_seg_00427,2020-08-20,test,34.7,423.2,3920.9,0.144,0.104,232.6,114.1,28.5,0.879,3661.3,Dozer Line,6.5,Timber,1,Held
CA-CZU-005205,CZU Lightning Complex,CA-CZU-005205_seg_00428,2020-08-20,test,36.2,179.1,429.3,0.789,0.242,209.5,49.3,70.2,0.339,-990.3,Completed Hand Line,2.0,Timber,0,Burned Over
CA-CZU-005205,CZU Lightning Complex,CA-CZU-005205_seg_00429,2020-08-20,test,39.5,438.6,242.0,0.915,0.125,199.7,71.7,38.0,0.788,-1405.3,Road as Line,9.0,Timber,0,Burned Over
CA-CZU-005205,CZU Lightning Complex,CA-CZU-005205_seg_00430,2020-08-20,test,27.9,349.7,2653.5,0.418,0.372,206.6,129.8,13.2,0.974,1901.8,Completed Hand Line,2.0,Timber,1,Held
CA-CZU-005205,CZU Lightning Complex,CA-CZU-005205_seg_00431,2020-08-20,test,28.9,443.4,999.5,0.571,0.391,241.2,68.6,82.5,0.13,-28.3,Dozer Line,6.5,Timber,1,Held
CA-CZU-005205,CZU Lightning Complex,CA-CZU-005205_seg_00432,2020-08-20,test,11.6,223.9,5000.0,0.016,0.015,195.3,148.0,42.6,0.736,4972.0,Dozer Line,6.5,Timber,1,Held
CA-CZU-005205,CZU Lightning Complex,CA-CZU-005205_seg_00433,2020-08-20,test,14.7,358.7,474.8,0.569,0.432,213.7,146.4,22.7,0.923,-549.6,Completed Hand Line,2.0,Timber,0,Burned Over
CA-CZU-005205,CZU Lightning Complex,CA-CZU-005205_seg_00434,2020-08-20,test,33.2,265.6,919.3,0.763,0.193,216.8,108.8,18.0,0.951,-453.7,Road as Line,9.0,Timber,1,Held
CA-CZU-005205,CZU Lightning Complex,CA-CZU-005205_seg_00435,2020-08-20,test,15.8,100.8,456.6,0.743,0.229,185.2,178.7,83.5,0.114,-881.4,Road as Line,9.0,Timber,1,Held
CA-CZU-005205,CZU Lightning Complex,CA-CZU-005205_seg_00436,2020-08-20,test,11.3,402.5,1287.7,0.389,0.378,212.9,158.9,36.0,0.809,587.4,Road as Line,9.0,Timber,1,Held
CA-CZU-005205,CZU Lightning Complex,CA-CZU-005205_seg_00437,2020-08-20,test,12.7,346.2,2245.8,0.133,0.093,233.6,172.6,29.0,0.874,2006.0,Road as Line,9.0,Timber,1,Held
CA-CZU-005205,CZU Lightning Complex,CA-CZU-005205_seg_00438,2020-08-20,test,23.7,375.8,162.1,0.942,0.064,209.5,121.3,1.8,1.0,-1533.0,Dozer Line,6.5,Timber,0,Burned Over
CA-CZU-005205,CZU Lightning Complex,CA-CZU-005205_seg_00439,2020-08-20,test,34.0,152.1,618.5,0.785,0.299,187.3,62.5,34.8,0.821,-793.8,Dozer Line,6.5,Timber,0,Burned Over
CA-CZU-005205,CZU Lightning Complex,CA-CZU-005205_seg_00440,2020-08-20,test,32.1,230.8,1807.5,0.455,0.24,207.2,155.8,38.5,0.782,988.5,Dozer Line,6.5,Timber,1,Held
CA-CZU-005205,CZU Lightning Complex,CA-CZU-005205_seg_00441,2020-08-20,test,33.1,207.2,2574.5,0.186,0.192,228.1,103.3,34.8,0.821,2239.5,Completed Hand Line,2.0,Timber,1,Held
CA-CZU-005205,CZU Lightning Complex,CA-CZU-005205_seg_00442,2020-08-20,test,14.9,387.1,1486.4,0.207,0.292,222.6,14.1,61.5,0.477,1114.7,Dozer Line,6.5,Timber,1,Held
CA-CZU-005205,CZU Lightning Complex,CA-CZU-005205_seg_00443,2020-08-20,test,22.6,315.8,442.5,0.702,0.359,181.5,146.8,55.3,0.569,-820.7,Completed Hand Line,2.0,Timber,0,Burned Over
CA-CZU-005205,CZU Lightning Complex,CA-CZU-005205_seg_00444,2020-08-20,test,30.1,458.1,325.9,0.878,0.104,208.1,59.4,58.7,0.519,-1253.9,Dozer Line,6.5,Timber,1,Held
CA-CZU-005205,CZU Lightning Complex,CA-CZU-005205_seg_00445,2020-08-20,test,20.7,387.1,403.9,0.74,0.187,165.3,4.9,70.4,0.335,-929.0,Road as Line,9.0,Timber,1,Held
CA-CZU-005205,CZU Lightning Complex,CA-CZU-005205_seg_00446,2020-08-20,test,36.4,280.3,1154.9,0.687,0.222,206.7,150.5,33.8,0.831,-80.8,Dozer Line,6.5,Timber,1,Held
CA-CZU-005205,CZU Lightning Complex,CA-CZU-005205_seg_00447,2020-08-20,test,15.3,274.3,1215.2,0.305,0.228,234.3,74.0,70.4,0.336,666.1,Road as Line,9.0,Timber,1,Held
CA-CZU-005205,CZU Lightning Complex,CA-CZU-005205_seg_00448,2020-08-20,test,16.7,520.4,2513.0,0.149,0.22,225.0,174.0,39.0,0.777,2244.7,Dozer Line,6.5,Timber,1,Held
CA-CZU-005205,CZU Lightning Complex,CA-CZU-005205_seg_00449,2020-08-20,test,23.9,376.9,1241.8,0.768,0.185,176.8,83.7,3.2,0.998,-141.2,Dozer Line,6.5,Timber,1,Held
CA-CZU-005205,CZU Lightning Complex,CA-CZU-005205_seg_00450,2020-08-20,test,42.3,646.6,2345.5,0.454,0.383,213.9,76.2,47.7,0.673,1528.3,Completed Hand Line,2.0,Timber,1,Held
CA-CZU-005205,CZU Lightning Complex,CA-CZU-005205_seg_00451,2020-08-20,test,31.0,455.2,1095.5,0.767,0.225,188.5,107.7,9.2,0.987,-284.4,Road as Line,9.0,Timber,0,Burned Over
CA-CZU-005205,CZU Lightning Complex,CA-CZU-005205_seg_00452,2020-08-20,test,35.1,436.8,829.1,0.611,0.426,200.0,11.5,81.5,0.147,-270.7,Completed Hand Line,2.0,Timber,1,Held
CA-CZU-005205,CZU Lightning Complex,CA-CZU-005205_seg_00453,2020-08-20,test,19.9,369.4,3304.0,0.122,0.122,215.3,90.0,35.3,0.816,3084.6,Completed Hand Line,2.0,Timber,1,Held
CA-CZU-005205,CZU Lightning Complex,CA-CZU-005205_seg_00454,2020-08-20,test,26.3,561.9,3171.5,0.159,0.203,212.4,127.0,4.5,0.997,2885.4,Dozer Line,6.5,Timber,1,Held
CA-CZU-005205,CZU Lightning Complex,CA-CZU-005205_seg_00455,2020-08-20,test,45.1,260.1,5000.0,0.023,0.028,209.8,33.4,86.4,0.063,4958.2,Dozer Line,6.5,Timber,1,Held
CA-CZU-005205,CZU Lightning Complex,CA-CZU-005205_seg_00456,2020-08-20,test,39.4,420.4,1584.2,0.662,0.382,200.6,162.9,52.3,0.612,392.6,Road as Line,9.0,Timber,1,Held
CA-CZU-005205,CZU Lightning Complex,CA-CZU-005205_seg_00457,2020-08-20,test,15.3,283.1,3229.0,0.042,0.065,226.1,20.3,64.3,0.434,3153.8,Completed Hand Line,2.0,Timber,1,Held
CA-CZU-005205,CZU Lightning Complex,CA-CZU-005205_seg_00458,2020-08-20,test,22.3,214.8,695.4,0.489,0.401,186.9,169.8,72.8,0.295,-185.3,Road as Line,9.0,Timber,1,Held
CA-CZU-005205,CZU Lightning Complex,CA-CZU-005205_seg_00459,2020-08-20,test,16.1,176.8,939.8,0.547,0.372,203.7,61.2,52.4,0.61,-44.6,Dozer Line,6.5,Timber,1,Held
CA-CZU-005205,CZU Lightning Complex,CA-CZU-005205_seg_00460,2020-08-20,test,40.2,416.0,166.9,0.926,0.115,184.6,122.6,28.0,0.883,-1499.8,Dozer Line,6.5,Timber,0,Burned Over
CA-CZU-005205,CZU Lightning Complex,CA-CZU-005205_seg_00461,2020-08-20,test,23.8,262.3,552.8,0.694,0.206,203.5,122.6,9.1,0.987,-696.4,Road as Line,9.0,Timber,1,Held
CA-CZU-005205,CZU Lightning Complex,CA-CZU-005205_seg_00462,2020-08-20,test,34.7,244.9,200.7,0.837,0.128,197.3,156.5,49.2,0.654,-1305.3,Completed Hand Line,2.0,Timber,0,Burned Over
CA-CZU-005205,CZU Lightning Complex,CA-CZU-005205_seg_00463,2020-08-20,test,23.9,384.7,2199.5,0.138,0.191,201.6,31.1,80.5,0.166,1951.0,Road as Line,9.0,Timber,1,Held
CA-CZU-005205,CZU Lightning Complex,CA-CZU-005205_seg_00464,2020-08-20,test,8.1,446.0,1815.6,0.214,0.165,187.9,11.2,86.7,0.058,1430.4,Dozer Line,6.5,Timber,1,Held
CA-CZU-005205,CZU Lightning Complex,CA-CZU-005205_seg_00465,2020-08-20,test,29.7,257.4,181.8,0.849,0.136,194.4,116.1,11.7,0.979,-1347.1,Dozer Line,6.5,Timber,0,Burned Over
CA-CZU-005205,CZU Lightning Complex,CA-CZU-005205_seg_00466,2020-08-20,test,24.8,274.8,522.1,0.558,0.277,230.9,76.4,64.5,0.43,-483.1,Dozer Line,6.5,Timber,1,Held
CA-CZU-005205,CZU Lightning Complex,CA-CZU-005205_seg_00467,2020-08-20,test,41.6,263.6,331.3,0.923,0.126,203.8,131.9,18.1,0.951,-1330.8,Dozer Line,6.5,Timber,0,Burned Over
CA-CZU-005205,CZU Lightning Complex,CA-CZU-005205_seg_00468,2020-08-20,test,13.5,568.4,931.2,0.697,0.319,186.3,149.8,53.5,0.595,-322.9,Dozer Line,6.5,Timber,1,Held
CA-CZU-005205,CZU Lightning Complex,CA-CZU-005205_seg_00469,2020-08-20,test,40.6,242.6,491.2,0.761,0.308,233.5,74.0,69.5,0.351,-878.3,Dozer Line,6.5,Timber,0,Burned Over
CA-CZU-005205,CZU Lightning Complex,CA-CZU-005205_seg_00470,2020-08-20,test,17.6,378.6,364.1,0.689,0.297,222.9,178.5,45.5,0.7,-875.6,Dozer Line,6.5,Timber,1,Held
CA-CZU-005205,CZU Lightning Complex,CA-CZU-005205_seg_00471,2020-08-20,test,29.3,198.2,547.2,0.831,0.234,181.9,68.6,23.3,0.919,-949.3,Dozer Line,6.5,Timber,0,Burned Over
CA-CZU-005205,CZU Lightning Complex,CA-CZU-005205_seg_00472,2020-08-20,test,25.0,324.8,236.0,0.806,0.281,220.5,7.2,56.7,0.549,-1215.2,Completed Hand Line,2.0,Timber,0,Burned Over
CA-CZU-005205,CZU Lightning Complex,CA-CZU-005205_seg_00473,2020-08-20,test,33.0,224.4,282.8,0.781,0.259,208.4,169.6,51.2,0.626,-1123.6,Road as Line,9.0,Timber,1,Held
CA-CZU-005205,CZU Lightning Complex,CA-CZU-005205_seg_00474,2020-08-20,test,25.4,422.5,1690.9,0.345,0.336,181.2,174.4,83.2,0.119,1069.0,Road as Line,9.0,Timber,1,Held
CA-CZU-005205,CZU Lightning Complex,CA-CZU-005205_seg_00475,2020-08-20,test,26.2,396.3,429.8,0.786,0.144,205.2,102.3,12.9,0.975,-984.6,Dozer Line,6.5,Timber,1,Held
CA-CZU-005205,CZU Lightning Complex,CA-CZU-005205_seg_00476,2020-08-20,test,28.8,642.9,428.2,0.866,0.184,228.2,123.3,14.9,0.966,-1130.7,Dozer Line,6.5,Timber,0,Burned Over
CA-CZU-005205,CZU Lightning Complex,CA-CZU-005205_seg_00477,2020-08-20,test,26.4,262.6,168.6,0.924,0.082,162.7,69.7,3.0,0.999,-1493.8,Dozer Line,6.5,Timber,0,Burned Over
CA-CZU-005205,CZU Lightning Complex,CA-CZU-005205_seg_00478,2020-08-20,test,27.2,349.4,1153.9,0.632,0.403,233.2,72.6,70.6,0.332,17.1,Road as Line,9.0,Timber,1,Held
CA-CZU-005205,CZU Lightning Complex,CA-CZU-005205_seg_00479,2020-08-20,test,11.7,411.0,4159.8,0.016,0.024,215.8,20.7,74.8,0.262,4130.3,Dozer Line,6.5,Timber,1,Held
CA-CZU-005205,CZU Lightning Complex,CA-CZU-005205_seg_00480,2020-08-20,test,40.7,371.1,516.6,0.899,0.15,219.2,110.9,18.2,0.95,-1102.0,Completed Hand Line,2.0,Timber,1,Held
CA-CZU-005205,CZU Lightning Complex,CA-CZU-005205_seg_00481,2020-08-20,test,12.9,326.7,662.8,0.77,0.23,232.4,170.5,28.1,0.882,-722.7,Road as Line,9.0,Timber,1,Held
CA-CZU-005205,CZU Lightning Complex,CA-CZU-005205_seg_00482,2020-08-20,test,27.3,265.6,1402.8,0.584,0.376,197.3,5.7,78.4,0.201,352.0,Dozer Line,6.5,Timber,1,Held
CA-CZU-005205,CZU Lightning Complex,CA-CZU-005205_seg_00483,2020-08-20,test,21.4,372.9,1496.0,0.634,0.239,233.6,109.7,33.8,0.831,354.7,Dozer Line,6.5,Timber,1,Held
CA-CZU-005205,CZU Lightning Complex,CA-CZU-005205_seg_00484,2020-08-20,test,17.8,543.6,1177.1,0.436,0.342,217.6,117.9,9.7,0.986,392.4,Dozer Line,6.5,Timber,0,Burned Over
CA-CZU-005205,CZU Lightning Complex,CA-CZU-005205_seg_00485,2020-08-20,test,21.7,384.5,1528.7,0.607,0.396,238.6,107.1,41.5,0.749,436.5,Road as Line,9.0,Timber,0,Burned Over
CA-CZU-005205,CZU Lightning Complex,CA-CZU-005205_seg_00486,2020-08-20,test,16.3,204.1,1385.6,0.414,0.412,188.3,152.2,53.8,0.59,639.8,Road as Line,9.0,Timber,1,Held
CA-CZU-005205,CZU Lightning Complex,CA-CZU-005205_seg_00487,2020-08-20,test,16.1,540.9,519.0,0.855,0.201,221.2,144.1,12.9,0.975,-1020.3,Dozer Line,6.5,Timber,0,Burned Over
CA-CZU-005205,CZU Lightning Complex,CA-CZU-005205_seg_00488,2020-08-20,test,25.6,208.8,1328.1,0.495,0.424,233.3,127.8,15.5,0.963,437.4,Road as Line,9.0,Timber,1,Held
CA-CZU-005205,CZU Lightning Complex,CA-CZU-005205_seg_00489,2020-08-20,test,31.3,595.8,1719.4,0.485,0.404,202.9,101.8,11.1,0.981,847.2,Dozer Line,6.5,Timber,0,Burned Over
CA-CZU-005205,CZU Lightning Complex,CA-CZU-005205_seg_00490,2020-08-20,test,24.2,211.2,879.5,0.752,0.15,207.0,119.4,2.4,0.999,-473.5,Road as Line,9.0,Timber,0,Burned Over
CA-CZU-005205,CZU Lightning Complex,CA-CZU-005205_seg_00491,2020-08-20,test,23.6,131.8,254.3,0.74,0.191,195.8,113.9,8.2,0.99,-1076.9,Completed Hand Line,2.0,Timber,0,Burned Over
CA-CZU-005205,CZU Lightning Complex,CA-CZU-005205_seg_00492,2020-08-20,test,35.6,458.2,2031.1,0.629,0.277,181.8,120.9,29.2,0.873,898.5,Dozer Line,6.5,Timber,1,Held
CA-CZU-005205,CZU Lightning Complex,CA-CZU-005205_seg_00493,2020-08-20,test,17.4,542.0,1736.8,0.233,0.294,201.6,174.1,62.5,0.461,1317.1,Dozer Line,6.5,Timber,1,Held
CA-CZU-005205,CZU Lightning Complex,CA-CZU-005205_seg_00494,2020-08-20,test,5.4,605.0,290.3,0.611,0.322,254.0,76.2,87.8,0.038,-809.9,Dozer Line,6.5,Timber,1,Held
CA-CZU-005205,CZU Lightning Complex,CA-CZU-005205_seg_00495,2020-08-20,test,17.9,193.3,5000.0,0.021,0.032,192.2,120.9,18.7,0.947,4962.7,Dozer Line,6.5,Timber,1,Held
CA-CZU-005205,CZU Lightning Complex,CA-CZU-005205_seg_00496,2020-08-20,test,17.4,412.9,1403.5,0.631,0.35,198.7,105.0,3.7,0.998,267.9,Road as Line,9.0,Timber,1,Held
CA-CZU-005205,CZU Lightning Complex,CA-CZU-005205_seg_00497,2020-08-20,test,14.9,352.2,182.2,0.753,0.158,246.7,94.7,62.0,0.469,-1172.3,Road as Line,9.0,Timber,1,Held
CA-CZU-005205,CZU Lightning Complex,CA-CZU-005205_seg_00498,2020-08-20,test,19.4,316.6,1634.2,0.191,0.178,212.7,8.6,65.9,0.409,1290.5,Completed Hand Line,2.0,Timber,1,Held
CA-CZU-005205,CZU Lightning Complex,CA-CZU-005205_seg_00499,2020-08-20,test,41.2,309.9,1807.8,0.46,0.264,216.0,105.3,20.7,0.936,979.5,Dozer Line,6.5,Timber,1,Held
CA-CZU-005205,CZU Lightning Complex,CA-CZU-005205_seg_00500,2020-08-20,test,11.2,320.8,1203.5,0.528,0.222,231.1,135.3,5.8,0.995,252.4,Dozer Line,6.5,Timber,1,Held
CA-CZU-005205,CZU Lightning Complex,CA-CZU-005205_seg_00501,2020-08-20,test,18.9,476.9,433.6,0.723,0.163,194.4,157.9,53.6,0.594,-868.0,Dozer Line,6.5,Timber,1,Held
CA-CZU-005205,CZU Lightning Complex,CA-CZU-005205_seg_00502,2020-08-20,test,42.6,331.8,4533.4,0.049,0.053,212.3,125.2,2.9,0.999,4444.9,Dozer Line,6.5,Timber,1,Held
CA-CZU-005205,CZU Lightning Complex,CA-CZU-005205_seg_00503,2020-08-20,test,25.6,467.5,1381.6,0.732,0.222,222.8,88.9,43.9,0.72,64.0,Dozer Line,6.5,Timber,0,Burned Over
CA-CZU-005205,CZU Lightning Complex,CA-CZU-005205_seg_00504,2020-08-20,test,28.6,439.0,1661.3,0.555,0.206,210.4,58.0,62.4,0.464,662.9,Dozer Line,6.5,Timber,1,Held
CA-CZU-005205,CZU Lightning Complex,CA-CZU-005205_seg_00505,2020-08-20,test,24.3,201.9,685.7,0.876,0.18,171.0,79.6,1.4,1.0,-890.3,Completed Hand Line,2.0,Timber,0,Burned Over
CA-CZU-005205,CZU Lightning Complex,CA-CZU-005205_seg_00506,2020-08-20,test,31.1,336.7,4766.6,0.059,0.052,204.2,125.8,11.6,0.98,4660.7,Dozer Line,6.5,Timber,1,Held
CA-CZU-005205,CZU Lightning Complex,CA-CZU-005205_seg_00507,2020-08-20,test,19.2,152.3,429.1,0.706,0.19,171.8,128.7,46.9,0.683,-842.5,Dozer Line,6.5,Timber,1,Held
CA-CZU-005205,CZU Lightning Complex,CA-CZU-005205_seg_00508,2020-08-20,test,23.7,108.7,272.2,0.71,0.306,210.3,46.3,74.0,0.275,-1005.4,Dozer Line,6.5,Timber,1,Held
CA-CZU-005205,CZU Lightning Complex,CA-CZU-005205_seg_00509,2020-08-20,test,21.7,128.3,2762.5,0.238,0.235,189.3,63.6,35.7,0.812,2334.9,Dozer Line,6.5,Timber,1,Held
CA-CZU-005205,CZU Lightning Complex,CA-CZU-005205_seg_00510,2020-08-20,test,26.1,475.1,1789.1,0.33,0.336,198.6,106.2,2.4,0.999,1194.7,Dozer Line,6.5,Timber,1,Held
CA-CZU-005205,CZU Lightning Complex,CA-CZU-005205_seg_00511,2020-08-20,test,33.8,456.5,854.2,0.793,0.175,206.5,151.2,34.7,0.822,-573.7,Road as Line,9.0,Timber,1,Held
CA-CZU-005205,CZU Lightning Complex,CA-CZU-005205_seg_00512,2020-08-20,test,22.1,375.5,1038.8,0.763,0.209,198.5,152.9,44.4,0.715,-334.0,Dozer Line,6.5,Timber,1,Held
CA-CZU-005205,CZU Lightning Complex,CA-CZU-005205_seg_00513,2020-08-20,test,22.3,260.0,2132.2,0.189,0.218,243.4,97.4,56.0,0.559,1792.7,Completed Hand Line,2.0,Timber,1,Held
CA-CZU-005205,CZU Lightning Complex,CA-CZU-005205_seg_00514,2020-08-20,test,26.5,273.4,1269.2,0.403,0.249,215.4,34.2,88.8,0.021,543.6,Dozer Line,6.5,Timber,1,Held
CA-CZU-005205,CZU Lightning Complex,CA-CZU-005205_seg_00515,2020-08-20,test,17.5,303.5,1661.0,0.358,0.285,214.8,40.3,84.5,0.096,1017.3,Dozer Line,6.5,Timber,1,Held
CA-CZU-005205,CZU Lightning Complex,CA-CZU-005205_seg_00516,2020-08-20,test,10.7,183.3,842.3,0.744,0.267,215.6,92.2,33.4,0.835,-496.4,Dozer Line,6.5,Timber,1,Held
CA-CZU-005205,CZU Lightning Complex,CA-CZU-005205_seg_00517,2020-08-20,test,9.8,335.9,1169.6,0.333,0.309,226.3,32.3,76.0,0.242,570.4,Road as Line,9.0,Timber,1,Held
CA-CZU-005205,CZU Lightning Complex,CA-CZU-005205_seg_00518,2020-08-20,test,29.6,431.9,3757.1,0.072,0.118,216.7,71.9,54.8,0.577,3628.0,Completed Hand Line,2.0,Timber,1,Held
CA-CZU-005205,CZU Lightning Complex,CA-CZU-005205_seg_00519,2020-08-20,test,24.8,152.1,3365.0,0.123,0.127,202.8,147.7,35.0,0.82,3144.3,Completed Hand Line,2.0,Timber,1,Held
CA-CZU-005205,CZU Lightning Complex,CA-CZU-005205_seg_00520,2020-08-20,test,15.8,260.7,596.0,0.309,0.248,206.4,28.8,87.5,0.043,39.2,Dozer Line,6.5,Timber,1,Held
CA-CZU-005205,CZU Lightning Complex,CA-CZU-005205_seg_00521,2020-08-20,test,37.7,275.4,1336.5,0.729,0.225,204.8,165.0,50.2,0.64,24.7,Road as Line,9.0,Timber,1,Held
CA-CZU-005205,CZU Lightning Complex,CA-CZU-005205_seg_00522,2020-08-20,test,43.5,480.7,501.3,0.877,0.151,270.3,35.7,35.4,0.815,-1077.0,Dozer Line,6.5,Timber,1,Held
CA-CZU-005205,CZU Lightning Complex,CA-CZU-005205_seg_00523,2020-08-20,test,17.8,270.9,1264.7,0.389,0.244,195.2,7.8,82.6,0.128,563.7,Road as Line,9.0,Timber,1,Held
CA-CZU-005205,CZU Lightning Complex,CA-CZU-005205_seg_00524,2020-08-20,test,30.8,562.9,933.3,0.706,0.372,183.5,36.3,57.2,0.541,-337.8,Road as Line,9.0,Timber,1,Held
CA-CZU-005205,CZU Lightning Complex,CA-CZU-005205_seg_00525,2020-08-20,test,12.6,323.9,244.5,0.828,0.204,239.1,169.9,20.8,0.935,-1246.5,Dozer Line,6.5,Timber,0,Burned Over
CA-CZU-005205,CZU Lightning Complex,CA-CZU-005205_seg_00526,2020-08-20,test,32.6,359.2,1050.5,0.552,0.26,187.0,32.3,64.7,0.427,56.3,Dozer Line,6.5,Timber,1,Held
CA-CZU-005205,CZU Lightning Complex,CA-CZU-005205_seg_00527,2020-08-20,test,11.4,412.2,1411.9,0.163,0.129,210.5,19.4,78.9,0.192,1118.3,Dozer Line,6.5,Timber,1,Held
CA-CZU-005205,CZU Lightning Complex,CA-CZU-005205_seg_00528,2020-08-20,test,43.0,426.6,417.8,0.853,0.182,191.6,8.2,86.7,0.058,-1117.9,Completed Hand Line,2.0,Timber,0,Burned Over
CA-CZU-005205,CZU Lightning Complex,CA-CZU-005205_seg_00529,2020-08-20,test,27.0,261.1,1952.3,0.54,0.319,222.2,0.1,47.9,0.671,980.3,Completed Hand Line,2.0,Timber,0,Burned Over
CA-CZU-005205,CZU Lightning Complex,CA-CZU-005205_seg_00530,2020-08-20,test,26.3,343.4,2497.6,0.392,0.207,227.6,39.6,82.0,0.14,1792.6,Dozer Line,6.5,Timber,1,Held
CA-CZU-005205,CZU Lightning Complex,CA-CZU-005205_seg_00531,2020-08-20,test,23.5,618.0,834.2,0.701,0.259,214.5,16.8,72.3,0.305,-426.8,Road as Line,9.0,Timber,1,Held
CA-CZU-005205,CZU Lightning Complex,CA-CZU-005205_seg_00532,2020-08-20,test,6.3,410.2,1592.6,0.143,0.165,198.1,28.1,79.9,0.175,1334.8,Dozer Line,6.5,Timber,1,Held
CA-CZU-005205,CZU Lightning Complex,CA-CZU-005205_seg_00533,2020-08-20,test,9.0,283.1,224.5,0.802,0.272,198.2,85.3,22.9,0.921,-1219.1,Dozer Line,6.5,Timber,1,Held
CA-CZU-005205,CZU Lightning Complex,CA-CZU-005205_seg_00534,2020-08-20,test,29.0,497.0,1702.2,0.586,0.232,239.9,4.6,34.7,0.822,647.5,Dozer Line,6.5,Timber,1,Held
CA-CZU-005205,CZU Lightning Complex,CA-CZU-005205_seg_00535,2020-08-20,test,16.7,453.0,3193.3,0.081,0.078,220.4,108.1,22.3,0.925,3048.3,Completed Hand Line,2.0,Timber,1,Held
CA-CZU-005205,CZU Lightning Complex,CA-CZU-005205_seg_00536,2020-08-20,test,29.2,299.6,574.0,0.775,0.189,243.9,24.1,50.3,0.639,-821.0,Dozer Line,6.5,Timber,1,Held
CA-CZU-005205,CZU Lightning Complex,CA-CZU-005205_seg_00537,2020-08-20,test,11.9,555.4,1977.0,0.372,0.377,193.7,95.7,8.0,0.99,1306.6,Completed Hand Line,2.0,Timber,1,Held
CA-CZU-005205,CZU Lightning Complex,CA-CZU-005205_seg_00538,2020-08-20,test,38.6,415.4,740.2,0.886,0.115,177.5,86.2,1.4,1.0,-854.2,Completed Hand Line,2.0,Timber,0,Burned Over
CA-CZU-005205,CZU Lightning Complex,CA-CZU-005205_seg_00539,2020-08-20,test,10.7,61.9,4373.1,0.038,0.052,210.4,136.1,15.6,0.963,4304.4,Dozer Line,6.5,Timber,1,Held
CA-CZU-005205,CZU Lightning Complex,CA-CZU-005205_seg_00540,2020-08-20,test,21.6,462.1,1186.4,0.419,0.41,193.4,8.8,85.4,0.079,432.0,Road as Line,9.0,Timber,1,Held
CA-CZU-005205,CZU Lightning Complex,CA-CZU-005205_seg_00541,2020-08-20,test,17.5,355.9,1899.0,0.395,0.417,211.8,119.1,2.7,0.999,1188.2,Road as Line,9.0,Timber,1,Held
CA-CZU-005205,CZU Lightning Complex,CA-CZU-005205_seg_00542,2020-08-20,test,19.7,438.9,531.9,0.825,0.246,211.6,80.3,41.2,0.752,-953.2,Dozer Line,6.5,Timber,0,Burned Over
CA-CZU-005205,CZU Lightning Complex,CA-CZU-005205_seg_00543,2020-08-20,test,16.5,457.7,468.9,0.679,0.233,193.2,124.1,20.9,0.934,-752.4,Dozer Line,6.5,Timber,0,Burned Over
CA-CZU-005205,CZU Lightning Complex,CA-CZU-005205_seg_00544,2020-08-20,test,5.8,223.1,609.1,0.655,0.362,205.1,43.2,71.9,0.311,-570.6,Dozer Line,6.5,Timber,0,Burned Over
CA-CZU-005205,CZU Lightning Complex,CA-CZU-005205_seg_00545,2020-08-20,test,44.9,362.5,580.7,0.905,0.13,188.3,137.6,39.3,0.773,-1047.7,Completed Hand Line,2.0,Timber,0,Burned Over
CA-CZU-005205,CZU Lightning Complex,CA-CZU-005205_seg_00546,2020-08-20,test,21.7,351.6,764.1,0.64,0.401,239.3,128.2,21.1,0.933,-387.5,Dozer Line,6.5,Timber,1,Held
CA-CZU-005205,CZU Lightning Complex,CA-CZU-005205_seg_00547,2020-08-20,test,25.0,313.6,880.8,0.778,0.153,162.5,80.2,7.7,0.991,-518.9,Completed Hand Line,2.0,Timber,0,Burned Over
CA-CZU-005205,CZU Lightning Complex,CA-CZU-005205_seg_00548,2020-08-20,test,37.7,507.0,3383.1,0.058,0.072,218.2,38.1,89.9,0.002,3279.1,Road as Line,9.0,Timber,1,Held
CA-CZU-005205,CZU Lightning Complex,CA-CZU-005205_seg_00549,2020-08-20,test,18.6,317.7,1558.7,0.449,0.412,225.6,13.6,58.0,0.53,751.0,Road as Line,9.0,Timber,1,Held
CA-CZU-005205,CZU Lightning Complex,CA-CZU-005205_seg_00550,2020-08-20,test,15.1,315.5,1037.6,0.496,0.32,181.3,130.4,39.1,0.776,144.1,Completed Hand Line,2.0,Timber,1,Held
CA-CZU-005205,CZU Lightning Complex,CA-CZU-005205_seg_00551,2020-08-20,test,23.9,291.8,4513.8,0.028,0.035,202.9,83.6,29.3,0.872,4464.3,Road as Line,9.0,Timber,1,Held
CA-CZU-005205,CZU Lightning Complex,CA-CZU-005205_seg_00552,2020-08-20,test,34.8,50.0,747.9,0.867,0.152,183.3,82.1,11.2,0.981,-812.3,Road as Line,9.0,Timber,0,Burned Over
CA-CZU-005205,CZU Lightning Complex,CA-CZU-005205_seg_00553,2020-08-20,test,26.6,250.4,3914.9,0.042,0.035,237.0,31.1,64.1,0.437,3838.8,Completed Hand Line,2.0,Timber,1,Held
CA-CZU-005205,CZU Lightning Complex,CA-CZU-005205_seg_00554,2020-08-20,test,16.9,385.3,497.0,0.917,0.097,202.0,79.5,32.5,0.843,-1153.3,Completed Hand Line,2.0,Timber,0,Burned Over
CA-CZU-005205,CZU Lightning Complex,CA-CZU-005205_seg_00555,2020-08-20,test,31.2,311.0,2488.1,0.287,0.333,234.2,178.5,34.3,0.826,1971.5,Dozer Line,6.5,Timber,1,Held
CA-CZU-005205,CZU Lightning Complex,CA-CZU-005205_seg_00556,2020-08-20,test,21.8,530.2,881.0,0.278,0.282,178.9,4.7,84.2,0.1,381.4,Completed Hand Line,2.0,Timber,1,Held
CA-CZU-005205,CZU Lightning Complex,CA-CZU-005205_seg_00557,2020-08-20,test,6.4,553.9,485.3,0.6,0.263,216.7,53.6,73.1,0.291,-594.3,Dozer Line,6.5,Timber,1,Held
CA-CZU-005205,CZU Lightning Complex,CA-CZU-005205_seg_00558,2020-08-20,test,22.2,481.8,1756.1,0.432,0.376,208.0,125.0,7.0,0.993,978.4,Dozer Line,6.5,Timber,0,Burned Over
CA-CZU-005205,CZU Lightning Complex,CA-CZU-005205_seg_00559,2020-08-20,test,13.6,330.9,1236.9,0.659,0.316,203.0,138.5,25.5,0.903,50.8,Completed Hand Line,2.0,Timber,0,Burned Over
CA-CZU-005205,CZU Lightning Complex,CA-CZU-005205_seg_00560,2020-08-20,test,25.3,279.8,934.9,0.799,0.245,194.2,126.5,22.3,0.925,-503.3,Dozer Line,6.5,Timber,1,Held
CA-CZU-005205,CZU Lightning Complex,CA-CZU-005205_seg_00561,2020-08-20,test,13.3,582.8,589.4,0.771,0.175,176.1,39.0,47.2,0.68,-798.5,Dozer Line,6.5,Timber,1,Held
CA-CZU-005205,CZU Lightning Complex,CA-CZU-005205_seg_00562,2020-08-20,test,1.0,224.3,983.1,0.403,0.393,212.6,41.5,81.1,0.154,256.9,Completed Hand Line,2.0,Timber,1,Held
CA-CZU-005205,CZU Lightning Complex,CA-CZU-005205_seg_00563,2020-08-20,test,14.2,128.8,770.6,0.612,0.376,242.0,5.5,33.4,0.835,-331.5,Completed Hand Line,2.0,Timber,0,Burned Over
CA-CZU-005205,CZU Lightning Complex,CA-CZU-005205_seg_00564,2020-08-20,test,16.8,289.1,177.9,0.92,0.081,249.6,127.7,31.8,0.85,-1477.8,Road as Line,9.0,Timber,0,Burned Over
CA-CZU-005205,CZU Lightning Complex,CA-CZU-005205_seg_00565,2020-08-20,test,34.0,602.7,515.6,0.833,0.199,217.9,47.9,80.0,0.174,-984.6,Dozer Line,6.5,Timber,1,Held
CA-CZU-005205,CZU Lightning Complex,CA-CZU-005205_seg_00566,2020-08-20,test,21.9,419.7,428.4,0.826,0.129,169.5,104.2,24.7,0.909,-1057.8,Completed Hand Line,2.0,Timber,0,Burned Over
CA-CZU-005205,CZU Lightning Complex,CA-CZU-005205_seg_00567,2020-08-20,test,17.5,240.9,2212.1,0.225,0.147,178.8,105.8,17.0,0.956,1806.7,Dozer Line,6.5,Timber,1,Held
CA-CZU-005205,CZU Lightning Complex,CA-CZU-005205_seg_00568,2020-08-20,test,1.0,452.6,3530.8,0.047,0.056,189.0,111.9,12.9,0.975,3445.5,Completed Hand Line,2.0,Timber,1,Held
CA-CZU-005205,CZU Lightning Complex,CA-CZU-005205_seg_00569,2020-08-20,test,25.7,351.7,595.9,0.612,0.395,214.9,42.7,82.1,0.137,-506.1,Dozer Line,6.5,Timber,1,Held
CA-CZU-005205,CZU Lightning Complex,CA-CZU-005205_seg_00570,2020-08-20,test,24.9,357.3,1907.3,0.61,0.255,239.7,144.7,5.0,0.996,808.6,Completed Hand Line,2.0,Timber,0,Burned Over
CA-CZU-005205,CZU Lightning Complex,CA-CZU-005205_seg_00571,2020-08-20,test,24.3,287.6,2718.2,0.373,0.249,252.6,18.4,35.8,0.811,2047.7,Dozer Line,6.5,Timber,1,Held
CA-CZU-005205,CZU Lightning Complex,CA-CZU-005205_seg_00572,2020-08-20,test,14.8,248.6,920.9,0.609,0.281,209.1,136.5,17.4,0.954,-174.9,Completed Hand Line,2.0,Timber,0,Burned Over
CA-CZU-005205,CZU Lightning Complex,CA-CZU-005205_seg_00573,2020-08-20,test,29.8,647.6,565.7,0.767,0.313,189.3,42.3,57.0,0.545,-815.7,Road as Line,9.0,Timber,1,Held
CA-CZU-005205,CZU Lightning Complex,CA-CZU-005205_seg_00574,2020-08-20,test,33.6,256.0,423.8,0.926,0.123,175.5,97.6,12.0,0.978,-1242.7,Completed Hand Line,2.0,Timber,0,Burned Over
CA-CZU-005205,CZU Lightning Complex,CA-CZU-005205_seg_00575,2020-08-20,test,23.4,313.8,2841.4,0.093,0.129,216.3,14.8,68.5,0.366,2674.9,Dozer Line,6.5,Timber,1,Held
CA-CZU-005205,CZU Lightning Complex,CA-CZU-005205_seg_00576,2020-08-20,test,37.5,319.6,1427.8,0.608,0.221,228.4,176.9,38.5,0.782,334.0,Dozer Line,6.5,Timber,1,Held
CA-CZU-005205,CZU Lightning Complex,CA-CZU-005205_seg_00577,2020-08-20,test,28.4,448.9,1345.4,0.386,0.242,214.8,36.3,88.5,0.026,649.8,Completed Hand Line,2.0,Timber,1,Held
CA-CZU-005205,CZU Lightning Complex,CA-CZU-005205_seg_00578,2020-08-20,test,31.6,436.1,1136.8,0.5,0.442,208.7,178.0,59.2,0.512,236.6,Completed Hand Line,2.0,Timber,0,Burned Over
CA-CZU-005205,CZU Lightning Complex,CA-CZU-005205_seg_00579,2020-08-20,test,36.8,321.3,786.8,0.618,0.265,180.5,7.8,82.7,0.126,-325.9,Completed Hand Line,2.0,Timber,1,Held
CA-CZU-005205,CZU Lightning Complex,CA-CZU-005205_seg_00580,2020-08-20,test,18.1,370.7,2374.8,0.079,0.091,232.2,50.9,88.7,0.023,2232.7,Completed Hand Line,2.0,Timber,1,Held
CA-CZU-005205,CZU Lightning Complex,CA-CZU-005205_seg_00581,2020-08-20,test,30.9,555.1,416.3,0.706,0.273,210.9,36.9,84.0,0.104,-854.3,Completed Hand Line,2.0,Timber,1,Held
CA-CZU-005205,CZU Lightning Complex,CA-CZU-005205_seg_00582,2020-08-20,test,12.4,399.7,1325.3,0.435,0.214,201.7,123.7,12.0,0.978,542.7,Road as Line,9.0,Timber,1,Held
CA-CZU-005205,CZU Lightning Complex,CA-CZU-005205_seg_00583,2020-08-20,test,16.1,460.6,202.5,0.741,0.204,205.6,157.6,41.9,0.744,-1131.1,Road as Line,9.0,Timber,1,Held
CA-CZU-005205,CZU Lightning Complex,CA-CZU-005205_seg_00584,2020-08-20,test,13.0,303.6,624.4,0.616,0.339,231.2,177.7,36.5,0.804,-483.8,Road as Line,9.0,Timber,1,Held
CA-CZU-005205,CZU Lightning Complex,CA-CZU-005205_seg_00585,2020-08-20,test,12.6,453.6,178.8,0.675,0.194,197.0,34.5,72.5,0.301,-1036.4,Dozer Line,6.5,Timber,1,Held
CA-CZU-005205,CZU Lightning Complex,CA-CZU-005205_seg_00586,2020-08-20,test,31.7,210.8,675.8,0.668,0.293,202.1,55.1,57.1,0.544,-526.0,Completed Hand Line,2.0,Timber,1,Held
CA-CZU-005205,CZU Lightning Complex,CA-CZU-005205_seg_00587,2020-08-20,test,21.5,601.5,1423.0,0.43,0.21,213.0,62.8,60.2,0.497,649.0,Dozer Line,6.5,Timber,1,Held
CA-CZU-005205,CZU Lightning Complex,CA-CZU-005205_seg_00588,2020-08-20,test,20.2,366.1,152.8,0.844,0.152,233.6,158.2,14.6,0.968,-1366.8,Road as Line,9.0,Timber,1,Held
CA-CZU-005205,CZU Lightning Complex,CA-CZU-005205_seg_00589,2020-08-20,test,22.8,453.7,496.6,0.585,0.37,212.3,34.6,87.7,0.04,-556.0,Dozer Line,6.5,Timber,1,Held
CA-CZU-005205,CZU Lightning Complex,CA-CZU-005205_seg_00590,2020-08-20,test,13.7,542.1,618.4,0.684,0.231,204.8,69.3,45.5,0.701,-611.9,Completed Hand Line,2.0,Timber,0,Burned Over
CA-CZU-005205,CZU Lightning Complex,CA-CZU-005205_seg_00591,2020-08-20,test,8.8,299.4,857.5,0.58,0.344,245.4,101.5,53.9,0.59,-187.1,Road as Line,9.0,Timber,1,Held
CA-CZU-005205,CZU Lightning Complex,CA-CZU-005205_seg_00592,2020-08-20,test,35.7,374.1,290.8,0.823,0.258,222.9,77.6,55.2,0.57,-1190.5,Dozer Line,6.5,Timber,0,Burned Over
CA-CZU-005205,CZU Lightning Complex,CA-CZU-005205_seg_00593,2020-08-20,test,29.1,273.4,3365.7,0.156,0.122,203.2,136.3,23.1,0.92,3084.5,Completed Hand Line,2.0,Timber,1,Held
CA-CZU-005205,CZU Lightning Complex,CA-CZU-005205_seg_00594,2020-08-20,test,28.1,361.9,1366.4,0.665,0.336,217.3,126.5,0.8,1.0,169.4,Dozer Line,6.5,Timber,1,Held
CA-CZU-005205,CZU Lightning Complex,CA-CZU-005205_seg_00595,2020-08-20,test,29.2,128.9,701.9,0.579,0.416,238.9,60.7,88.2,0.031,-339.8,Dozer Line,6.5,Timber,1,Held
CA-CZU-005205,CZU Lightning Complex,CA-CZU-005205_seg_00596,2020-08-20,test,23.4,471.0,275.7,0.877,0.182,210.9,90.9,30.0,0.866,-1303.4,Dozer Line,6.5,Timber,0,Burned Over
CA-CZU-005205,CZU Lightning Complex,CA-CZU-005205_seg_00597,2020-08-20,test,37.5,363.5,4931.8,0.025,0.038,144.0,10.0,44.0,0.719,4886.5,Completed Hand Line,2.0,Timber,1,Held
CA-CZU-005205,CZU Lightning Complex,CA-CZU-005205_seg_00598,2020-08-20,test,34.2,250.1,1718.6,0.652,0.197,206.9,162.6,45.7,0.698,544.8,Road as Line,9.0,Timber,1,Held
CA-CZU-005205,CZU Lightning Complex,CA-CZU-005205_seg_00599,2020-08-20,test,26.1,297.1,986.4,0.689,0.37,216.5,4.7,58.2,0.527,-253.5,Completed Hand Line,2.0,Timber,0,Burned Over
CA-CZU-005205,CZU Lightning Complex,CA-CZU-005205_seg_00600,2020-08-20,test,36.0,688.8,890.7,0.591,0.396,226.2,63.0,73.3,0.288,-173.5,Completed Hand Line,2.0,Timber,1,Held
CA-CZU-005205,CZU Lightning Complex,CA-CZU-005205_seg_00601,2020-08-20,test,19.7,202.2,2023.1,0.481,0.261,220.4,129.3,1.1,1.0,1156.6,Dozer Line,6.5,Timber,1,Held
CA-CZU-005205,CZU Lightning Complex,CA-CZU-005205_seg_00602,2020-08-20,test,30.2,462.8,1042.0,0.469,0.34,236.6,47.6,81.0,0.157,197.0,Dozer Line,6.5,Timber,1,Held
CA-CZU-005205,CZU Lightning Complex,CA-CZU-005205_seg_00603,2020-08-20,test,14.4,231.0,377.0,0.785,0.244,206.3,82.6,33.7,0.832,-1036.0,Road as Line,9.0,Timber,1,Held
CA-CZU-005205,CZU Lightning Complex,CA-CZU-005205_seg_00604,2020-08-20,test,34.0,296.7,5000.0,0.041,0.069,210.6,135.6,15.0,0.966,4926.1,Completed Hand Line,2.0,Timber,1,Held
CA-CZU-005205,CZU Lightning Complex,CA-CZU-005205_seg_00605,2020-08-20,test,25.3,425.9,2425.4,0.153,0.118,210.7,24.9,84.3,0.1,2149.6,Dozer Line,6.5,Timber,1,Held
CA-CZU-005205,CZU Lightning Complex,CA-CZU-005205_seg_00606,2020-08-20,test,31.5,425.3,930.4,0.669,0.391,196.8,83.7,23.1,0.92,-274.3,Dozer Line,6.5,Timber,0,Burned Over
CA-CZU-005205,CZU Lightning Complex,CA-CZU-005205_seg_00607,2020-08-20,test,3.0,359.6,178.6,0.513,0.385,198.7,173.8,65.1,0.421,-745.0,Road as Line,9.0,Timber,1,Held
CA-CZU-005205,CZU Lightning Complex,CA-CZU-005205_seg_00608,2020-08-20,test,26.2,197.3,3458.7,0.054,0.076,203.8,173.9,60.1,0.498,3360.7,Dozer Line,6.5,Timber,1,Held
CA-CZU-005205,CZU Lightning Complex,CA-CZU-005205_seg_00609,2020-08-20,test,25.7,385.9,834.0,0.829,0.177,203.1,80.6,32.5,0.844,-658.9,Road as Line,9.0,Timber,1,Held
CA-CZU-005205,CZU Lightning Complex,CA-CZU-005205_seg_00610,2020-08-20,test,19.3,227.3,852.0,0.629,0.253,233.4,170.2,26.8,0.893,-279.7,Dozer Line,6.5,Timber,0,Burned Over
CA-CZU-005205,CZU Lightning Complex,CA-CZU-005205_seg_00611,2020-08-20,test,20.1,331.5,336.6,0.608,0.385,230.9,17.1,56.2,0.556,-757.0,Completed Hand Line,2.0,Timber,1,Held
CA-CZU-005205,CZU Lightning Complex,CA-CZU-005205_seg_00612,2020-08-20,test,21.4,509.4,453.4,0.688,0.217,184.0,102.6,8.6,0.989,-785.4,Road as Line,9.0,Timber,1,Held
CA-CZU-005205,CZU Lightning Complex,CA-CZU-005205_seg_00613,2020-08-20,test,37.7,607.0,827.5,0.747,0.318,176.9,171.0,84.1,0.103,-516.8,Road as Line,9.0,Timber,0,Burned Over
CA-CZU-005205,CZU Lightning Complex,CA-CZU-005205_seg_00614,2020-08-20,test,30.0,241.7,292.5,0.781,0.236,246.3,87.8,68.5,0.367,-1112.9,Completed Hand Line,2.0,Timber,0,Burned Over
CA-CZU-005205,CZU Lightning Complex,CA-CZU-005205_seg_00615,2020-08-20,test,24.8,78.0,1199.3,0.464,0.279,230.0,23.1,63.1,0.452,364.9,Dozer Line,6.5,Timber,1,Held
CA-CZU-005205,CZU Lightning Complex,CA-CZU-005205_seg_00616,2020-08-20,test,31.7,429.3,2599.0,0.123,0.172,207.2,37.8,79.4,0.184,2377.6,Road as Line,9.0,Timber,1,Held
CA-CZU-005205,CZU Lightning Complex,CA-CZU-005205_seg_00617,2020-08-20,test,4.5,364.2,2158.4,0.244,0.212,185.4,80.3,15.1,0.965,1718.8,Dozer Line,6.5,Timber,1,Held
CA-CZU-005205,CZU Lightning Complex,CA-CZU-005205_seg_00618,2020-08-20,test,10.8,311.9,4572.1,0.008,0.011,223.8,12.1,58.4,0.525,4557.9,Dozer Line,6.5,Timber,1,Held
CA-CZU-005205,CZU Lightning Complex,CA-CZU-005205_seg_00619,2020-08-20,test,8.7,490.0,373.6,0.796,0.229,204.9,108.4,6.5,0.994,-1059.3,Dozer Line,6.5,Timber,0,Burned Over
CA-CZU-005205,CZU Lightning Complex,CA-CZU-005205_seg_00620,2020-08-20,test,36.1,340.3,5000.0,0.027,0.035,200.2,71.5,38.7,0.78,4950.6,Dozer Line,6.5,Timber,1,Held
CA-CZU-005205,CZU Lightning Complex,CA-CZU-005205_seg_00621,2020-08-20,test,9.9,338.4,857.4,0.584,0.431,205.1,53.3,61.8,0.473,-193.8,Road as Line,9.0,Timber,1,Held
CA-CZU-005205,CZU Lightning Complex,CA-CZU-005205_seg_00622,2020-08-20,test,14.7,550.5,1356.2,0.347,0.363,229.3,43.6,84.3,0.099,731.8,Road as Line,9.0,Timber,1,Held
CA-CZU-005205,CZU Lightning Complex,CA-CZU-005205_seg_00623,2020-08-20,test,20.0,423.5,639.8,0.541,0.286,181.7,38.5,53.3,0.598,-333.4,Road as Line,9.0,Timber,1,Held
CA-CZU-005205,CZU Lightning Complex,CA-CZU-005205_seg_00624,2020-08-20,test,26.1,532.7,225.6,0.834,0.226,232.5,141.1,1.4,1.0,-1276.1,Road as Line,9.0,Timber,0,Burned Over
CA-CZU-005205,CZU Lightning Complex,CA-CZU-005205_seg_00625,2020-08-20,test,24.3,407.5,281.6,0.811,0.195,218.4,87.3,41.2,0.753,-1178.3,Completed Hand Line,2.0,Timber,0,Burned Over
CA-CZU-005205,CZU Lightning Complex,CA-CZU-005205_seg_00626,2020-08-20,test,36.8,459.8,862.6,0.755,0.215,214.6,64.3,60.2,0.496,-497.0,Completed Hand Line,2.0,Timber,0,Burned Over
CA-CZU-005205,CZU Lightning Complex,CA-CZU-005205_seg_00627,2020-08-20,test,20.2,419.1,1358.3,0.633,0.4,199.2,84.4,24.8,0.908,218.4,Dozer Line,6.5,Timber,0,Burned Over
CA-CZU-005205,CZU Lightning Complex,CA-CZU-005205_seg_00628,2020-08-20,test,17.0,379.3,994.5,0.507,0.246,217.6,55.4,72.2,0.305,82.2,Dozer Line,6.5,Timber,1,Held
CA-CZU-005205,CZU Lightning Complex,CA-CZU-005205_seg_00629,2020-08-20,test,18.2,497.9,715.9,0.708,0.337,214.0,82.4,41.6,0.748,-558.9,Road as Line,9.0,Timber,1,Held
CA-CZU-005205,CZU Lightning Complex,CA-CZU-005205_seg_00630,2020-08-20,test,30.8,209.0,466.6,0.841,0.184,212.5,81.3,41.3,0.752,-1047.1,Completed Hand Line,2.0,Timber,0,Burned Over
CA-CZU-005205,CZU Lightning Complex,CA-CZU-005205_seg_00631,2020-08-20,test,37.4,257.3,410.5,0.893,0.076,218.3,178.2,49.9,0.644,-1197.4,Road as Line,9.0,Timber,1,Held
CA-CZU-005205,CZU Lightning Complex,CA-CZU-005205_seg_00632,2020-08-20,test,33.1,229.6,1903.5,0.653,0.239,197.2,121.1,14.0,0.97,728.1,Road as Line,9.0,Timber,1,Held
CA-CZU-005205,CZU Lightning Complex,CA-CZU-005205_seg_00633,2020-08-20,test,20.2,284.0,1779.0,0.176,0.214,221.1,18.6,67.5,0.382,1462.5,Dozer Line,6.5,Timber,1,Held
CA-CZU-005205,CZU Lightning Complex,CA-CZU-005205_seg_00634,2020-08-20,test,15.6,377.6,787.1,0.669,0.362,210.4,170.6,50.2,0.641,-417.6,Dozer Line,6.5,Timber,1,Held
CA-CZU-005205,CZU Lightning Complex,CA-CZU-005205_seg_00635,2020-08-20,test,30.9,476.4,386.4,0.871,0.149,205.8,106.2,9.6,0.986,-1181.4,Dozer Line,6.5,Timber,1,Held
CA-CZU-005205,CZU Lightning Complex,CA-CZU-005205_seg_00636,2020-08-20,test,16.4,412.1,190.0,0.508,0.254,230.0,32.1,72.1,0.308,-725.1,Completed Hand Line,2.0,Timber,1,Held
CA-CZU-005205,CZU Lightning Complex,CA-CZU-005205_seg_00637,2020-08-20,test,28.8,418.2,1304.5,0.415,0.416,248.4,84.0,74.4,0.269,556.6,Road as Line,9.0,Timber,1,Held
CA-CZU-005205,CZU Lightning Complex,CA-CZU-005205_seg_00638,2020-08-20,test,36.0,333.3,252.7,0.657,0.336,218.6,71.6,57.0,0.544,-929.4,Road as Line,9.0,Timber,1,Held
CA-CZU-005205,CZU Lightning Complex,CA-CZU-005205_seg_00639,2020-08-20,test,35.5,417.7,220.9,0.942,0.046,238.8,157.6,8.7,0.988,-1474.1,Dozer Line,6.5,Timber,0,Burned Over
CA-CZU-005205,CZU Lightning Complex,CA-CZU-005205_seg_00640,2020-08-20,test,19.8,541.8,4174.7,0.032,0.035,223.4,65.5,67.9,0.377,4116.8,Dozer Line,6.5,Timber,1,Held
CA-CZU-005205,CZU Lightning Complex,CA-CZU-005205_seg_00641,2020-08-20,test,28.5,296.6,542.0,0.592,0.254,201.6,33.7,77.9,0.21,-524.4,Dozer Line,6.5,Timber,0,Burned Over
CA-CZU-005205,CZU Lightning Complex,CA-CZU-005205_seg_00642,2020-08-20,test,13.9,346.4,1783.1,0.409,0.306,202.2,71.3,40.9,0.756,1047.7,Dozer Line,6.5,Timber,1,Held
CA-CZU-005205,CZU Lightning Complex,CA-CZU-005205_seg_00643,2020-08-20,test,25.7,446.7,1481.6,0.634,0.378,227.4,159.1,21.6,0.929,339.5,Completed Hand Line,2.0,Timber,0,Burned Over
CA-CZU-005205,CZU Lightning Complex,CA-CZU-005205_seg_00644,2020-08-20,test,26.5,451.3,818.8,0.663,0.261,211.4,109.9,11.5,0.98,-374.1,Dozer Line,6.5,Timber,1,Held
CA-CZU-005205,CZU Lightning Complex,CA-CZU-005205_seg_00645,2020-08-20,test,17.6,406.7,190.4,0.789,0.287,194.7,83.7,21.0,0.933,-1229.3,Dozer Line,6.5,Timber,1,Held
CA-CZU-005205,CZU Lightning Complex,CA-CZU-005205_seg_00646,2020-08-20,test,5.4,427.1,869.8,0.448,0.296,222.9,42.8,89.9,0.003,62.7,Dozer Line,6.5,Timber,1,Held
CA-CZU-005205,CZU Lightning Complex,CA-CZU-005205_seg_00647,2020-08-20,test,29.0,286.7,2799.6,0.242,0.256,215.9,136.8,10.9,0.982,2364.0,Completed Hand Line,2.0,Timber,1,Held
CA-CZU-005205,CZU Lightning Complex,CA-CZU-005205_seg_00648,2020-08-20,test,43.8,405.6,946.8,0.869,0.184,218.9,121.2,7.7,0.991,-617.1,Road as Line,9.0,Timber,1,Held
CA-CZU-005205,CZU Lightning Complex,CA-CZU-005205_seg_00649,2020-08-20,test,9.3,329.2,4263.2,0.017,0.029,233.9,32.1,68.3,0.37,4232.3,Completed Hand Line,2.0,Timber,1,Held
CA-CZU-005205,CZU Lightning Complex,CA-CZU-005205_seg_00650,2020-08-20,test,31.2,461.3,238.0,0.916,0.099,176.9,98.3,11.5,0.98,-1410.4,Completed Hand Line,2.0,Timber,0,Burned Over
CA-CZU-005205,CZU Lightning Complex,CA-CZU-005205_seg_00651,2020-08-20,test,18.6,344.4,2533.8,0.164,0.232,244.6,120.6,34.0,0.829,2239.2,Road as Line,9.0,Timber,1,Held
CA-CZU-005205,CZU Lightning Complex,CA-CZU-005205_seg_00652,2020-08-20,test,28.8,229.7,471.3,0.837,0.137,206.7,100.7,16.0,0.961,-1034.7,Completed Hand Line,2.0,Timber,0,Burned Over
CA-CZU-005205,CZU Lightning Complex,CA-CZU-005205_seg_00653,2020-08-20,test,32.9,224.9,1357.8,0.636,0.306,218.2,63.3,64.9,0.425,213.1,Dozer Line,6.5,Timber,1,Held
CA-CZU-005205,CZU Lightning Complex,CA-CZU-005205_seg_00654,2020-08-20,test,25.8,564.9,477.1,0.759,0.173,222.7,75.1,57.6,0.536,-888.3,Completed Hand Line,2.0,Timber,1,Held
CA-CZU-005205,CZU Lightning Complex,CA-CZU-005205_seg_00655,2020-08-20,test,33.9,163.8,2633.1,0.199,0.165,191.2,50.6,50.6,0.635,2274.2,Dozer Line,6.5,Timber,1,Held
CA-CZU-005205,CZU Lightning Complex,CA-CZU-005205_seg_00656,2020-08-20,test,17.6,339.7,866.5,0.747,0.194,226.7,85.0,51.7,0.62,-477.8,Dozer Line,6.5,Timber,1,Held
CA-CZU-005205,CZU Lightning Complex,CA-CZU-005205_seg_00657,2020-08-20,test,12.3,352.8,1164.4,0.502,0.304,208.5,50.1,68.4,0.368,261.5,Completed Hand Line,2.0,Timber,1,Held
CA-CZU-005205,CZU Lightning Complex,CA-CZU-005205_seg_00658,2020-08-20,test,1.0,402.6,2618.3,0.118,0.116,199.0,131.6,22.6,0.923,2405.4,Road as Line,9.0,Timber,1,Held
CA-CZU-005205,CZU Lightning Complex,CA-CZU-005205_seg_00659,2020-08-20,test,39.9,754.5,1285.2,0.856,0.15,244.7,149.2,5.5,0.995,-256.5,Dozer Line,6.5,Timber,0,Burned Over
CA-CZU-005205,CZU Lightning Complex,CA-CZU-005205_seg_00660,2020-08-20,test,23.4,146.7,1138.7,0.68,0.219,213.7,108.0,15.7,0.963,-85.0,Dozer Line,6.5,Timber,1,Held
CA-CZU-005205,CZU Lightning Complex,CA-CZU-005205_seg_00661,2020-08-20,test,32.4,366.1,396.5,0.88,0.126,200.2,149.2,39.1,0.777,-1187.5,Dozer Line,6.5,Timber,0,Burned Over
CA-CZU-005205,CZU Lightning Complex,CA-CZU-005205_seg_00662,2020-08-20,test,17.9,356.0,279.0,0.82,0.14,202.6,161.2,48.6,0.661,-1196.9,Dozer Line,6.5,Timber,1,Held
CA-CZU-005205,CZU Lightning Complex,CA-CZU-005205_seg_00663,2020-08-20,test,15.8,166.3,3382.0,0.054,0.045,192.3,33.5,68.8,0.361,3284.4,Road as Line,9.0,Timber,1,Held
CA-CZU-005205,CZU Lightning Complex,CA-CZU-005205_seg_00664,2020-08-20,test,20.3,390.1,761.0,0.55,0.345,212.6,0.8,58.1,0.528,-229.3,Dozer Line,6.5,Timber,1,Held
CA-CZU-005205,CZU Lightning Complex,CA-CZU-005205_seg_00665,2020-08-20,test,32.3,151.3,1745.7,0.481,0.41,197.9,0.8,72.9,0.294,879.4,Road as Line,9.0,Timber,1,Held
CA-CZU-005205,CZU Lightning Complex,CA-CZU-005205_seg_00666,2020-08-20,test,17.7,513.2,267.8,0.879,0.1,247.9,175.7,17.8,0.952,-1314.1,Dozer Line,6.5,Timber,0,Burned Over
CA-CZU-005205,CZU Lightning Complex,CA-CZU-005205_seg_00667,2020-08-20,test,34.7,541.8,4501.2,0.075,0.059,200.9,96.7,14.1,0.97,4366.7,Dozer Line,6.5,Timber,1,Held
CA-CZU-005205,CZU Lightning Complex,CA-CZU-005205_seg_00668,2020-08-20,test,13.8,294.5,2010.1,0.27,0.303,231.7,179.4,37.7,0.791,1524.3,Dozer Line,6.5,Timber,1,Held
CA-CZU-005205,CZU Lightning Complex,CA-CZU-005205_seg_00669,2020-08-20,test,12.7,208.2,3951.0,0.029,0.039,182.9,13.5,79.4,0.184,3898.2,Dozer Line,6.5,Timber,1,Held
CA-CZU-005205,CZU Lightning Complex,CA-CZU-005205_seg_00670,2020-08-20,test,43.8,90.8,1172.2,0.699,0.347,219.2,103.0,26.2,0.897,-86.1,Dozer Line,6.5,Timber,0,Burned Over
CA-CZU-005205,CZU Lightning Complex,CA-CZU-005205_seg_00671,2020-08-20,test,38.3,448.9,572.5,0.884,0.126,226.6,175.3,38.7,0.78,-1018.9,Dozer Line,6.5,Timber,0,Burned Over
CA-CZU-005205,CZU Lightning Complex,CA-CZU-005205_seg_00672,2020-08-20,test,16.3,351.0,274.8,0.672,0.389,216.6,32.6,86.0,0.07,-935.0,Dozer Line,6.5,Timber,1,Held
CA-CZU-005205,CZU Lightning Complex,CA-CZU-005205_seg_00673,2020-08-20,test,27.4,50.0,1732.7,0.263,0.332,218.4,16.7,68.2,0.371,1260.1,Dozer Line,6.5,Timber,1,Held
CA-CZU-005205,CZU Lightning Complex,CA-CZU-005205_seg_00674,2020-08-20,test,32.7,546.0,695.6,0.895,0.077,212.2,106.4,15.8,0.962,-914.7,Road as Line,9.0,Timber,1,Held
CA-CZU-005205,CZU Lightning Complex,CA-CZU-005205_seg_00675,2020-08-20,test,25.3,500.1,617.4,0.801,0.196,227.1,132.5,4.6,0.997,-824.4,Dozer Line,6.5,Timber,0,Burned Over
CA-CZU-005205,CZU Lightning Complex,CA-CZU-005205_seg_00676,2020-08-20,test,39.3,413.6,1266.0,0.734,0.331,260.7,173.3,2.6,0.999,-54.9,Dozer Line,6.5,Timber,0,Burned Over
CA-CZU-005205,CZU Lightning Complex,CA-CZU-005205_seg_00677,2020-08-20,test,32.9,291.9,682.8,0.875,0.114,206.0,15.3,79.4,0.185,-891.6,Road as Line,9.0,Timber,1,Held
CA-CZU-005205,CZU Lightning Complex,CA-CZU-005205_seg_00678,2020-08-20,test,28.3,350.2,1093.7,0.706,0.197,239.8,144.1,5.7,0.995,-176.8,Dozer Line,6.5,Timber,0,Burned Over
CA-CZU-005205,CZU Lightning Complex,CA-CZU-005205_seg_00679,2020-08-20,test,7.0,194.9,1926.7,0.137,0.155,205.3,45.8,69.4,0.351,1680.2,Dozer Line,6.5,Timber,1,Held
CA-CZU-005205,CZU Lightning Complex,CA-CZU-005205_seg_00680,2020-08-20,test,36.3,77.9,1845.3,0.323,0.194,197.6,176.4,68.8,0.362,1264.3,Road as Line,9.0,Timber,1,Held
CA-CZU-005205,CZU Lightning Complex,CA-CZU-005205_seg_00681,2020-08-20,test,21.1,327.4,493.3,0.728,0.201,202.0,54.4,57.6,0.536,-817.3,Road as Line,9.0,Timber,1,Held
CA-CZU-005205,CZU Lightning Complex,CA-CZU-005205_seg_00682,2020-08-20,test,31.9,195.5,252.3,0.932,0.071,240.2,152.8,2.6,0.999,-1424.7,Dozer Line,6.5,Timber,0,Burned Over
CA-CZU-005205,CZU Lightning Complex,CA-CZU-005205_seg_00683,2020-08-20,test,6.2,383.7,728.6,0.686,0.228,230.7,149.6,8.9,0.988,-506.7,Dozer Line,6.5,Timber,0,Burned Over
CA-CZU-005205,CZU Lightning Complex,CA-CZU-005205_seg_00684,2020-08-20,test,29.2,306.8,287.2,0.65,0.317,219.0,14.1,65.0,0.422,-882.6,Completed Hand Line,2.0,Timber,0,Burned Over
CA-CZU-005205,CZU Lightning Complex,CA-CZU-005205_seg_00685,2020-08-20,test,18.5,389.5,859.4,0.723,0.178,214.2,106.9,17.2,0.955,-441.6,Dozer Line,6.5,Timber,1,Held
CA-CZU-005205,CZU Lightning Complex,CA-CZU-005205_seg_00686,2020-08-20,test,19.3,382.5,853.9,0.438,0.274,235.3,67.9,77.4,0.218,64.6,Road as Line,9.0,Timber,1,Held
CA-CZU-005205,CZU Lightning Complex,CA-CZU-005205_seg_00687,2020-08-20,test,24.4,271.9,2729.9,0.162,0.158,201.3,160.0,48.7,0.661,2439.0,Dozer Line,6.5,Timber,1,Held
CA-CZU-005205,CZU Lightning Complex,CA-CZU-005205_seg_00688,2020-08-20,test,24.4,376.8,280.2,0.8,0.214,233.8,70.4,73.4,0.285,-1160.6,Road as Line,9.0,Timber,1,Held
CA-CZU-005205,CZU Lightning Complex,CA-CZU-005205_seg_00689,2020-08-20,test,17.2,254.9,927.3,0.724,0.323,205.8,152.2,36.4,0.805,-376.4,Road as Line,9.0,Timber,1,Held
CA-CZU-005205,CZU Lightning Complex,CA-CZU-005205_seg_00690,2020-08-20,test,40.9,604.0,1300.1,0.795,0.249,194.0,135.4,31.4,0.853,-131.7,Dozer Line,6.5,Timber,0,Burned Over
CA-CZU-005205,CZU Lightning Complex,CA-CZU-005205_seg_00691,2020-08-20,test,23.5,209.9,3537.1,0.069,0.079,226.5,34.2,77.6,0.214,3412.9,Road as Line,9.0,Timber,1,Held
CA-CZU-005205,CZU Lightning Complex,CA-CZU-005205_seg_00692,2020-08-20,test,33.0,418.7,1484.6,0.641,0.324,202.9,125.9,12.9,0.975,330.7,Completed Hand Line,2.0,Timber,0,Burned Over
CA-CZU-005205,CZU Lightning Complex,CA-CZU-005205_seg_00693,2020-08-20,test,41.6,170.5,1435.9,0.807,0.226,220.8,126.7,4.1,0.997,-16.2,Completed Hand Line,2.0,Timber,0,Burned Over
CA-CZU-005205,CZU Lightning Complex,CA-CZU-005205_seg_00694,2020-08-20,test,33.6,427.4,272.4,0.9,0.145,200.4,90.5,19.9,0.94,-1347.1,Dozer Line,6.5,Timber,0,Burned Over
CA-CZU-005205,CZU Lightning Complex,CA-CZU-005205_seg_00695,2020-08-20,test,18.9,276.7,1266.1,0.502,0.306,242.3,175.9,23.6,0.917,363.3,Road as Line,9.0,Timber,1,Held
CA-CZU-005205,CZU Lightning Complex,CA-CZU-005205_seg_00696,2020-08-20,test,12.6,274.8,472.2,0.608,0.365,218.8,96.9,31.9,0.849,-621.7,Road as Line,9.0,Timber,1,Held
CA-CZU-005205,CZU Lightning Complex,CA-CZU-005205_seg_00697,2020-08-20,test,20.3,330.6,1598.0,0.427,0.249,212.0,104.5,17.5,0.954,829.6,Dozer Line,6.5,Timber,1,Held
CA-CZU-005205,CZU Lightning Complex,CA-CZU-005205_seg_00698,2020-08-20,test,27.2,409.2,1687.1,0.324,0.263,215.1,45.4,79.7,0.179,1103.6,Completed Hand Line,2.0,Timber,1,Held
CA-CZU-005205,CZU Lightning Complex,CA-CZU-005205_seg_00699,2020-08-20,test,16.3,52.0,190.3,0.736,0.186,244.4,89.0,65.3,0.418,-1134.4,Road as Line,9.0,Timber,1,Held
CA-CZU-005205,CZU Lightning Complex,CA-CZU-005205_seg_00700,2020-08-20,test,23.1,627.1,497.6,0.717,0.327,191.0,36.2,64.8,0.426,-793.2,Completed Hand Line,2.0,Timber,1,Held
CA-CZU-005205,CZU Lightning Complex,CA-CZU-005205_seg_00701,2020-08-20,test,19.4,662.0,1272.8,0.728,0.159,197.3,102.7,4.6,0.997,-36.9,Dozer Line,6.5,Timber,1,Held
CA-CZU-005205,CZU Lightning Complex,CA-CZU-005205_seg_00702,2020-08-20,test,4.0,505.6,549.1,0.647,0.403,172.7,111.9,29.2,0.873,-615.2,Dozer Line,6.5,Timber,1,Held
CA-CZU-005205,CZU Lightning Complex,CA-CZU-005205_seg_00703,2020-08-20,test,16.1,363.5,227.5,0.838,0.129,221.0,128.2,2.8,0.999,-1280.4,Dozer Line,6.5,Timber,1,Held
CA-CZU-005205,CZU Lightning Complex,CA-CZU-005205_seg_00704,2020-08-20,test,17.1,384.3,387.2,0.639,0.365,207.7,5.1,67.4,0.384,-762.5,Dozer Line,6.5,Timber,1,Held
CA-CZU-005205,CZU Lightning Complex,CA-CZU-005205_seg_00705,2020-08-20,test,14.4,452.4,217.6,0.862,0.11,198.9,111.0,2.1,0.999,-1333.7,Road as Line,9.0,Timber,1,Held
CA-CZU-005205,CZU Lightning Complex,CA-CZU-005205_seg_00706,2020-08-20,test,49.4,374.5,934.9,0.82,0.255,212.2,89.0,33.2,0.837,-540.5,Dozer Line,6.5,Timber,0,Burned Over
CA-CZU-005205,CZU Lightning Complex,CA-CZU-005205_seg_00707,2020-08-20,test,41.5,467.4,2898.3,0.171,0.157,193.4,44.2,59.2,0.513,2589.9,Road as Line,9.0,Timber,1,Held
CA-CZU-005205,CZU Lightning Complex,CA-CZU-005205_seg_00708,2020-08-20,test,20.7,463.3,417.5,0.657,0.2,220.3,52.4,77.9,0.209,-764.5,Dozer Line,6.5,Timber,1,Held
CA-CZU-005205,CZU Lightning Complex,CA-CZU-005205_seg_00709,2020-08-20,test,9.0,249.9,1763.4,0.339,0.261,211.9,119.1,2.9,0.999,1153.1,Road as Line,9.0,Timber,0,Burned Over
CA-CZU-005205,CZU Lightning Complex,CA-CZU-005205_seg_00710,2020-08-20,test,21.8,443.2,944.1,0.334,0.223,252.0,87.4,74.6,0.265,343.4,Road as Line,9.0,Timber,1,Held
CA-CZU-005205,CZU Lightning Complex,CA-CZU-005205_seg_00711,2020-08-20,test,21.2,369.4,2306.7,0.303,0.321,218.4,136.5,8.1,0.99,1760.8,Dozer Line,6.5,Timber,1,Held
CA-CZU-005205,CZU Lightning Complex,CA-CZU-005205_seg_00712,2020-08-20,test,23.1,319.7,170.4,0.853,0.121,198.2,68.9,39.3,0.774,-1364.2,Dozer Line,6.5,Timber,0,Burned Over
CA-CZU-005205,CZU Lightning Complex,CA-CZU-005205_seg_00713,2020-08-20,test,23.2,587.0,256.5,0.682,0.347,211.6,20.4,78.8,0.194,-971.6,Completed Hand Line,2.0,Timber,1,Held
CA-CZU-005205,CZU Lightning Complex,CA-CZU-005205_seg_00714,2020-08-20,test,17.7,535.7,5000.0,0.004,0.007,191.3,159.7,58.4,0.524,4992.3,Dozer Line,6.5,Timber,1,Held
CA-CZU-005205,CZU Lightning Complex,CA-CZU-005205_seg_00715,2020-08-20,test,30.4,104.5,681.3,0.807,0.265,199.3,43.2,66.1,0.405,-771.8,Road as Line,9.0,Timber,1,Held
CA-CZU-005205,CZU Lightning Complex,CA-CZU-005205_seg_00716,2020-08-20,test,18.1,509.5,744.5,0.514,0.298,188.4,33.3,65.1,0.421,-180.3,Dozer Line,6.5,Timber,1,Held
CA-CZU-005205,CZU Lightning Complex,CA-CZU-005205_seg_00717,2020-08-20,test,23.9,270.8,221.2,0.874,0.157,235.6,112.1,33.5,0.834,-1351.4,Dozer Line,6.5,Timber,1,Held
CA-CZU-005205,CZU Lightning Complex,CA-CZU-005205_seg_00718,2020-08-20,test,12.6,252.5,695.4,0.708,0.243,185.9,112.0,16.0,0.961,-579.2,Dozer Line,6.5,Timber,1,Held
CA-CZU-005205,CZU Lightning Complex,CA-CZU-005205_seg_00719,2020-08-20,test,5.8,166.8,179.8,0.689,0.218,223.5,149.7,16.2,0.96,-1061.1,Completed Hand Line,2.0,Timber,1,Held
CA-CZU-005205,CZU Lightning Complex,CA-CZU-005205_seg_00720,2020-08-20,test,22.4,638.3,570.3,0.484,0.373,190.9,170.6,69.8,0.346,-300.0,Road as Line,9.0,Timber,1,Held
CA-CZU-005205,CZU Lightning Complex,CA-CZU-005205_seg_00721,2020-08-20,test,17.0,351.0,1102.5,0.468,0.206,204.8,100.3,14.5,0.968,260.6,Dozer Line,6.5,Timber,0,Burned Over
CA-CZU-005205,CZU Lightning Complex,CA-CZU-005205_seg_00722,2020-08-20,test,3.5,285.3,1516.6,0.218,0.189,202.6,166.4,53.8,0.59,1124.7,Completed Hand Line,2.0,Timber,1,Held
CA-CZU-005205,CZU Lightning Complex,CA-CZU-005205_seg_00723,2020-08-20,test,25.1,334.7,1711.5,0.152,0.163,195.8,18.9,87.0,0.053,1437.9,Completed Hand Line,2.0,Timber,1,Held
CA-CZU-005205,CZU Lightning Complex,CA-CZU-005205_seg_00724,2020-08-20,test,13.2,353.7,1287.0,0.407,0.374,233.1,59.1,84.0,0.104,553.7,Road as Line,9.0,Timber,1,Held
CA-CZU-005205,CZU Lightning Complex,CA-CZU-005205_seg_00725,2020-08-20,test,23.0,351.3,382.2,0.705,0.177,206.6,177.3,60.7,0.489,-886.6,Road as Line,9.0,Timber,1,Held
CA-CZU-005205,CZU Lightning Complex,CA-CZU-005205_seg_00726,2020-08-20,test,25.9,455.2,1241.9,0.743,0.312,218.6,135.4,6.9,0.993,-95.3,Dozer Line,6.5,Timber,0,Burned Over
CA-CZU-005205,CZU Lightning Complex,CA-CZU-005205_seg_00727,2020-08-20,test,29.8,434.3,218.9,0.721,0.347,211.7,10.1,68.4,0.368,-1079.1,Road as Line,9.0,Timber,1,Held
CA-CZU-005205,CZU Lightning Complex,CA-CZU-005205_seg_00728,2020-08-20,test,18.4,403.8,737.5,0.569,0.346,187.2,18.6,78.6,0.197,-286.5,Dozer Line,6.5,Timber,1,Held
CA-CZU-005205,CZU Lightning Complex,CA-CZU-005205_seg_00729,2020-08-20,test,40.6,526.4,693.9,0.663,0.218,224.3,38.5,84.3,0.1,-499.1,Road as Line,9.0,Timber,1,Held
CA-CZU-005205,CZU Lightning Complex,CA-CZU-005205_seg_00730,2020-08-20,test,28.8,331.3,375.2,0.829,0.198,226.3,104.4,31.9,0.849,-1116.8,Road as Line,9.0,Timber,0,Burned Over
CA-CZU-005205,CZU Lightning Complex,CA-CZU-005205_seg_00731,2020-08-20,test,39.9,312.1,3159.4,0.169,0.14,211.5,89.7,31.7,0.85,2855.6,Road as Line,9.0,Timber,1,Held
CA-CZU-005205,CZU Lightning Complex,CA-CZU-005205_seg_00732,2020-08-20,test,15.7,437.4,564.6,0.741,0.328,185.0,75.1,19.9,0.941,-770.1,Completed Hand Line,2.0,Timber,0,Burned Over
CA-CZU-005205,CZU Lightning Complex,CA-CZU-005205_seg_00733,2020-08-20,test,18.7,479.5,1690.1,0.578,0.405,198.9,89.4,19.5,0.943,649.4,Completed Hand Line,2.0,Timber,1,Held
CA-CZU-005205,CZU Lightning Complex,CA-CZU-005205_seg_00734,2020-08-20,test,10.9,356.5,2546.8,0.197,0.228,227.7,166.2,28.5,0.879,2193.0,Dozer Line,6.5,Timber,0,Burned Over
CA-CZU-005205,CZU Lightning Complex,CA-CZU-005205_seg_00735,2020-08-20,test,34.3,299.0,2622.3,0.207,0.231,192.7,0.5,77.8,0.21,2250.1,Road as Line,9.0,Timber,1,Held
CA-CZU-005205,CZU Lightning Complex,CA-CZU-005205_seg_00736,2020-08-20,test,29.1,611.9,777.5,0.753,0.221,259.2,124.0,45.3,0.704,-577.9,Road as Line,9.0,Timber,0,Burned Over
CA-CZU-005205,CZU Lightning Complex,CA-CZU-005205_seg_00737,2020-08-20,test,23.9,344.5,798.6,0.522,0.414,211.5,53.2,68.2,0.371,-140.5,Road as Line,9.0,Timber,1,Held
CA-CZU-005205,CZU Lightning Complex,CA-CZU-005205_seg_00738,2020-08-20,test,31.6,449.1,1892.7,0.256,0.186,220.0,19.8,69.8,0.345,1432.3,Completed Hand Line,2.0,Timber,1,Held
CA-CZU-005205,CZU Lightning Complex,CA-CZU-005205_seg_00739,2020-08-20,test,1.0,546.0,323.2,0.595,0.423,195.1,158.2,53.1,0.6,-748.5,Dozer Line,6.5,Timber,1,Held
CA-CZU-005205,CZU Lightning Complex,CA-CZU-005205_seg_00740,2020-08-20,test,43.5,356.7,604.2,0.916,0.135,234.5,113.4,31.1,0.857,-1044.4,Dozer Line,6.5,Timber,0,Burned Over
